Ti.IrO2 (100%)/1	
θ/2θ, °	Intensity, cps
5	800
5.01000022888184	840
5.01999998092651	786.666687011719
5.03000020980835	780
5.03999996185303	686.666687011719
5.05000019073486	680
5.05999994277954	740
5.07000017166138	700
5.07999992370605	726.666687011719
5.09000015258789	773.333312988281
5.09999990463257	746.666687011719
5.1100001335144	786.666687011719
5.11999988555908	700
5.13000011444092	800
5.1399998664856	646.666687011719
5.15000009536743	806.666687011719
5.15999984741211	806.666687011719
5.17000007629395	746.666687011719
5.17999982833862	766.666687011719
5.19000005722046	840
5.19999980926514	893.333312988281
5.21000003814697	946.666687011719
5.21999979019165	753.333312988281
5.23000001907349	713.333312988281
5.23999977111816	806.666687011719
5.25	713.333312988281
5.26000022888184	833.333312988281
5.26999998092651	886.666687011719
5.28000020980835	813.333312988281
5.28999996185303	800
5.30000019073486	753.333312988281
5.30999994277954	713.333312988281
5.32000017166138	853.333312988281
5.32999992370605	726.666687011719
5.34000015258789	733.333312988281
5.34999990463257	813.333312988281
5.3600001335144	853.333312988281
5.36999988555908	800
5.38000011444092	713.333312988281
5.3899998664856	793.333312988281
5.40000009536743	800
5.40999984741211	753.333312988281
5.42000007629395	706.666687011719
5.42999982833862	800
5.44000005722046	833.333312988281
5.44999980926514	806.666687011719
5.46000003814697	753.333312988281
5.46999979019165	820
5.48000001907349	813.333312988281
5.48999977111816	766.666687011719
5.5	746.666687011719
5.51000022888184	780
5.51999998092651	780
5.53000020980835	766.666687011719
5.53999996185303	846.666687011719
5.55000019073486	706.666687011719
5.55999994277954	900
5.57000017166138	753.333312988281
5.57999992370605	780
5.59000015258789	926.666687011719
5.59999990463257	820
5.6100001335144	766.666687011719
5.61999988555908	906.666687011719
5.63000011444092	820
5.6399998664856	786.666687011719
5.65000009536743	826.666687011719
5.65999984741211	806.666687011719
5.67000007629395	906.666687011719
5.67999982833862	873.333312988281
5.69000005722046	853.333312988281
5.69999980926514	740
5.71000003814697	806.666687011719
5.71999979019165	733.333312988281
5.73000001907349	833.333312988281
5.73999977111816	833.333312988281
5.75	766.666687011719
5.76000022888184	820
5.76999998092651	773.333312988281
5.78000020980835	740
5.78999996185303	713.333312988281
5.80000019073486	780
5.80999994277954	833.333312988281
5.82000017166138	913.333312988281
5.82999992370605	866.666687011719
5.84000015258789	800
5.84999990463257	900
5.8600001335144	826.666687011719
5.86999988555908	800
5.88000011444092	886.666687011719
5.8899998664856	906.666687011719
5.90000009536743	833.333312988281
5.90999984741211	826.666687011719
5.92000007629395	926.666687011719
5.92999982833862	853.333312988281
5.94000005722046	973.333312988281
5.94999980926514	906.666687011719
5.96000003814697	940
5.96999979019165	833.333312988281
5.98000001907349	780
5.98999977111816	933.333312988281
6	946.666687011719
6.01000022888184	900
6.01999998092651	906.666687011719
6.03000020980835	786.666687011719
6.03999996185303	893.333312988281
6.05000019073486	873.333312988281
6.05999994277954	906.666687011719
6.07000017166138	873.333312988281
6.07999992370605	920
6.09000015258789	833.333312988281
6.09999990463257	806.666687011719
6.1100001335144	813.333312988281
6.11999988555908	853.333312988281
6.13000011444092	866.666687011719
6.1399998664856	846.666687011719
6.15000009536743	813.333312988281
6.15999984741211	853.333312988281
6.17000007629395	746.666687011719
6.17999982833862	986.666687011719
6.19000005722046	760
6.19999980926514	753.333312988281
6.21000003814697	913.333312988281
6.21999979019165	933.333312988281
6.23000001907349	873.333312988281
6.23999977111816	1006.66668701172
6.25	813.333312988281
6.26000022888184	833.333312988281
6.26999998092651	773.333312988281
6.28000020980835	980
6.28999996185303	980
6.30000019073486	866.666687011719
6.30999994277954	826.666687011719
6.32000017166138	973.333312988281
6.32999992370605	933.333312988281
6.34000015258789	873.333312988281
6.34999990463257	926.666687011719
6.3600001335144	1000
6.36999988555908	933.333312988281
6.38000011444092	920
6.3899998664856	820
6.40000009536743	1006.66668701172
6.40999984741211	686.666687011719
6.42000007629395	853.333312988281
6.42999982833862	733.333312988281
6.44000005722046	866.666687011719
6.44999980926514	926.666687011719
6.46000003814697	806.666687011719
6.46999979019165	846.666687011719
6.48000001907349	966.666687011719
6.48999977111816	840
6.5	866.666687011719
6.51000022888184	753.333312988281
6.51999998092651	893.333312988281
6.53000020980835	920
6.53999996185303	780
6.55000019073486	793.333312988281
6.55999994277954	906.666687011719
6.57000017166138	933.333312988281
6.57999992370605	1020
6.59000015258789	853.333312988281
6.59999990463257	900
6.6100001335144	820
6.61999988555908	866.666687011719
6.63000011444092	880
6.6399998664856	940
6.65000009536743	826.666687011719
6.65999984741211	806.666687011719
6.67000007629395	886.666687011719
6.67999982833862	786.666687011719
6.69000005722046	880
6.69999980926514	913.333312988281
6.71000003814697	953.333312988281
6.71999979019165	913.333312988281
6.73000001907349	973.333312988281
6.73999977111816	913.333312988281
6.75	946.666687011719
6.76000022888184	893.333312988281
6.76999998092651	926.666687011719
6.78000020980835	873.333312988281
6.78999996185303	773.333312988281
6.80000019073486	813.333312988281
6.80999994277954	853.333312988281
6.82000017166138	900
6.82999992370605	780
6.84000015258789	846.666687011719
6.84999990463257	813.333312988281
6.8600001335144	940
6.86999988555908	913.333312988281
6.88000011444092	826.666687011719
6.8899998664856	833.333312988281
6.90000009536743	880
6.90999984741211	893.333312988281
6.92000007629395	973.333312988281
6.92999982833862	846.666687011719
6.94000005722046	853.333312988281
6.94999980926514	900
6.96000003814697	900
6.96999979019165	766.666687011719
6.98000001907349	806.666687011719
6.98999977111816	800
7	906.666687011719
7.01000022888184	820
7.01999998092651	973.333312988281
7.03000020980835	980
7.03999996185303	833.333312988281
7.05000019073486	880
7.05999994277954	913.333312988281
7.07000017166138	926.666687011719
7.07999992370605	846.666687011719
7.09000015258789	893.333312988281
7.09999990463257	906.666687011719
7.1100001335144	806.666687011719
7.11999988555908	706.666687011719
7.13000011444092	813.333312988281
7.1399998664856	946.666687011719
7.15000009536743	840
7.15999984741211	853.333312988281
7.17000007629395	886.666687011719
7.17999982833862	746.666687011719
7.19000005722046	853.333312988281
7.19999980926514	866.666687011719
7.21000003814697	806.666687011719
7.21999979019165	933.333312988281
7.23000001907349	793.333312988281
7.23999977111816	906.666687011719
7.25	766.666687011719
7.26000022888184	800
7.26999998092651	793.333312988281
7.28000020980835	786.666687011719
7.28999996185303	820
7.30000019073486	806.666687011719
7.30999994277954	946.666687011719
7.32000017166138	853.333312988281
7.32999992370605	926.666687011719
7.34000015258789	866.666687011719
7.34999990463257	893.333312988281
7.3600001335144	880
7.36999988555908	866.666687011719
7.38000011444092	953.333312988281
7.3899998664856	900
7.40000009536743	833.333312988281
7.40999984741211	766.666687011719
7.42000007629395	1046.66662597656
7.42999982833862	820
7.44000005722046	900
7.44999980926514	766.666687011719
7.46000003814697	806.666687011719
7.46999979019165	800
7.48000001907349	806.666687011719
7.48999977111816	786.666687011719
7.5	866.666687011719
7.51000022888184	846.666687011719
7.51999998092651	733.333312988281
7.53000020980835	866.666687011719
7.53999996185303	853.333312988281
7.55000019073486	840
7.55999994277954	846.666687011719
7.57000017166138	793.333312988281
7.57999992370605	820
7.59000015258789	886.666687011719
7.59999990463257	780
7.6100001335144	760
7.61999988555908	700
7.63000011444092	806.666687011719
7.6399998664856	900
7.65000009536743	786.666687011719
7.65999984741211	853.333312988281
7.67000007629395	806.666687011719
7.67999982833862	713.333312988281
7.69000005722046	780
7.69999980926514	873.333312988281
7.71000003814697	726.666687011719
7.71999979019165	793.333312988281
7.73000001907349	706.666687011719
7.73999977111816	793.333312988281
7.75	820
7.76000022888184	840
7.76999998092651	786.666687011719
7.78000020980835	766.666687011719
7.78999996185303	713.333312988281
7.80000019073486	813.333312988281
7.80999994277954	700
7.82000017166138	866.666687011719
7.82999992370605	833.333312988281
7.84000015258789	753.333312988281
7.84999990463257	913.333312988281
7.8600001335144	726.666687011719
7.86999988555908	780
7.88000011444092	726.666687011719
7.8899998664856	760
7.90000009536743	746.666687011719
7.90999984741211	720
7.92000007629395	773.333312988281
7.92999982833862	753.333312988281
7.94000005722046	746.666687011719
7.94999980926514	866.666687011719
7.96000003814697	840
7.96999979019165	720
7.98000001907349	866.666687011719
7.98999977111816	766.666687011719
8	786.666687011719
8.01000022888184	806.666687011719
8.02000045776367	773.333312988281
8.02999973297119	913.333312988281
8.03999996185303	866.666687011719
8.05000019073486	733.333312988281
8.0600004196167	720
8.06999969482422	773.333312988281
8.07999992370605	733.333312988281
8.09000015258789	766.666687011719
8.10000038146973	866.666687011719
8.10999965667725	673.333312988281
8.11999988555908	660
8.13000011444092	713.333312988281
8.14000034332275	806.666687011719
8.14999961853027	800
8.15999984741211	720
8.17000007629395	693.333312988281
8.18000030517578	826.666687011719
8.1899995803833	853.333312988281
8.19999980926514	793.333312988281
8.21000003814697	786.666687011719
8.22000026702881	680
8.22999954223633	833.333312988281
8.23999977111816	733.333312988281
8.25	766.666687011719
8.26000022888184	833.333312988281
8.27000045776367	866.666687011719
8.27999973297119	600
8.28999996185303	786.666687011719
8.30000019073486	626.666687011719
8.3100004196167	726.666687011719
8.31999969482422	660
8.32999992370605	726.666687011719
8.34000015258789	806.666687011719
8.35000038146973	846.666687011719
8.35999965667725	746.666687011719
8.36999988555908	686.666687011719
8.38000011444092	633.333312988281
8.39000034332275	693.333312988281
8.39999961853027	660
8.40999984741211	653.333312988281
8.42000007629395	733.333312988281
8.43000030517578	726.666687011719
8.4399995803833	646.666687011719
8.44999980926514	733.333312988281
8.46000003814697	633.333312988281
8.47000026702881	620
8.47999954223633	580
8.48999977111816	626.666687011719
8.5	840
8.51000022888184	780
8.52000045776367	826.666687011719
8.52999973297119	720
8.53999996185303	700
8.55000019073486	726.666687011719
8.5600004196167	740
8.56999969482422	786.666687011719
8.57999992370605	806.666687011719
8.59000015258789	733.333312988281
8.60000038146973	786.666687011719
8.60999965667725	726.666687011719
8.61999988555908	726.666687011719
8.63000011444092	780
8.64000034332275	800
8.64999961853027	640
8.65999984741211	646.666687011719
8.67000007629395	660
8.68000030517578	653.333312988281
8.6899995803833	666.666687011719
8.69999980926514	813.333312988281
8.71000003814697	666.666687011719
8.72000026702881	720
8.72999954223633	826.666687011719
8.73999977111816	600
8.75	680
8.76000022888184	706.666687011719
8.77000045776367	713.333312988281
8.77999973297119	706.666687011719
8.78999996185303	686.666687011719
8.80000019073486	800
8.8100004196167	633.333312988281
8.81999969482422	773.333312988281
8.82999992370605	800
8.84000015258789	666.666687011719
8.85000038146973	746.666687011719
8.85999965667725	646.666687011719
8.86999988555908	680
8.88000011444092	646.666687011719
8.89000034332275	693.333312988281
8.89999961853027	813.333312988281
8.90999984741211	673.333312988281
8.92000007629395	580
8.93000030517578	600
8.9399995803833	586.666687011719
8.94999980926514	620
8.96000003814697	640
8.97000026702881	640
8.97999954223633	566.666687011719
8.98999977111816	746.666687011719
9	620
9.01000022888184	673.333312988281
9.02000045776367	606.666687011719
9.02999973297119	686.666687011719
9.03999996185303	673.333312988281
9.05000019073486	646.666687011719
9.0600004196167	666.666687011719
9.06999969482422	706.666687011719
9.07999992370605	673.333312988281
9.09000015258789	733.333312988281
9.10000038146973	673.333312988281
9.10999965667725	660
9.11999988555908	626.666687011719
9.13000011444092	640
9.14000034332275	686.666687011719
9.14999961853027	673.333312988281
9.15999984741211	740
9.17000007629395	533.333312988281
9.18000030517578	706.666687011719
9.1899995803833	740
9.19999980926514	640
9.21000003814697	700
9.22000026702881	566.666687011719
9.22999954223633	633.333312988281
9.23999977111816	726.666687011719
9.25	640
9.26000022888184	573.333312988281
9.27000045776367	700
9.27999973297119	673.333312988281
9.28999996185303	506.666656494141
9.30000019073486	606.666687011719
9.3100004196167	653.333312988281
9.31999969482422	693.333312988281
9.32999992370605	573.333312988281
9.34000015258789	726.666687011719
9.35000038146973	580
9.35999965667725	746.666687011719
9.36999988555908	693.333312988281
9.38000011444092	573.333312988281
9.39000034332275	720
9.39999961853027	653.333312988281
9.40999984741211	553.333312988281
9.42000007629395	646.666687011719
9.43000030517578	600
9.4399995803833	626.666687011719
9.44999980926514	640
9.46000003814697	740
9.47000026702881	706.666687011719
9.47999954223633	586.666687011719
9.48999977111816	573.333312988281
9.5	593.333312988281
9.51000022888184	560
9.52000045776367	573.333312988281
9.52999973297119	620
9.53999996185303	606.666687011719
9.55000019073486	760
9.5600004196167	640
9.56999969482422	573.333312988281
9.57999992370605	580
9.59000015258789	440
9.60000038146973	666.666687011719
9.60999965667725	580
9.61999988555908	720
9.63000011444092	633.333312988281
9.64000034332275	613.333312988281
9.64999961853027	546.666687011719
9.65999984741211	660
9.67000007629395	593.333312988281
9.68000030517578	640
9.6899995803833	646.666687011719
9.69999980926514	720
9.71000003814697	613.333312988281
9.72000026702881	606.666687011719
9.72999954223633	773.333312988281
9.73999977111816	553.333312988281
9.75	566.666687011719
9.76000022888184	653.333312988281
9.77000045776367	553.333312988281
9.77999973297119	540
9.78999996185303	673.333312988281
9.80000019073486	553.333312988281
9.8100004196167	733.333312988281
9.81999969482422	773.333312988281
9.82999992370605	680
9.84000015258789	680
9.85000038146973	646.666687011719
9.85999965667725	546.666687011719
9.86999988555908	500
9.88000011444092	646.666687011719
9.89000034332275	633.333312988281
9.89999961853027	593.333312988281
9.90999984741211	566.666687011719
9.92000007629395	580
9.93000030517578	593.333312988281
9.9399995803833	613.333312988281
9.94999980926514	640
9.96000003814697	693.333312988281
9.97000026702881	640
9.97999954223633	520
9.98999977111816	600
10	580
10.0100002288818	586.666687011719
10.0200004577637	553.333312988281
10.0299997329712	520
10.039999961853	646.666687011719
10.0500001907349	660
10.0600004196167	626.666687011719
10.0699996948242	660
10.0799999237061	680
10.0900001525879	540
10.1000003814697	586.666687011719
10.1099996566772	706.666687011719
10.1199998855591	626.666687011719
10.1300001144409	520
10.1400003433228	560
10.1499996185303	573.333312988281
10.1599998474121	586.666687011719
10.1700000762939	586.666687011719
10.1800003051758	613.333312988281
10.1899995803833	566.666687011719
10.1999998092651	546.666687011719
10.210000038147	666.666687011719
10.2200002670288	673.333312988281
10.2299995422363	546.666687011719
10.2399997711182	553.333312988281
10.25	526.666687011719
10.2600002288818	620
10.2700004577637	533.333312988281
10.2799997329712	660
10.289999961853	506.666656494141
10.3000001907349	586.666687011719
10.3100004196167	606.666687011719
10.3199996948242	560
10.3299999237061	726.666687011719
10.3400001525879	520
10.3500003814697	620
10.3599996566772	606.666687011719
10.3699998855591	493.333343505859
10.3800001144409	613.333312988281
10.3900003433228	533.333312988281
10.3999996185303	533.333312988281
10.4099998474121	606.666687011719
10.4200000762939	560
10.4300003051758	600
10.4399995803833	626.666687011719
10.4499998092651	606.666687011719
10.460000038147	566.666687011719
10.4700002670288	600
10.4799995422363	640
10.4899997711182	420
10.5	586.666687011719
10.5100002288818	520
10.5200004577637	593.333312988281
10.5299997329712	453.333343505859
10.539999961853	500
10.5500001907349	573.333312988281
10.5600004196167	480
10.5699996948242	600
10.5799999237061	453.333343505859
10.5900001525879	526.666687011719
10.6000003814697	566.666687011719
10.6099996566772	540
10.6199998855591	500
10.6300001144409	566.666687011719
10.6400003433228	580
10.6499996185303	533.333312988281
10.6599998474121	533.333312988281
10.6700000762939	526.666687011719
10.6800003051758	526.666687011719
10.6899995803833	540
10.6999998092651	546.666687011719
10.710000038147	533.333312988281
10.7200002670288	560
10.7299995422363	686.666687011719
10.7399997711182	506.666656494141
10.75	580
10.7600002288818	433.333343505859
10.7700004577637	546.666687011719
10.7799997329712	500
10.789999961853	526.666687011719
10.8000001907349	373.333343505859
10.8100004196167	580
10.8199996948242	553.333312988281
10.8299999237061	506.666656494141
10.8400001525879	500
10.8500003814697	553.333312988281
10.8599996566772	593.333312988281
10.8699998855591	553.333312988281
10.8800001144409	513.333312988281
10.8900003433228	553.333312988281
10.8999996185303	586.666687011719
10.9099998474121	540
10.9200000762939	573.333312988281
10.9300003051758	646.666687011719
10.9399995803833	453.333343505859
10.9499998092651	473.333343505859
10.960000038147	553.333312988281
10.9700002670288	473.333343505859
10.9799995422363	493.333343505859
10.9899997711182	473.333343505859
11	573.333312988281
11.0100002288818	513.333312988281
11.0200004577637	533.333312988281
11.0299997329712	493.333343505859
11.039999961853	493.333343505859
11.0500001907349	573.333312988281
11.0600004196167	506.666656494141
11.0699996948242	493.333343505859
11.0799999237061	553.333312988281
11.0900001525879	493.333343505859
11.1000003814697	460
11.1099996566772	626.666687011719
11.1199998855591	633.333312988281
11.1300001144409	560
11.1400003433228	360
11.1499996185303	633.333312988281
11.1599998474121	486.666656494141
11.1700000762939	493.333343505859
11.1800003051758	560
11.1899995803833	540
11.1999998092651	446.666656494141
11.210000038147	580
11.2200002670288	486.666656494141
11.2299995422363	540
11.2399997711182	546.666687011719
11.25	573.333312988281
11.2600002288818	500
11.2700004577637	520
11.2799997329712	453.333343505859
11.289999961853	546.666687011719
11.3000001907349	553.333312988281
11.3100004196167	560
11.3199996948242	533.333312988281
11.3299999237061	473.333343505859
11.3400001525879	486.666656494141
11.3500003814697	460
11.3599996566772	586.666687011719
11.3699998855591	553.333312988281
11.3800001144409	513.333312988281
11.3900003433228	586.666687011719
11.3999996185303	486.666656494141
11.4099998474121	500
11.4200000762939	446.666656494141
11.4300003051758	580
11.4399995803833	553.333312988281
11.4499998092651	560
11.460000038147	553.333312988281
11.4700002670288	506.666656494141
11.4799995422363	466.666656494141
11.4899997711182	506.666656494141
11.5	560
11.5100002288818	473.333343505859
11.5200004577637	466.666656494141
11.5299997329712	460
11.539999961853	513.333312988281
11.5500001907349	486.666656494141
11.5600004196167	520
11.5699996948242	546.666687011719
11.5799999237061	446.666656494141
11.5900001525879	393.333343505859
11.6000003814697	420
11.6099996566772	620
11.6199998855591	473.333343505859
11.6300001144409	506.666656494141
11.6400003433228	520
11.6499996185303	526.666687011719
11.6599998474121	560
11.6700000762939	593.333312988281
11.6800003051758	566.666687011719
11.6899995803833	453.333343505859
11.6999998092651	526.666687011719
11.710000038147	500
11.7200002670288	486.666656494141
11.7299995422363	546.666687011719
11.7399997711182	540
11.75	526.666687011719
11.7600002288818	533.333312988281
11.7700004577637	446.666656494141
11.7799997329712	446.666656494141
11.789999961853	526.666687011719
11.8000001907349	560
11.8100004196167	466.666656494141
11.8199996948242	406.666656494141
11.8299999237061	480
11.8400001525879	566.666687011719
11.8500003814697	453.333343505859
11.8599996566772	460
11.8699998855591	520
11.8800001144409	513.333312988281
11.8900003433228	400
11.8999996185303	500
11.9099998474121	453.333343505859
11.9200000762939	493.333343505859
11.9300003051758	506.666656494141
11.9399995803833	460
11.9499998092651	533.333312988281
11.960000038147	540
11.9700002670288	533.333312988281
11.9799995422363	526.666687011719
11.9899997711182	493.333343505859
12	486.666656494141
12.0100002288818	566.666687011719
12.0200004577637	453.333343505859
12.0299997329712	486.666656494141
12.039999961853	526.666687011719
12.0500001907349	573.333312988281
12.0600004196167	540
12.0699996948242	453.333343505859
12.0799999237061	486.666656494141
12.0900001525879	480
12.1000003814697	460
12.1099996566772	453.333343505859
12.1199998855591	493.333343505859
12.1300001144409	640
12.1400003433228	540
12.1499996185303	480
12.1599998474121	433.333343505859
12.1700000762939	506.666656494141
12.1800003051758	433.333343505859
12.1899995803833	413.333343505859
12.1999998092651	446.666656494141
12.210000038147	400
12.2200002670288	466.666656494141
12.2299995422363	566.666687011719
12.2399997711182	526.666687011719
12.25	466.666656494141
12.2600002288818	486.666656494141
12.2700004577637	520
12.2799997329712	473.333343505859
12.289999961853	453.333343505859
12.3000001907349	480
12.3100004196167	460
12.3199996948242	593.333312988281
12.3299999237061	446.666656494141
12.3400001525879	546.666687011719
12.3500003814697	413.333343505859
12.3599996566772	473.333343505859
12.3699998855591	493.333343505859
12.3800001144409	400
12.3900003433228	620
12.3999996185303	533.333312988281
12.4099998474121	533.333312988281
12.4200000762939	460
12.4300003051758	466.666656494141
12.4399995803833	406.666656494141
12.4499998092651	473.333343505859
12.460000038147	406.666656494141
12.4700002670288	553.333312988281
12.4799995422363	446.666656494141
12.4899997711182	473.333343505859
12.5	546.666687011719
12.5100002288818	453.333343505859
12.5200004577637	520
12.5299997329712	506.666656494141
12.539999961853	446.666656494141
12.5500001907349	380
12.5600004196167	380
12.5699996948242	486.666656494141
12.5799999237061	400
12.5900001525879	440
12.6000003814697	480
12.6099996566772	520
12.6199998855591	460
12.6300001144409	513.333312988281
12.6400003433228	440
12.6499996185303	480
12.6599998474121	440
12.6700000762939	540
12.6800003051758	453.333343505859
12.6899995803833	413.333343505859
12.6999998092651	460
12.710000038147	440
12.7200002670288	446.666656494141
12.7299995422363	526.666687011719
12.7399997711182	466.666656494141
12.75	526.666687011719
12.7600002288818	606.666687011719
12.7700004577637	486.666656494141
12.7799997329712	486.666656494141
12.789999961853	506.666656494141
12.8000001907349	446.666656494141
12.8100004196167	466.666656494141
12.8199996948242	353.333343505859
12.8299999237061	413.333343505859
12.8400001525879	493.333343505859
12.8500003814697	453.333343505859
12.8599996566772	513.333312988281
12.8699998855591	460
12.8800001144409	446.666656494141
12.8900003433228	480
12.8999996185303	473.333343505859
12.9099998474121	466.666656494141
12.9200000762939	460
12.9300003051758	466.666656494141
12.9399995803833	460
12.9499998092651	453.333343505859
12.960000038147	420
12.9700002670288	473.333343505859
12.9799995422363	446.666656494141
12.9899997711182	393.333343505859
13	446.666656494141
13.0100002288818	480
13.0200004577637	440
13.0299997329712	446.666656494141
13.039999961853	460
13.0500001907349	340
13.0600004196167	406.666656494141
13.0699996948242	553.333312988281
13.0799999237061	406.666656494141
13.0900001525879	413.333343505859
13.1000003814697	380
13.1099996566772	306.666656494141
13.1199998855591	400
13.1300001144409	420
13.1400003433228	486.666656494141
13.1499996185303	433.333343505859
13.1599998474121	400
13.1700000762939	393.333343505859
13.1800003051758	486.666656494141
13.1899995803833	506.666656494141
13.1999998092651	493.333343505859
13.210000038147	453.333343505859
13.2200002670288	413.333343505859
13.2299995422363	406.666656494141
13.2399997711182	480
13.25	453.333343505859
13.2600002288818	593.333312988281
13.2700004577637	393.333343505859
13.2799997329712	500
13.289999961853	393.333343505859
13.3000001907349	420
13.3100004196167	413.333343505859
13.3199996948242	386.666656494141
13.3299999237061	446.666656494141
13.3400001525879	433.333343505859
13.3500003814697	433.333343505859
13.3599996566772	440
13.3699998855591	460
13.3800001144409	360
13.3900003433228	466.666656494141
13.3999996185303	540
13.4099998474121	460
13.4200000762939	460
13.4300003051758	440
13.4399995803833	360
13.4499998092651	473.333343505859
13.460000038147	386.666656494141
13.4700002670288	566.666687011719
13.4799995422363	473.333343505859
13.4899997711182	433.333343505859
13.5	480
13.5100002288818	506.666656494141
13.5200004577637	433.333343505859
13.5299997329712	413.333343505859
13.539999961853	360
13.5500001907349	540
13.5600004196167	446.666656494141
13.5699996948242	526.666687011719
13.5799999237061	500
13.5900001525879	493.333343505859
13.6000003814697	473.333343505859
13.6099996566772	366.666656494141
13.6199998855591	400
13.6300001144409	360
13.6400003433228	433.333343505859
13.6499996185303	486.666656494141
13.6599998474121	520
13.6700000762939	373.333343505859
13.6800003051758	453.333343505859
13.6899995803833	420
13.6999998092651	380
13.710000038147	466.666656494141
13.7200002670288	446.666656494141
13.7299995422363	460
13.7399997711182	346.666656494141
13.75	400
13.7600002288818	466.666656494141
13.7700004577637	380
13.7799997329712	466.666656494141
13.789999961853	466.666656494141
13.8000001907349	506.666656494141
13.8100004196167	400
13.8199996948242	353.333343505859
13.8299999237061	400
13.8400001525879	386.666656494141
13.8500003814697	400
13.8599996566772	453.333343505859
13.8699998855591	446.666656494141
13.8800001144409	460
13.8900003433228	373.333343505859
13.8999996185303	406.666656494141
13.9099998474121	400
13.9200000762939	413.333343505859
13.9300003051758	400
13.9399995803833	373.333343505859
13.9499998092651	326.666656494141
13.960000038147	320
13.9700002670288	366.666656494141
13.9799995422363	460
13.9899997711182	453.333343505859
14	466.666656494141
14.0100002288818	406.666656494141
14.0200004577637	446.666656494141
14.0299997329712	360
14.039999961853	420
14.0500001907349	440
14.0600004196167	540
14.0699996948242	420
14.0799999237061	446.666656494141
14.0900001525879	493.333343505859
14.1000003814697	433.333343505859
14.1099996566772	460
14.1199998855591	473.333343505859
14.1300001144409	413.333343505859
14.1400003433228	406.666656494141
14.1499996185303	466.666656494141
14.1599998474121	433.333343505859
14.1700000762939	346.666656494141
14.1800003051758	346.666656494141
14.1899995803833	380
14.1999998092651	466.666656494141
14.210000038147	446.666656494141
14.2200002670288	433.333343505859
14.2299995422363	373.333343505859
14.2399997711182	353.333343505859
14.25	393.333343505859
14.2600002288818	340
14.2700004577637	386.666656494141
14.2799997329712	386.666656494141
14.289999961853	393.333343505859
14.3000001907349	333.333343505859
14.3100004196167	446.666656494141
14.3199996948242	340
14.3299999237061	406.666656494141
14.3400001525879	340
14.3500003814697	386.666656494141
14.3599996566772	513.333312988281
14.3699998855591	386.666656494141
14.3800001144409	313.333343505859
14.3900003433228	386.666656494141
14.3999996185303	413.333343505859
14.4099998474121	380
14.4200000762939	440
14.4300003051758	433.333343505859
14.4399995803833	460
14.4499998092651	313.333343505859
14.460000038147	413.333343505859
14.4700002670288	413.333343505859
14.4799995422363	333.333343505859
14.4899997711182	400
14.5	500
14.5100002288818	346.666656494141
14.5200004577637	393.333343505859
14.5299997329712	273.333343505859
14.539999961853	466.666656494141
14.5500001907349	453.333343505859
14.5600004196167	466.666656494141
14.5699996948242	380
14.5799999237061	453.333343505859
14.5900001525879	393.333343505859
14.6000003814697	413.333343505859
14.6099996566772	440
14.6199998855591	373.333343505859
14.6300001144409	460
14.6400003433228	433.333343505859
14.6499996185303	333.333343505859
14.6599998474121	406.666656494141
14.6700000762939	493.333343505859
14.6800003051758	446.666656494141
14.6899995803833	413.333343505859
14.6999998092651	346.666656494141
14.710000038147	373.333343505859
14.7200002670288	420
14.7299995422363	406.666656494141
14.7399997711182	520
14.75	420
14.7600002288818	446.666656494141
14.7700004577637	413.333343505859
14.7799997329712	413.333343505859
14.789999961853	480
14.8000001907349	413.333343505859
14.8100004196167	360
14.8199996948242	460
14.8299999237061	360
14.8400001525879	440
14.8500003814697	433.333343505859
14.8599996566772	373.333343505859
14.8699998855591	420
14.8800001144409	446.666656494141
14.8900003433228	373.333343505859
14.8999996185303	420
14.9099998474121	320
14.9200000762939	513.333312988281
14.9300003051758	413.333343505859
14.9399995803833	506.666656494141
14.9499998092651	353.333343505859
14.960000038147	420
14.9700002670288	433.333343505859
14.9799995422363	353.333343505859
14.9899997711182	380
15	366.666656494141
15.0100002288818	393.333343505859
15.0200004577637	353.333343505859
15.0299997329712	380
15.039999961853	400
15.0500001907349	473.333343505859
15.0600004196167	433.333343505859
15.0699996948242	366.666656494141
15.0799999237061	433.333343505859
15.0900001525879	326.666656494141
15.1000003814697	353.333343505859
15.1099996566772	366.666656494141
15.1199998855591	406.666656494141
15.1300001144409	366.666656494141
15.1400003433228	380
15.1499996185303	440
15.1599998474121	306.666656494141
15.1700000762939	293.333343505859
15.1800003051758	413.333343505859
15.1899995803833	366.666656494141
15.1999998092651	400
15.210000038147	493.333343505859
15.2200002670288	420
15.2299995422363	466.666656494141
15.2399997711182	500
15.25	380
15.2600002288818	453.333343505859
15.2700004577637	480
15.2799997329712	473.333343505859
15.289999961853	486.666656494141
15.3000001907349	466.666656494141
15.3100004196167	413.333343505859
15.3199996948242	333.333343505859
15.3299999237061	480
15.3400001525879	373.333343505859
15.3500003814697	373.333343505859
15.3599996566772	340
15.3699998855591	353.333343505859
15.3800001144409	373.333343505859
15.3900003433228	386.666656494141
15.3999996185303	513.333312988281
15.4099998474121	346.666656494141
15.4200000762939	320
15.4300003051758	340
15.4399995803833	380
15.4499998092651	406.666656494141
15.460000038147	360
15.4700002670288	420
15.4799995422363	453.333343505859
15.4899997711182	360
15.5	446.666656494141
15.5100002288818	453.333343505859
15.5200004577637	313.333343505859
15.5299997329712	360
15.539999961853	366.666656494141
15.5500001907349	340
15.5600004196167	280
15.5699996948242	353.333343505859
15.5799999237061	420
15.5900001525879	373.333343505859
15.6000003814697	366.666656494141
15.6099996566772	420
15.6199998855591	433.333343505859
15.6300001144409	413.333343505859
15.6400003433228	406.666656494141
15.6499996185303	380
15.6599998474121	360
15.6700000762939	400
15.6800003051758	460
15.6899995803833	340
15.6999998092651	533.333312988281
15.710000038147	340
15.7200002670288	280
15.7299995422363	400
15.7399997711182	460
15.75	353.333343505859
15.7600002288818	320
15.7700004577637	333.333343505859
15.7799997329712	406.666656494141
15.789999961853	480
15.8000001907349	433.333343505859
15.8100004196167	460
15.8199996948242	486.666656494141
15.8299999237061	440
15.8400001525879	406.666656494141
15.8500003814697	373.333343505859
15.8599996566772	333.333343505859
15.8699998855591	366.666656494141
15.8800001144409	380
15.8900003433228	280
15.8999996185303	360
15.9099998474121	406.666656494141
15.9200000762939	313.333343505859
15.9300003051758	346.666656494141
15.9399995803833	400
15.9499998092651	333.333343505859
15.960000038147	453.333343505859
15.9700002670288	393.333343505859
15.9799995422363	373.333343505859
15.9899997711182	400
16	413.333343505859
16.0100002288818	446.666656494141
16.0200004577637	320
16.0300006866455	373.333343505859
16.0400009155273	326.666656494141
16.0499992370605	366.666656494141
16.0599994659424	313.333343505859
16.0699996948242	440
16.0799999237061	380
16.0900001525879	333.333343505859
16.1000003814697	320
16.1100006103516	326.666656494141
16.1200008392334	340
16.1299991607666	393.333343505859
16.1399993896484	313.333343505859
16.1499996185303	406.666656494141
16.1599998474121	326.666656494141
16.1700000762939	380
16.1800003051758	380
16.1900005340576	313.333343505859
16.2000007629395	413.333343505859
16.2099990844727	453.333343505859
16.2199993133545	433.333343505859
16.2299995422363	386.666656494141
16.2399997711182	366.666656494141
16.25	420
16.2600002288818	466.666656494141
16.2700004577637	360
16.2800006866455	326.666656494141
16.2900009155273	386.666656494141
16.2999992370605	393.333343505859
16.3099994659424	333.333343505859
16.3199996948242	346.666656494141
16.3299999237061	346.666656494141
16.3400001525879	366.666656494141
16.3500003814697	380
16.3600006103516	440
16.3700008392334	413.333343505859
16.3799991607666	386.666656494141
16.3899993896484	526.666687011719
16.3999996185303	373.333343505859
16.4099998474121	293.333343505859
16.4200000762939	380
16.4300003051758	373.333343505859
16.4400005340576	453.333343505859
16.4500007629395	380
16.4599990844727	393.333343505859
16.4699993133545	320
16.4799995422363	353.333343505859
16.4899997711182	400
16.5	446.666656494141
16.5100002288818	313.333343505859
16.5200004577637	353.333343505859
16.5300006866455	466.666656494141
16.5400009155273	446.666656494141
16.5499992370605	353.333343505859
16.5599994659424	373.333343505859
16.5699996948242	260
16.5799999237061	333.333343505859
16.5900001525879	340
16.6000003814697	460
16.6100006103516	420
16.6200008392334	380
16.6299991607666	440
16.6399993896484	413.333343505859
16.6499996185303	340
16.6599998474121	333.333343505859
16.6700000762939	380
16.6800003051758	326.666656494141
16.6900005340576	340
16.7000007629395	333.333343505859
16.7099990844727	406.666656494141
16.7199993133545	386.666656494141
16.7299995422363	380
16.7399997711182	366.666656494141
16.75	380
16.7600002288818	453.333343505859
16.7700004577637	406.666656494141
16.7800006866455	333.333343505859
16.7900009155273	293.333343505859
16.7999992370605	373.333343505859
16.8099994659424	420
16.8199996948242	360
16.8299999237061	360
16.8400001525879	340
16.8500003814697	306.666656494141
16.8600006103516	313.333343505859
16.8700008392334	333.333343505859
16.8799991607666	400
16.8899993896484	413.333343505859
16.8999996185303	373.333343505859
16.9099998474121	333.333343505859
16.9200000762939	280
16.9300003051758	340
16.9400005340576	280
16.9500007629395	320
16.9599990844727	353.333343505859
16.9699993133545	326.666656494141
16.9799995422363	326.666656494141
16.9899997711182	406.666656494141
17	433.333343505859
17.0100002288818	360
17.0200004577637	413.333343505859
17.0300006866455	326.666656494141
17.0400009155273	333.333343505859
17.0499992370605	313.333343505859
17.0599994659424	373.333343505859
17.0699996948242	386.666656494141
17.0799999237061	353.333343505859
17.0900001525879	340
17.1000003814697	313.333343505859
17.1100006103516	386.666656494141
17.1200008392334	333.333343505859
17.1299991607666	286.666656494141
17.1399993896484	320
17.1499996185303	340
17.1599998474121	380
17.1700000762939	393.333343505859
17.1800003051758	373.333343505859
17.1900005340576	333.333343505859
17.2000007629395	286.666656494141
17.2099990844727	260
17.2199993133545	340
17.2299995422363	340
17.2399997711182	353.333343505859
17.25	386.666656494141
17.2600002288818	346.666656494141
17.2700004577637	366.666656494141
17.2800006866455	340
17.2900009155273	393.333343505859
17.2999992370605	366.666656494141
17.3099994659424	326.666656494141
17.3199996948242	366.666656494141
17.3299999237061	326.666656494141
17.3400001525879	440
17.3500003814697	480
17.3600006103516	273.333343505859
17.3700008392334	466.666656494141
17.3799991607666	333.333343505859
17.3899993896484	280
17.3999996185303	346.666656494141
17.4099998474121	380
17.4200000762939	320
17.4300003051758	366.666656494141
17.4400005340576	366.666656494141
17.4500007629395	420
17.4599990844727	313.333343505859
17.4699993133545	306.666656494141
17.4799995422363	313.333343505859
17.4899997711182	340
17.5	366.666656494141
17.5100002288818	420
17.5200004577637	286.666656494141
17.5300006866455	333.333343505859
17.5400009155273	293.333343505859
17.5499992370605	326.666656494141
17.5599994659424	406.666656494141
17.5699996948242	373.333343505859
17.5799999237061	393.333343505859
17.5900001525879	366.666656494141
17.6000003814697	326.666656494141
17.6100006103516	440
17.6200008392334	386.666656494141
17.6299991607666	346.666656494141
17.6399993896484	340
17.6499996185303	333.333343505859
17.6599998474121	293.333343505859
17.6700000762939	306.666656494141
17.6800003051758	293.333343505859
17.6900005340576	386.666656494141
17.7000007629395	440
17.7099990844727	393.333343505859
17.7199993133545	300
17.7299995422363	393.333343505859
17.7399997711182	360
17.75	273.333343505859
17.7600002288818	360
17.7700004577637	373.333343505859
17.7800006866455	406.666656494141
17.7900009155273	380
17.7999992370605	320
17.8099994659424	386.666656494141
17.8199996948242	400
17.8299999237061	346.666656494141
17.8400001525879	300
17.8500003814697	346.666656494141
17.8600006103516	446.666656494141
17.8700008392334	440
17.8799991607666	446.666656494141
17.8899993896484	393.333343505859
17.8999996185303	360
17.9099998474121	360
17.9200000762939	366.666656494141
17.9300003051758	300
17.9400005340576	293.333343505859
17.9500007629395	286.666656494141
17.9599990844727	353.333343505859
17.9699993133545	306.666656494141
17.9799995422363	340
17.9899997711182	366.666656494141
18	386.666656494141
18.0100002288818	333.333343505859
18.0200004577637	320
18.0300006866455	360
18.0400009155273	313.333343505859
18.0499992370605	313.333343505859
18.0599994659424	306.666656494141
18.0699996948242	326.666656494141
18.0799999237061	353.333343505859
18.0900001525879	313.333343505859
18.1000003814697	286.666656494141
18.1100006103516	306.666656494141
18.1200008392334	313.333343505859
18.1299991607666	300
18.1399993896484	340
18.1499996185303	366.666656494141
18.1599998474121	326.666656494141
18.1700000762939	320
18.1800003051758	386.666656494141
18.1900005340576	353.333343505859
18.2000007629395	266.666656494141
18.2099990844727	360
18.2199993133545	346.666656494141
18.2299995422363	306.666656494141
18.2399997711182	373.333343505859
18.25	380
18.2600002288818	320
18.2700004577637	346.666656494141
18.2800006866455	326.666656494141
18.2900009155273	340
18.2999992370605	353.333343505859
18.3099994659424	320
18.3199996948242	326.666656494141
18.3299999237061	386.666656494141
18.3400001525879	353.333343505859
18.3500003814697	393.333343505859
18.3600006103516	380
18.3700008392334	353.333343505859
18.3799991607666	366.666656494141
18.3899993896484	380
18.3999996185303	380
18.4099998474121	340
18.4200000762939	280
18.4300003051758	346.666656494141
18.4400005340576	286.666656494141
18.4500007629395	286.666656494141
18.4599990844727	326.666656494141
18.4699993133545	386.666656494141
18.4799995422363	286.666656494141
18.4899997711182	340
18.5	340
18.5100002288818	353.333343505859
18.5200004577637	366.666656494141
18.5300006866455	333.333343505859
18.5400009155273	346.666656494141
18.5499992370605	340
18.5599994659424	246.66667175293
18.5699996948242	306.666656494141
18.5799999237061	340
18.5900001525879	260
18.6000003814697	286.666656494141
18.6100006103516	393.333343505859
18.6200008392334	420
18.6299991607666	273.333343505859
18.6399993896484	320
18.6499996185303	333.333343505859
18.6599998474121	320
18.6700000762939	326.666656494141
18.6800003051758	400
18.6900005340576	320
18.7000007629395	326.666656494141
18.7099990844727	340
18.7199993133545	346.666656494141
18.7299995422363	286.666656494141
18.7399997711182	326.666656494141
18.75	266.666656494141
18.7600002288818	393.333343505859
18.7700004577637	373.333343505859
18.7800006866455	353.333343505859
18.7900009155273	313.333343505859
18.7999992370605	340
18.8099994659424	326.666656494141
18.8199996948242	373.333343505859
18.8299999237061	293.333343505859
18.8400001525879	226.66667175293
18.8500003814697	280
18.8600006103516	380
18.8700008392334	393.333343505859
18.8799991607666	313.333343505859
18.8899993896484	386.666656494141
18.8999996185303	320
18.9099998474121	293.333343505859
18.9200000762939	280
18.9300003051758	273.333343505859
18.9400005340576	260
18.9500007629395	340
18.9599990844727	286.666656494141
18.9699993133545	446.666656494141
18.9799995422363	366.666656494141
18.9899997711182	286.666656494141
19	286.666656494141
19.0100002288818	306.666656494141
19.0200004577637	313.333343505859
19.0300006866455	420
19.0400009155273	266.666656494141
19.0499992370605	373.333343505859
19.0599994659424	286.666656494141
19.0699996948242	346.666656494141
19.0799999237061	340
19.0900001525879	366.666656494141
19.1000003814697	393.333343505859
19.1100006103516	393.333343505859
19.1200008392334	333.333343505859
19.1299991607666	380
19.1399993896484	346.666656494141
19.1499996185303	266.666656494141
19.1599998474121	406.666656494141
19.1700000762939	333.333343505859
19.1800003051758	353.333343505859
19.1900005340576	260
19.2000007629395	333.333343505859
19.2099990844727	366.666656494141
19.2199993133545	420
19.2299995422363	373.333343505859
19.2399997711182	273.333343505859
19.25	246.66667175293
19.2600002288818	366.666656494141
19.2700004577637	386.666656494141
19.2800006866455	313.333343505859
19.2900009155273	300
19.2999992370605	380
19.3099994659424	313.333343505859
19.3199996948242	326.666656494141
19.3299999237061	306.666656494141
19.3400001525879	346.666656494141
19.3500003814697	340
19.3600006103516	333.333343505859
19.3700008392334	326.666656494141
19.3799991607666	346.666656494141
19.3899993896484	300
19.3999996185303	373.333343505859
19.4099998474121	333.333343505859
19.4200000762939	400
19.4300003051758	413.333343505859
19.4400005340576	366.666656494141
19.4500007629395	346.666656494141
19.4599990844727	360
19.4699993133545	340
19.4799995422363	280
19.4899997711182	313.333343505859
19.5	306.666656494141
19.5100002288818	400
19.5200004577637	280
19.5300006866455	366.666656494141
19.5400009155273	360
19.5499992370605	333.333343505859
19.5599994659424	326.666656494141
19.5699996948242	320
19.5799999237061	260
19.5900001525879	320
19.6000003814697	380
19.6100006103516	293.333343505859
19.6200008392334	313.333343505859
19.6299991607666	353.333343505859
19.6399993896484	266.666656494141
19.6499996185303	260
19.6599998474121	346.666656494141
19.6700000762939	346.666656494141
19.6800003051758	306.666656494141
19.6900005340576	280
19.7000007629395	320
19.7099990844727	326.666656494141
19.7199993133545	366.666656494141
19.7299995422363	360
19.7399997711182	386.666656494141
19.75	346.666656494141
19.7600002288818	293.333343505859
19.7700004577637	366.666656494141
19.7800006866455	373.333343505859
19.7900009155273	340
19.7999992370605	353.333343505859
19.8099994659424	346.666656494141
19.8199996948242	300
19.8299999237061	413.333343505859
19.8400001525879	373.333343505859
19.8500003814697	320
19.8600006103516	400
19.8700008392334	400
19.8799991607666	360
19.8899993896484	293.333343505859
19.8999996185303	293.333343505859
19.9099998474121	293.333343505859
19.9200000762939	280
19.9300003051758	293.333343505859
19.9400005340576	386.666656494141
19.9500007629395	380
19.9599990844727	413.333343505859
19.9699993133545	326.666656494141
19.9799995422363	346.666656494141
19.9899997711182	326.666656494141
20	366.666656494141
20.0100002288818	340
20.0200004577637	360
20.0300006866455	353.333343505859
20.0400009155273	340
20.0499992370605	280
20.0599994659424	313.333343505859
20.0699996948242	286.666656494141
20.0799999237061	340
20.0900001525879	333.333343505859
20.1000003814697	366.666656494141
20.1100006103516	406.666656494141
20.1200008392334	286.666656494141
20.1299991607666	320
20.1399993896484	333.333343505859
20.1499996185303	333.333343505859
20.1599998474121	306.666656494141
20.1700000762939	293.333343505859
20.1800003051758	373.333343505859
20.1900005340576	353.333343505859
20.2000007629395	353.333343505859
20.2099990844727	300
20.2199993133545	360
20.2299995422363	366.666656494141
20.2399997711182	313.333343505859
20.25	353.333343505859
20.2600002288818	306.666656494141
20.2700004577637	360
20.2800006866455	346.666656494141
20.2900009155273	313.333343505859
20.2999992370605	293.333343505859
20.3099994659424	393.333343505859
20.3199996948242	306.666656494141
20.3299999237061	300
20.3400001525879	420
20.3500003814697	406.666656494141
20.3600006103516	353.333343505859
20.3700008392334	373.333343505859
20.3799991607666	326.666656494141
20.3899993896484	320
20.3999996185303	340
20.4099998474121	333.333343505859
20.4200000762939	373.333343505859
20.4300003051758	393.333343505859
20.4400005340576	293.333343505859
20.4500007629395	320
20.4599990844727	453.333343505859
20.4699993133545	306.666656494141
20.4799995422363	393.333343505859
20.4899997711182	406.666656494141
20.5	340
20.5100002288818	406.666656494141
20.5200004577637	400
20.5300006866455	266.666656494141
20.5400009155273	420
20.5499992370605	400
20.5599994659424	406.666656494141
20.5699996948242	393.333343505859
20.5799999237061	326.666656494141
20.5900001525879	386.666656494141
20.6000003814697	280
20.6100006103516	293.333343505859
20.6200008392334	320
20.6299991607666	346.666656494141
20.6399993896484	340
20.6499996185303	346.666656494141
20.6599998474121	273.333343505859
20.6700000762939	253.33332824707
20.6800003051758	320
20.6900005340576	353.333343505859
20.7000007629395	326.666656494141
20.7099990844727	420
20.7199993133545	300
20.7299995422363	273.333343505859
20.7399997711182	286.666656494141
20.75	400
20.7600002288818	333.333343505859
20.7700004577637	333.333343505859
20.7800006866455	386.666656494141
20.7900009155273	400
20.7999992370605	440
20.8099994659424	333.333343505859
20.8199996948242	353.333343505859
20.8299999237061	253.33332824707
20.8400001525879	366.666656494141
20.8500003814697	400
20.8600006103516	360
20.8700008392334	386.666656494141
20.8799991607666	313.333343505859
20.8899993896484	300
20.8999996185303	260
20.9099998474121	353.333343505859
20.9200000762939	273.333343505859
20.9300003051758	320
20.9400005340576	313.333343505859
20.9500007629395	300
20.9599990844727	340
20.9699993133545	286.666656494141
20.9799995422363	313.333343505859
20.9899997711182	366.666656494141
21	340
21.0100002288818	253.33332824707
21.0200004577637	453.333343505859
21.0300006866455	446.666656494141
21.0400009155273	320
21.0499992370605	326.666656494141
21.0599994659424	340
21.0699996948242	446.666656494141
21.0799999237061	333.333343505859
21.0900001525879	293.333343505859
21.1000003814697	406.666656494141
21.1100006103516	353.333343505859
21.1200008392334	326.666656494141
21.1299991607666	386.666656494141
21.1399993896484	353.333343505859
21.1499996185303	320
21.1599998474121	333.333343505859
21.1700000762939	353.333343505859
21.1800003051758	373.333343505859
21.1900005340576	400
21.2000007629395	360
21.2099990844727	440
21.2199993133545	386.666656494141
21.2299995422363	340
21.2399997711182	300
21.25	340
21.2600002288818	306.666656494141
21.2700004577637	300
21.2800006866455	346.666656494141
21.2900009155273	326.666656494141
21.2999992370605	333.333343505859
21.3099994659424	286.666656494141
21.3199996948242	286.666656494141
21.3299999237061	360
21.3400001525879	393.333343505859
21.3500003814697	366.666656494141
21.3600006103516	306.666656494141
21.3700008392334	300
21.3799991607666	293.333343505859
21.3899993896484	333.333343505859
21.3999996185303	306.666656494141
21.4099998474121	406.666656494141
21.4200000762939	433.333343505859
21.4300003051758	346.666656494141
21.4400005340576	293.333343505859
21.4500007629395	326.666656494141
21.4599990844727	260
21.4699993133545	373.333343505859
21.4799995422363	346.666656494141
21.4899997711182	346.666656494141
21.5	333.333343505859
21.5100002288818	333.333343505859
21.5200004577637	313.333343505859
21.5300006866455	340
21.5400009155273	400
21.5499992370605	333.333343505859
21.5599994659424	286.666656494141
21.5699996948242	360
21.5799999237061	273.333343505859
21.5900001525879	293.333343505859
21.6000003814697	360
21.6100006103516	326.666656494141
21.6200008392334	293.333343505859
21.6299991607666	353.333343505859
21.6399993896484	346.666656494141
21.6499996185303	420
21.6599998474121	373.333343505859
21.6700000762939	373.333343505859
21.6800003051758	400
21.6900005340576	306.666656494141
21.7000007629395	413.333343505859
21.7099990844727	313.333343505859
21.7199993133545	300
21.7299995422363	286.666656494141
21.7399997711182	366.666656494141
21.75	313.333343505859
21.7600002288818	366.666656494141
21.7700004577637	340
21.7800006866455	380
21.7900009155273	306.666656494141
21.7999992370605	380
21.8099994659424	393.333343505859
21.8199996948242	320
21.8299999237061	313.333343505859
21.8400001525879	293.333343505859
21.8500003814697	286.666656494141
21.8600006103516	420
21.8700008392334	333.333343505859
21.8799991607666	366.666656494141
21.8899993896484	326.666656494141
21.8999996185303	300
21.9099998474121	366.666656494141
21.9200000762939	326.666656494141
21.9300003051758	413.333343505859
21.9400005340576	366.666656494141
21.9500007629395	366.666656494141
21.9599990844727	386.666656494141
21.9699993133545	333.333343505859
21.9799995422363	346.666656494141
21.9899997711182	353.333343505859
22	340
22.0100002288818	353.333343505859
22.0200004577637	360
22.0300006866455	360
22.0400009155273	393.333343505859
22.0499992370605	340
22.0599994659424	313.333343505859
22.0699996948242	313.333343505859
22.0799999237061	340
22.0900001525879	340
22.1000003814697	366.666656494141
22.1100006103516	326.666656494141
22.1200008392334	353.333343505859
22.1299991607666	346.666656494141
22.1399993896484	333.333343505859
22.1499996185303	373.333343505859
22.1599998474121	333.333343505859
22.1700000762939	320
22.1800003051758	346.666656494141
22.1900005340576	433.333343505859
22.2000007629395	386.666656494141
22.2099990844727	300
22.2199993133545	393.333343505859
22.2299995422363	380
22.2399997711182	340
22.25	340
22.2600002288818	353.333343505859
22.2700004577637	340
22.2800006866455	313.333343505859
22.2900009155273	320
22.2999992370605	340
22.3099994659424	366.666656494141
22.3199996948242	346.666656494141
22.3299999237061	340
22.3400001525879	366.666656494141
22.3500003814697	333.333343505859
22.3600006103516	360
22.3700008392334	326.666656494141
22.3799991607666	340
22.3899993896484	360
22.3999996185303	353.333343505859
22.4099998474121	346.666656494141
22.4200000762939	320
22.4300003051758	240
22.4400005340576	366.666656494141
22.4500007629395	306.666656494141
22.4599990844727	393.333343505859
22.4699993133545	346.666656494141
22.4799995422363	326.666656494141
22.4899997711182	366.666656494141
22.5	300
22.5100002288818	326.666656494141
22.5200004577637	360
22.5300006866455	433.333343505859
22.5400009155273	360
22.5499992370605	313.333343505859
22.5599994659424	273.333343505859
22.5699996948242	406.666656494141
22.5799999237061	346.666656494141
22.5900001525879	306.666656494141
22.6000003814697	406.666656494141
22.6100006103516	333.333343505859
22.6200008392334	306.666656494141
22.6299991607666	360
22.6399993896484	333.333343505859
22.6499996185303	326.666656494141
22.6599998474121	366.666656494141
22.6700000762939	293.333343505859
22.6800003051758	440
22.6900005340576	340
22.7000007629395	346.666656494141
22.7099990844727	320
22.7199993133545	333.333343505859
22.7299995422363	313.333343505859
22.7399997711182	386.666656494141
22.75	353.333343505859
22.7600002288818	340
22.7700004577637	333.333343505859
22.7800006866455	460
22.7900009155273	413.333343505859
22.7999992370605	400
22.8099994659424	433.333343505859
22.8199996948242	453.333343505859
22.8299999237061	393.333343505859
22.8400001525879	413.333343505859
22.8500003814697	380
22.8600006103516	366.666656494141
22.8700008392334	420
22.8799991607666	366.666656494141
22.8899993896484	373.333343505859
22.8999996185303	380
22.9099998474121	380
22.9200000762939	380
22.9300003051758	360
22.9400005340576	280
22.9500007629395	360
22.9599990844727	360
22.9699993133545	406.666656494141
22.9799995422363	366.666656494141
22.9899997711182	360
23	380
23.0100002288818	353.333343505859
23.0200004577637	500
23.0300006866455	300
23.0400009155273	413.333343505859
23.0499992370605	413.333343505859
23.0599994659424	373.333343505859
23.0699996948242	406.666656494141
23.0799999237061	380
23.0900001525879	320
23.1000003814697	386.666656494141
23.1100006103516	380
23.1200008392334	333.333343505859
23.1299991607666	366.666656494141
23.1399993896484	360
23.1499996185303	306.666656494141
23.1599998474121	360
23.1700000762939	346.666656494141
23.1800003051758	360
23.1900005340576	440
23.2000007629395	333.333343505859
23.2099990844727	460
23.2199993133545	460
23.2299995422363	400
23.2399997711182	326.666656494141
23.25	500
23.2600002288818	313.333343505859
23.2700004577637	313.333343505859
23.2800006866455	406.666656494141
23.2900009155273	386.666656494141
23.2999992370605	346.666656494141
23.3099994659424	413.333343505859
23.3199996948242	380
23.3299999237061	386.666656494141
23.3400001525879	400
23.3500003814697	313.333343505859
23.3600006103516	360
23.3700008392334	380
23.3799991607666	400
23.3899993896484	406.666656494141
23.3999996185303	406.666656494141
23.4099998474121	453.333343505859
23.4200000762939	373.333343505859
23.4300003051758	386.666656494141
23.4400005340576	406.666656494141
23.4500007629395	366.666656494141
23.4599990844727	366.666656494141
23.4699993133545	360
23.4799995422363	473.333343505859
23.4899997711182	420
23.5	340
23.5100002288818	360
23.5200004577637	346.666656494141
23.5300006866455	340
23.5400009155273	300
23.5499992370605	360
23.5599994659424	380
23.5699996948242	413.333343505859
23.5799999237061	446.666656494141
23.5900001525879	466.666656494141
23.6000003814697	386.666656494141
23.6100006103516	346.666656494141
23.6200008392334	393.333343505859
23.6299991607666	333.333343505859
23.6399993896484	373.333343505859
23.6499996185303	400
23.6599998474121	353.333343505859
23.6700000762939	446.666656494141
23.6800003051758	386.666656494141
23.6900005340576	366.666656494141
23.7000007629395	406.666656494141
23.7099990844727	386.666656494141
23.7199993133545	320
23.7299995422363	400
23.7399997711182	373.333343505859
23.75	386.666656494141
23.7600002288818	380
23.7700004577637	473.333343505859
23.7800006866455	353.333343505859
23.7900009155273	420
23.7999992370605	373.333343505859
23.8099994659424	486.666656494141
23.8199996948242	453.333343505859
23.8299999237061	453.333343505859
23.8400001525879	460
23.8500003814697	453.333343505859
23.8600006103516	326.666656494141
23.8700008392334	373.333343505859
23.8799991607666	420
23.8899993896484	413.333343505859
23.8999996185303	420
23.9099998474121	460
23.9200000762939	440
23.9300003051758	413.333343505859
23.9400005340576	406.666656494141
23.9500007629395	413.333343505859
23.9599990844727	446.666656494141
23.9699993133545	386.666656494141
23.9799995422363	326.666656494141
23.9899997711182	440
24	340
24.0100002288818	406.666656494141
24.0200004577637	373.333343505859
24.0300006866455	386.666656494141
24.0400009155273	440
24.0499992370605	446.666656494141
24.0599994659424	453.333343505859
24.0699996948242	420
24.0799999237061	433.333343505859
24.0900001525879	513.333312988281
24.1000003814697	440
24.1100006103516	393.333343505859
24.1200008392334	433.333343505859
24.1299991607666	380
24.1399993896484	466.666656494141
24.1499996185303	433.333343505859
24.1599998474121	446.666656494141
24.1700000762939	400
24.1800003051758	473.333343505859
24.1900005340576	446.666656494141
24.2000007629395	453.333343505859
24.2099990844727	433.333343505859
24.2199993133545	420
24.2299995422363	513.333312988281
24.2399997711182	560
24.25	493.333343505859
24.2600002288818	440
24.2700004577637	406.666656494141
24.2800006866455	480
24.2900009155273	353.333343505859
24.2999992370605	546.666687011719
24.3099994659424	373.333343505859
24.3199996948242	473.333343505859
24.3299999237061	493.333343505859
24.3400001525879	500
24.3500003814697	406.666656494141
24.3600006103516	526.666687011719
24.3700008392334	420
24.3799991607666	526.666687011719
24.3899993896484	526.666687011719
24.3999996185303	533.333312988281
24.4099998474121	480
24.4200000762939	446.666656494141
24.4300003051758	393.333343505859
24.4400005340576	493.333343505859
24.4500007629395	413.333343505859
24.4599990844727	640
24.4699993133545	460
24.4799995422363	460
24.4899997711182	406.666656494141
24.5	520
24.5100002288818	586.666687011719
24.5200004577637	493.333343505859
24.5300006866455	453.333343505859
24.5400009155273	420
24.5499992370605	466.666656494141
24.5599994659424	420
24.5699996948242	506.666656494141
24.5799999237061	520
24.5900001525879	540
24.6000003814697	546.666687011719
24.6100006103516	446.666656494141
24.6200008392334	380
24.6299991607666	493.333343505859
24.6399993896484	440
24.6499996185303	446.666656494141
24.6599998474121	466.666656494141
24.6700000762939	400
24.6800003051758	466.666656494141
24.6900005340576	580
24.7000007629395	520
24.7099990844727	560
24.7199993133545	440
24.7299995422363	500
24.7399997711182	493.333343505859
24.75	486.666656494141
24.7600002288818	566.666687011719
24.7700004577637	440
24.7800006866455	453.333343505859
24.7900009155273	520
24.7999992370605	473.333343505859
24.8099994659424	413.333343505859
24.8199996948242	506.666656494141
24.8299999237061	480
24.8400001525879	466.666656494141
24.8500003814697	486.666656494141
24.8600006103516	453.333343505859
24.8700008392334	553.333312988281
24.8799991607666	533.333312988281
24.8899993896484	480
24.8999996185303	453.333343505859
24.9099998474121	480
24.9200000762939	520
24.9300003051758	453.333343505859
24.9400005340576	420
24.9500007629395	373.333343505859
24.9599990844727	580
24.9699993133545	500
24.9799995422363	526.666687011719
24.9899997711182	606.666687011719
25	500
25.0100002288818	613.333312988281
25.0200004577637	580
25.0300006866455	386.666656494141
25.0400009155273	480
25.0499992370605	420
25.0599994659424	513.333312988281
25.0699996948242	486.666656494141
25.0799999237061	486.666656494141
25.0900001525879	560
25.1000003814697	520
25.1100006103516	540
25.1200008392334	520
25.1299991607666	606.666687011719
25.1399993896484	460
25.1499996185303	546.666687011719
25.1599998474121	466.666656494141
25.1700000762939	473.333343505859
25.1800003051758	446.666656494141
25.1900005340576	520
25.2000007629395	513.333312988281
25.2099990844727	560
25.2199993133545	400
25.2299995422363	533.333312988281
25.2399997711182	506.666656494141
25.25	546.666687011719
25.2600002288818	533.333312988281
25.2700004577637	460
25.2800006866455	560
25.2900009155273	566.666687011719
25.2999992370605	580
25.3099994659424	580
25.3199996948242	460
25.3299999237061	660
25.3400001525879	526.666687011719
25.3500003814697	573.333312988281
25.3600006103516	620
25.3700008392334	560
25.3799991607666	553.333312988281
25.3899993896484	573.333312988281
25.3999996185303	566.666687011719
25.4099998474121	660
25.4200000762939	666.666687011719
25.4300003051758	526.666687011719
25.4400005340576	640
25.4500007629395	500
25.4599990844727	526.666687011719
25.4699993133545	473.333343505859
25.4799995422363	493.333343505859
25.4899997711182	533.333312988281
25.5	613.333312988281
25.5100002288818	620
25.5200004577637	553.333312988281
25.5300006866455	473.333343505859
25.5400009155273	633.333312988281
25.5499992370605	546.666687011719
25.5599994659424	513.333312988281
25.5699996948242	566.666687011719
25.5799999237061	526.666687011719
25.5900001525879	593.333312988281
25.6000003814697	560
25.6100006103516	546.666687011719
25.6200008392334	533.333312988281
25.6299991607666	573.333312988281
25.6399993896484	500
25.6499996185303	533.333312988281
25.6599998474121	593.333312988281
25.6700000762939	526.666687011719
25.6800003051758	546.666687011719
25.6900005340576	613.333312988281
25.7000007629395	586.666687011719
25.7099990844727	560
25.7199993133545	600
25.7299995422363	726.666687011719
25.7399997711182	653.333312988281
25.75	640
25.7600002288818	660
25.7700004577637	600
25.7800006866455	620
25.7900009155273	600
25.7999992370605	633.333312988281
25.8099994659424	546.666687011719
25.8199996948242	600
25.8299999237061	606.666687011719
25.8400001525879	553.333312988281
25.8500003814697	546.666687011719
25.8600006103516	546.666687011719
25.8700008392334	573.333312988281
25.8799991607666	586.666687011719
25.8899993896484	693.333312988281
25.8999996185303	613.333312988281
25.9099998474121	653.333312988281
25.9200000762939	633.333312988281
25.9300003051758	680
25.9400005340576	560
25.9500007629395	666.666687011719
25.9599990844727	666.666687011719
25.9699993133545	680
25.9799995422363	673.333312988281
25.9899997711182	640
26	653.333312988281
26.0100002288818	613.333312988281
26.0200004577637	740
26.0300006866455	593.333312988281
26.0400009155273	633.333312988281
26.0499992370605	593.333312988281
26.0599994659424	746.666687011719
26.0699996948242	713.333312988281
26.0799999237061	693.333312988281
26.0900001525879	766.666687011719
26.1000003814697	726.666687011719
26.1100006103516	606.666687011719
26.1200008392334	600
26.1299991607666	613.333312988281
26.1399993896484	720
26.1499996185303	706.666687011719
26.1599998474121	720
26.1700000762939	713.333312988281
26.1800003051758	700
26.1900005340576	600
26.2000007629395	760
26.2099990844727	660
26.2199993133545	833.333312988281
26.2299995422363	760
26.2399997711182	733.333312988281
26.25	686.666687011719
26.2600002288818	753.333312988281
26.2700004577637	700
26.2800006866455	620
26.2900009155273	680
26.2999992370605	793.333312988281
26.3099994659424	726.666687011719
26.3199996948242	733.333312988281
26.3299999237061	620
26.3400001525879	726.666687011719
26.3500003814697	820
26.3600006103516	700
26.3700008392334	726.666687011719
26.3799991607666	826.666687011719
26.3899993896484	633.333312988281
26.3999996185303	713.333312988281
26.4099998474121	613.333312988281
26.4200000762939	693.333312988281
26.4300003051758	640
26.4400005340576	760
26.4500007629395	840
26.4599990844727	733.333312988281
26.4699993133545	853.333312988281
26.4799995422363	733.333312988281
26.4899997711182	666.666687011719
26.5	753.333312988281
26.5100002288818	826.666687011719
26.5200004577637	706.666687011719
26.5300006866455	640
26.5400009155273	720
26.5499992370605	740
26.5599994659424	713.333312988281
26.5699996948242	760
26.5799999237061	660
26.5900001525879	873.333312988281
26.6000003814697	773.333312988281
26.6100006103516	780
26.6200008392334	740
26.6299991607666	953.333312988281
26.6399993896484	760
26.6499996185303	846.666687011719
26.6599998474121	720
26.6700000762939	786.666687011719
26.6800003051758	733.333312988281
26.6900005340576	833.333312988281
26.7000007629395	740
26.7099990844727	606.666687011719
26.7199993133545	786.666687011719
26.7299995422363	653.333312988281
26.7399997711182	773.333312988281
26.75	880
26.7600002288818	693.333312988281
26.7700004577637	866.666687011719
26.7800006866455	900
26.7900009155273	740
26.7999992370605	766.666687011719
26.8099994659424	780
26.8199996948242	806.666687011719
26.8299999237061	920
26.8400001525879	826.666687011719
26.8500003814697	820
26.8600006103516	853.333312988281
26.8700008392334	906.666687011719
26.8799991607666	933.333312988281
26.8899993896484	866.666687011719
26.8999996185303	906.666687011719
26.9099998474121	853.333312988281
26.9200000762939	940
26.9300003051758	913.333312988281
26.9400005340576	820
26.9500007629395	766.666687011719
26.9599990844727	1033.33337402344
26.9699993133545	966.666687011719
26.9799995422363	1000
26.9899997711182	946.666687011719
27	873.333312988281
27.0100002288818	926.666687011719
27.0200004577637	953.333312988281
27.0300006866455	953.333312988281
27.0400009155273	920
27.0499992370605	806.666687011719
27.0599994659424	840
27.0699996948242	900
27.0799999237061	933.333312988281
27.0900001525879	1033.33337402344
27.1000003814697	986.666687011719
27.1100006103516	920
27.1200008392334	840
27.1299991607666	940
27.1399993896484	1013.33331298828
27.1499996185303	1060
27.1599998474121	893.333312988281
27.1700000762939	826.666687011719
27.1800003051758	826.666687011719
27.1900005340576	926.666687011719
27.2000007629395	806.666687011719
27.2099990844727	933.333312988281
27.2199993133545	986.666687011719
27.2299995422363	893.333312988281
27.2399997711182	800
27.25	926.666687011719
27.2600002288818	846.666687011719
27.2700004577637	953.333312988281
27.2800006866455	813.333312988281
27.2900009155273	873.333312988281
27.2999992370605	900
27.3099994659424	840
27.3199996948242	880
27.3299999237061	1053.33337402344
27.3400001525879	1013.33331298828
27.3500003814697	940
27.3600006103516	926.666687011719
27.3700008392334	873.333312988281
27.3799991607666	960
27.3899993896484	993.333312988281
27.3999996185303	1060
27.4099998474121	1120
27.4200000762939	1020
27.4300003051758	986.666687011719
27.4400005340576	946.666687011719
27.4500007629395	926.666687011719
27.4599990844727	980
27.4699993133545	1066.66662597656
27.4799995422363	926.666687011719
27.4899997711182	1020
27.5	1053.33337402344
27.5100002288818	933.333312988281
27.5200004577637	1126.66662597656
27.5300006866455	1006.66668701172
27.5400009155273	993.333312988281
27.5499992370605	1006.66668701172
27.5599994659424	1160
27.5699996948242	946.666687011719
27.5799999237061	1080
27.5900001525879	1013.33331298828
27.6000003814697	993.333312988281
27.6100006103516	1026.66662597656
27.6200008392334	1033.33337402344
27.6299991607666	1033.33337402344
27.6399993896484	1106.66662597656
27.6499996185303	993.333312988281
27.6599998474121	986.666687011719
27.6700000762939	1060
27.6800003051758	973.333312988281
27.6900005340576	1053.33337402344
27.7000007629395	1066.66662597656
27.7099990844727	1080
27.7199993133545	1033.33337402344
27.7299995422363	1100
27.7399997711182	1020
27.75	946.666687011719
27.7600002288818	1060
27.7700004577637	1100
27.7800006866455	966.666687011719
27.7900009155273	1100
27.7999992370605	1093.33337402344
27.8099994659424	993.333312988281
27.8199996948242	1073.33337402344
27.8299999237061	1086.66662597656
27.8400001525879	1160
27.8500003814697	1086.66662597656
27.8600006103516	1060
27.8700008392334	1033.33337402344
27.8799991607666	953.333312988281
27.8899993896484	1106.66662597656
27.8999996185303	1033.33337402344
27.9099998474121	1026.66662597656
27.9200000762939	993.333312988281
27.9300003051758	1040
27.9400005340576	1053.33337402344
27.9500007629395	1240
27.9599990844727	1120
27.9699993133545	966.666687011719
27.9799995422363	933.333312988281
27.9899997711182	980
28	986.666687011719
28.0100002288818	973.333312988281
28.0200004577637	1000
28.0300006866455	980
28.0400009155273	1086.66662597656
28.0499992370605	1020
28.0599994659424	1013.33331298828
28.0699996948242	973.333312988281
28.0799999237061	1073.33337402344
28.0900001525879	933.333312988281
28.1000003814697	1040
28.1100006103516	1026.66662597656
28.1200008392334	1106.66662597656
28.1299991607666	1093.33337402344
28.1399993896484	1146.66662597656
28.1499996185303	960
28.1599998474121	1060
28.1700000762939	966.666687011719
28.1800003051758	1033.33337402344
28.1900005340576	966.666687011719
28.2000007629395	926.666687011719
28.2099990844727	933.333312988281
28.2199993133545	946.666687011719
28.2299995422363	1040
28.2399997711182	1006.66668701172
28.25	1086.66662597656
28.2600002288818	1206.66662597656
28.2700004577637	1073.33337402344
28.2800006866455	1166.66662597656
28.2900009155273	973.333312988281
28.2999992370605	940
28.3099994659424	946.666687011719
28.3199996948242	1013.33331298828
28.3299999237061	826.666687011719
28.3400001525879	966.666687011719
28.3500003814697	900
28.3600006103516	1126.66662597656
28.3700008392334	1086.66662597656
28.3799991607666	1006.66668701172
28.3899993896484	1000
28.3999996185303	986.666687011719
28.4099998474121	1133.33337402344
28.4200000762939	906.666687011719
28.4300003051758	893.333312988281
28.4400005340576	946.666687011719
28.4500007629395	1053.33337402344
28.4599990844727	980
28.4699993133545	906.666687011719
28.4799995422363	966.666687011719
28.4899997711182	1053.33337402344
28.5	1013.33331298828
28.5100002288818	826.666687011719
28.5200004577637	946.666687011719
28.5300006866455	840
28.5400009155273	926.666687011719
28.5499992370605	880
28.5599994659424	833.333312988281
28.5699996948242	986.666687011719
28.5799999237061	986.666687011719
28.5900001525879	866.666687011719
28.6000003814697	846.666687011719
28.6100006103516	900
28.6200008392334	920
28.6299991607666	1100
28.6399993896484	933.333312988281
28.6499996185303	1040
28.6599998474121	920
28.6700000762939	900
28.6800003051758	913.333312988281
28.6900005340576	873.333312988281
28.7000007629395	906.666687011719
28.7099990844727	840
28.7199993133545	906.666687011719
28.7299995422363	926.666687011719
28.7399997711182	880
28.75	986.666687011719
28.7600002288818	880
28.7700004577637	906.666687011719
28.7800006866455	1013.33331298828
28.7900009155273	940
28.7999992370605	813.333312988281
28.8099994659424	920
28.8199996948242	920
28.8299999237061	920
28.8400001525879	966.666687011719
28.8500003814697	993.333312988281
28.8600006103516	953.333312988281
28.8700008392334	820
28.8799991607666	873.333312988281
28.8899993896484	953.333312988281
28.8999996185303	973.333312988281
28.9099998474121	886.666687011719
28.9200000762939	873.333312988281
28.9300003051758	960
28.9400005340576	820
28.9500007629395	766.666687011719
28.9599990844727	833.333312988281
28.9699993133545	846.666687011719
28.9799995422363	966.666687011719
28.9899997711182	833.333312988281
29	873.333312988281
29.0100002288818	766.666687011719
29.0200004577637	900
29.0300006866455	866.666687011719
29.0400009155273	926.666687011719
29.0499992370605	800
29.0599994659424	706.666687011719
29.0699996948242	720
29.0799999237061	840
29.0900001525879	880
29.1000003814697	1060
29.1100006103516	780
29.1200008392334	840
29.1299991607666	826.666687011719
29.1399993896484	840
29.1499996185303	906.666687011719
29.1599998474121	873.333312988281
29.1700000762939	793.333312988281
29.1800003051758	866.666687011719
29.1900005340576	806.666687011719
29.2000007629395	806.666687011719
29.2099990844727	753.333312988281
29.2199993133545	713.333312988281
29.2299995422363	640
29.2399997711182	753.333312988281
29.25	746.666687011719
29.2600002288818	813.333312988281
29.2700004577637	806.666687011719
29.2800006866455	800
29.2900009155273	700
29.2999992370605	886.666687011719
29.3099994659424	713.333312988281
29.3199996948242	660
29.3299999237061	800
29.3400001525879	733.333312988281
29.3500003814697	793.333312988281
29.3600006103516	866.666687011719
29.3700008392334	700
29.3799991607666	666.666687011719
29.3899993896484	833.333312988281
29.3999996185303	700
29.4099998474121	940
29.4200000762939	693.333312988281
29.4300003051758	806.666687011719
29.4400005340576	726.666687011719
29.4500007629395	780
29.4599990844727	706.666687011719
29.4699993133545	680
29.4799995422363	700
29.4899997711182	753.333312988281
29.5	700
29.5100002288818	653.333312988281
29.5200004577637	766.666687011719
29.5300006866455	866.666687011719
29.5400009155273	673.333312988281
29.5499992370605	673.333312988281
29.5599994659424	720
29.5699996948242	786.666687011719
29.5799999237061	720
29.5900001525879	780
29.6000003814697	706.666687011719
29.6100006103516	693.333312988281
29.6200008392334	680
29.6299991607666	733.333312988281
29.6399993896484	733.333312988281
29.6499996185303	780
29.6599998474121	673.333312988281
29.6700000762939	760
29.6800003051758	800
29.6900005340576	733.333312988281
29.7000007629395	766.666687011719
29.7099990844727	746.666687011719
29.7199993133545	673.333312988281
29.7299995422363	686.666687011719
29.7399997711182	726.666687011719
29.75	666.666687011719
29.7600002288818	733.333312988281
29.7700004577637	673.333312988281
29.7800006866455	693.333312988281
29.7900009155273	700
29.7999992370605	600
29.8099994659424	620
29.8199996948242	626.666687011719
29.8299999237061	713.333312988281
29.8400001525879	666.666687011719
29.8500003814697	746.666687011719
29.8600006103516	640
29.8700008392334	653.333312988281
29.8799991607666	726.666687011719
29.8899993896484	713.333312988281
29.8999996185303	646.666687011719
29.9099998474121	806.666687011719
29.9200000762939	720
29.9300003051758	633.333312988281
29.9400005340576	566.666687011719
29.9500007629395	633.333312988281
29.9599990844727	600
29.9699993133545	633.333312988281
29.9799995422363	706.666687011719
29.9899997711182	560
30	633.333312988281
30.0100002288818	720
30.0200004577637	686.666687011719
30.0300006866455	840
30.0400009155273	660
30.0499992370605	500
30.0599994659424	573.333312988281
30.0699996948242	580
30.0799999237061	706.666687011719
30.0900001525879	633.333312988281
30.1000003814697	613.333312988281
30.1100006103516	720
30.1200008392334	613.333312988281
30.1299991607666	793.333312988281
30.1399993896484	706.666687011719
30.1499996185303	626.666687011719
30.1599998474121	720
30.1700000762939	720
30.1800003051758	613.333312988281
30.1900005340576	713.333312988281
30.2000007629395	633.333312988281
30.2099990844727	720
30.2199993133545	740
30.2299995422363	626.666687011719
30.2399997711182	686.666687011719
30.25	693.333312988281
30.2600002288818	653.333312988281
30.2700004577637	720
30.2800006866455	646.666687011719
30.2900009155273	666.666687011719
30.2999992370605	593.333312988281
30.3099994659424	573.333312988281
30.3199996948242	580
30.3299999237061	573.333312988281
30.3400001525879	606.666687011719
30.3500003814697	613.333312988281
30.3600006103516	686.666687011719
30.3700008392334	640
30.3799991607666	633.333312988281
30.3899993896484	620
30.3999996185303	566.666687011719
30.4099998474121	593.333312988281
30.4200000762939	620
30.4300003051758	580
30.4400005340576	680
30.4500007629395	546.666687011719
30.4599990844727	640
30.4699993133545	600
30.4799995422363	606.666687011719
30.4899997711182	626.666687011719
30.5	573.333312988281
30.5100002288818	526.666687011719
30.5200004577637	646.666687011719
30.5300006866455	546.666687011719
30.5400009155273	533.333312988281
30.5499992370605	553.333312988281
30.5599994659424	760
30.5699996948242	673.333312988281
30.5799999237061	540
30.5900001525879	526.666687011719
30.6000003814697	726.666687011719
30.6100006103516	646.666687011719
30.6200008392334	580
30.6299991607666	586.666687011719
30.6399993896484	526.666687011719
30.6499996185303	480
30.6599998474121	680
30.6700000762939	580
30.6800003051758	593.333312988281
30.6900005340576	626.666687011719
30.7000007629395	586.666687011719
30.7099990844727	593.333312988281
30.7199993133545	506.666656494141
30.7299995422363	546.666687011719
30.7399997711182	640
30.75	613.333312988281
30.7600002288818	606.666687011719
30.7700004577637	606.666687011719
30.7800006866455	586.666687011719
30.7900009155273	693.333312988281
30.7999992370605	600
30.8099994659424	646.666687011719
30.8199996948242	653.333312988281
30.8299999237061	593.333312988281
30.8400001525879	606.666687011719
30.8500003814697	500
30.8600006103516	540
30.8700008392334	593.333312988281
30.8799991607666	626.666687011719
30.8899993896484	600
30.8999996185303	586.666687011719
30.9099998474121	593.333312988281
30.9200000762939	586.666687011719
30.9300003051758	586.666687011719
30.9400005340576	566.666687011719
30.9500007629395	633.333312988281
30.9599990844727	606.666687011719
30.9699993133545	573.333312988281
30.9799995422363	573.333312988281
30.9899997711182	660
31	506.666656494141
31.0100002288818	546.666687011719
31.0200004577637	566.666687011719
31.0300006866455	593.333312988281
31.0400009155273	540
31.0499992370605	533.333312988281
31.0599994659424	666.666687011719
31.0699996948242	526.666687011719
31.0799999237061	560
31.0900001525879	520
31.1000003814697	626.666687011719
31.1100006103516	680
31.1200008392334	593.333312988281
31.1299991607666	686.666687011719
31.1399993896484	580
31.1499996185303	600
31.1599998474121	573.333312988281
31.1700000762939	560
31.1800003051758	586.666687011719
31.1900005340576	660
31.2000007629395	580
31.2099990844727	620
31.2199993133545	540
31.2299995422363	646.666687011719
31.2399997711182	606.666687011719
31.25	486.666656494141
31.2600002288818	613.333312988281
31.2700004577637	580
31.2800006866455	586.666687011719
31.2900009155273	566.666687011719
31.2999992370605	600
31.3099994659424	613.333312988281
31.3199996948242	533.333312988281
31.3299999237061	606.666687011719
31.3400001525879	600
31.3500003814697	666.666687011719
31.3600006103516	580
31.3700008392334	606.666687011719
31.3799991607666	626.666687011719
31.3899993896484	573.333312988281
31.3999996185303	500
31.4099998474121	586.666687011719
31.4200000762939	613.333312988281
31.4300003051758	540
31.4400005340576	566.666687011719
31.4500007629395	493.333343505859
31.4599990844727	580
31.4699993133545	566.666687011719
31.4799995422363	600
31.4899997711182	533.333312988281
31.5	540
31.5100002288818	720
31.5200004577637	640
31.5300006866455	553.333312988281
31.5400009155273	600
31.5499992370605	526.666687011719
31.5599994659424	620
31.5699996948242	653.333312988281
31.5799999237061	686.666687011719
31.5900001525879	653.333312988281
31.6000003814697	573.333312988281
31.6100006103516	713.333312988281
31.6200008392334	646.666687011719
31.6299991607666	700
31.6399993896484	606.666687011719
31.6499996185303	653.333312988281
31.6599998474121	606.666687011719
31.6700000762939	580
31.6800003051758	520
31.6900005340576	593.333312988281
31.7000007629395	713.333312988281
31.7099990844727	600
31.7199993133545	493.333343505859
31.7299995422363	480
31.7399997711182	540
31.75	413.333343505859
31.7600002288818	546.666687011719
31.7700004577637	566.666687011719
31.7800006866455	713.333312988281
31.7900009155273	553.333312988281
31.7999992370605	513.333312988281
31.8099994659424	573.333312988281
31.8199996948242	626.666687011719
31.8299999237061	626.666687011719
31.8400001525879	686.666687011719
31.8500003814697	673.333312988281
31.8600006103516	533.333312988281
31.8700008392334	500
31.8799991607666	586.666687011719
31.8899993896484	573.333312988281
31.8999996185303	580
31.9099998474121	613.333312988281
31.9200000762939	613.333312988281
31.9300003051758	646.666687011719
31.9400005340576	633.333312988281
31.9500007629395	673.333312988281
31.9599990844727	540
31.9699993133545	653.333312988281
31.9799995422363	633.333312988281
31.9899997711182	680
32	680
32.0099983215332	546.666687011719
32.0200004577637	666.666687011719
32.0299987792969	546.666687011719
32.0400009155273	606.666687011719
32.0499992370605	573.333312988281
32.060001373291	633.333312988281
32.0699996948242	673.333312988281
32.0800018310547	493.333343505859
32.0900001525879	653.333312988281
32.0999984741211	626.666687011719
32.1100006103516	580
32.1199989318848	660
32.1300010681152	573.333312988281
32.1399993896484	686.666687011719
32.1500015258789	573.333312988281
32.1599998474121	586.666687011719
32.1699981689453	600
32.1800003051758	620
32.189998626709	520
32.2000007629395	566.666687011719
32.2099990844727	566.666687011719
32.2200012207031	660
32.2299995422363	640
32.2400016784668	633.333312988281
32.25	593.333312988281
32.2599983215332	580
32.2700004577637	613.333312988281
32.2799987792969	686.666687011719
32.2900009155273	586.666687011719
32.2999992370605	673.333312988281
32.310001373291	626.666687011719
32.3199996948242	646.666687011719
32.3300018310547	540
32.3400001525879	660
32.3499984741211	526.666687011719
32.3600006103516	666.666687011719
32.3699989318848	686.666687011719
32.3800010681152	686.666687011719
32.3899993896484	573.333312988281
32.4000015258789	633.333312988281
32.4099998474121	720
32.4199981689453	640
32.4300003051758	606.666687011719
32.439998626709	673.333312988281
32.4500007629395	646.666687011719
32.4599990844727	733.333312988281
32.4700012207031	733.333312988281
32.4799995422363	660
32.4900016784668	753.333312988281
32.5	673.333312988281
32.5099983215332	640
32.5200004577637	706.666687011719
32.5299987792969	706.666687011719
32.5400009155273	606.666687011719
32.5499992370605	660
32.560001373291	653.333312988281
32.5699996948242	586.666687011719
32.5800018310547	806.666687011719
32.5900001525879	686.666687011719
32.5999984741211	606.666687011719
32.6100006103516	626.666687011719
32.6199989318848	626.666687011719
32.6300010681152	560
32.6399993896484	540
32.6500015258789	666.666687011719
32.6599998474121	693.333312988281
32.6699981689453	660
32.6800003051758	626.666687011719
32.689998626709	753.333312988281
32.7000007629395	780
32.7099990844727	780
32.7200012207031	693.333312988281
32.7299995422363	553.333312988281
32.7400016784668	660
32.75	633.333312988281
32.7599983215332	733.333312988281
32.7700004577637	806.666687011719
32.7799987792969	693.333312988281
32.7900009155273	553.333312988281
32.7999992370605	680
32.810001373291	666.666687011719
32.8199996948242	733.333312988281
32.8300018310547	660
32.8400001525879	793.333312988281
32.8499984741211	733.333312988281
32.8600006103516	693.333312988281
32.8699989318848	786.666687011719
32.8800010681152	660
32.8899993896484	826.666687011719
32.9000015258789	793.333312988281
32.9099998474121	773.333312988281
32.9199981689453	853.333312988281
32.9300003051758	633.333312988281
32.939998626709	760
32.9500007629395	740
32.9599990844727	660
32.9700012207031	640
32.9799995422363	686.666687011719
32.9900016784668	746.666687011719
33	753.333312988281
33.0099983215332	746.666687011719
33.0200004577637	766.666687011719
33.0299987792969	746.666687011719
33.0400009155273	680
33.0499992370605	753.333312988281
33.060001373291	693.333312988281
33.0699996948242	713.333312988281
33.0800018310547	733.333312988281
33.0900001525879	666.666687011719
33.0999984741211	693.333312988281
33.1100006103516	693.333312988281
33.1199989318848	686.666687011719
33.1300010681152	666.666687011719
33.1399993896484	840
33.1500015258789	733.333312988281
33.1599998474121	806.666687011719
33.1699981689453	646.666687011719
33.1800003051758	660
33.189998626709	840
33.2000007629395	726.666687011719
33.2099990844727	706.666687011719
33.2200012207031	673.333312988281
33.2299995422363	720
33.2400016784668	766.666687011719
33.25	733.333312988281
33.2599983215332	800
33.2700004577637	806.666687011719
33.2799987792969	853.333312988281
33.2900009155273	873.333312988281
33.2999992370605	773.333312988281
33.310001373291	706.666687011719
33.3199996948242	646.666687011719
33.3300018310547	740
33.3400001525879	733.333312988281
33.3499984741211	866.666687011719
33.3600006103516	773.333312988281
33.3699989318848	700
33.3800010681152	953.333312988281
33.3899993896484	726.666687011719
33.4000015258789	886.666687011719
33.4099998474121	766.666687011719
33.4199981689453	800
33.4300003051758	933.333312988281
33.439998626709	853.333312988281
33.4500007629395	866.666687011719
33.4599990844727	780
33.4700012207031	886.666687011719
33.4799995422363	873.333312988281
33.4900016784668	946.666687011719
33.5	960
33.5099983215332	773.333312988281
33.5200004577637	846.666687011719
33.5299987792969	833.333312988281
33.5400009155273	793.333312988281
33.5499992370605	773.333312988281
33.560001373291	813.333312988281
33.5699996948242	733.333312988281
33.5800018310547	906.666687011719
33.5900001525879	813.333312988281
33.5999984741211	926.666687011719
33.6100006103516	940
33.6199989318848	826.666687011719
33.6300010681152	980
33.6399993896484	973.333312988281
33.6500015258789	926.666687011719
33.6599998474121	853.333312988281
33.6699981689453	906.666687011719
33.6800003051758	800
33.689998626709	900
33.7000007629395	740
33.7099990844727	773.333312988281
33.7200012207031	820
33.7299995422363	813.333312988281
33.7400016784668	986.666687011719
33.75	933.333312988281
33.7599983215332	1000
33.7700004577637	960
33.7799987792969	966.666687011719
33.7900009155273	986.666687011719
33.7999992370605	946.666687011719
33.810001373291	1026.66662597656
33.8199996948242	826.666687011719
33.8300018310547	813.333312988281
33.8400001525879	966.666687011719
33.8499984741211	933.333312988281
33.8600006103516	886.666687011719
33.8699989318848	913.333312988281
33.8800010681152	980
33.8899993896484	920
33.9000015258789	1086.66662597656
33.9099998474121	966.666687011719
33.9199981689453	980
33.9300003051758	893.333312988281
33.939998626709	1040
33.9500007629395	980
33.9599990844727	960
33.9700012207031	1000
33.9799995422363	1060
33.9900016784668	1026.66662597656
34	1013.33331298828
34.0099983215332	980
34.0200004577637	880
34.0299987792969	1026.66662597656
34.0400009155273	833.333312988281
34.0499992370605	973.333312988281
34.060001373291	940
34.0699996948242	1000
34.0800018310547	1053.33337402344
34.0900001525879	973.333312988281
34.0999984741211	1006.66668701172
34.1100006103516	966.666687011719
34.1199989318848	1053.33337402344
34.1300010681152	966.666687011719
34.1399993896484	1100
34.1500015258789	1066.66662597656
34.1599998474121	1026.66662597656
34.1699981689453	1073.33337402344
34.1800003051758	1000
34.189998626709	986.666687011719
34.2000007629395	973.333312988281
34.2099990844727	1040
34.2200012207031	1113.33337402344
34.2299995422363	926.666687011719
34.2400016784668	913.333312988281
34.25	1126.66662597656
34.2599983215332	993.333312988281
34.2700004577637	1000
34.2799987792969	1000
34.2900009155273	1040
34.2999992370605	946.666687011719
34.310001373291	1026.66662597656
34.3199996948242	973.333312988281
34.3300018310547	1073.33337402344
34.3400001525879	986.666687011719
34.3499984741211	1120
34.3600006103516	966.666687011719
34.3699989318848	880
34.3800010681152	1040
34.3899993896484	1040
34.4000015258789	953.333312988281
34.4099998474121	966.666687011719
34.4199981689453	1153.33337402344
34.4300003051758	1080
34.439998626709	1100
34.4500007629395	1120
34.4599990844727	1146.66662597656
34.4700012207031	946.666687011719
34.4799995422363	1006.66668701172
34.4900016784668	1046.66662597656
34.5	1033.33337402344
34.5099983215332	1060
34.5200004577637	1080
34.5299987792969	1113.33337402344
34.5400009155273	1146.66662597656
34.5499992370605	973.333312988281
34.560001373291	1093.33337402344
34.5699996948242	1073.33337402344
34.5800018310547	1013.33331298828
34.5900001525879	1106.66662597656
34.5999984741211	1080
34.6100006103516	946.666687011719
34.6199989318848	1140
34.6300010681152	1060
34.6399993896484	1053.33337402344
34.6500015258789	1000
34.6599998474121	980
34.6699981689453	1193.33337402344
34.6800003051758	1060
34.689998626709	1160
34.7000007629395	1113.33337402344
34.7099990844727	1066.66662597656
34.7200012207031	1160
34.7299995422363	1013.33331298828
34.7400016784668	1133.33337402344
34.75	966.666687011719
34.7599983215332	1140
34.7700004577637	1026.66662597656
34.7799987792969	1026.66662597656
34.7900009155273	1033.33337402344
34.7999992370605	1093.33337402344
34.810001373291	1020
34.8199996948242	1020
34.8300018310547	1120
34.8400001525879	1153.33337402344
34.8499984741211	1153.33337402344
34.8600006103516	1146.66662597656
34.8699989318848	1013.33331298828
34.8800010681152	1040
34.8899993896484	1073.33337402344
34.9000015258789	1093.33337402344
34.9099998474121	1193.33337402344
34.9199981689453	1166.66662597656
34.9300003051758	993.333312988281
34.939998626709	1040
34.9500007629395	1133.33337402344
34.9599990844727	1100
34.9700012207031	1146.66662597656
34.9799995422363	1033.33337402344
34.9900016784668	1106.66662597656
35	1113.33337402344
35.0099983215332	1120
35.0200004577637	1253.33337402344
35.0299987792969	1226.66662597656
35.0400009155273	1046.66662597656
35.0499992370605	1100
35.060001373291	1200
35.0699996948242	1106.66662597656
35.0800018310547	1313.33337402344
35.0900001525879	1080
35.0999984741211	1020
35.1100006103516	1013.33331298828
35.1199989318848	1193.33337402344
35.1300010681152	1193.33337402344
35.1399993896484	1033.33337402344
35.1500015258789	913.333312988281
35.1599998474121	1113.33337402344
35.1699981689453	1073.33337402344
35.1800003051758	1140
35.189998626709	986.666687011719
35.2000007629395	993.333312988281
35.2099990844727	986.666687011719
35.2200012207031	840
35.2299995422363	986.666687011719
35.2400016784668	1060
35.25	1013.33331298828
35.2599983215332	1100
35.2700004577637	1006.66668701172
35.2799987792969	993.333312988281
35.2900009155273	920
35.2999992370605	1006.66668701172
35.310001373291	853.333312988281
35.3199996948242	993.333312988281
35.3300018310547	873.333312988281
35.3400001525879	980
35.3499984741211	960
35.3600006103516	1006.66668701172
35.3699989318848	893.333312988281
35.3800010681152	933.333312988281
35.3899993896484	900
35.4000015258789	1093.33337402344
35.4099998474121	813.333312988281
35.4199981689453	946.666687011719
35.4300003051758	940
35.439998626709	793.333312988281
35.4500007629395	886.666687011719
35.4599990844727	820
35.4700012207031	973.333312988281
35.4799995422363	846.666687011719
35.4900016784668	866.666687011719
35.5	906.666687011719
35.5099983215332	840
35.5200004577637	960
35.5299987792969	893.333312988281
35.5400009155273	813.333312988281
35.5499992370605	886.666687011719
35.560001373291	733.333312988281
35.5699996948242	866.666687011719
35.5800018310547	900
35.5900001525879	766.666687011719
35.5999984741211	766.666687011719
35.6100006103516	826.666687011719
35.6199989318848	853.333312988281
35.6300010681152	846.666687011719
35.6399993896484	946.666687011719
35.6500015258789	793.333312988281
35.6599998474121	833.333312988281
35.6699981689453	793.333312988281
35.6800003051758	866.666687011719
35.689998626709	826.666687011719
35.7000007629395	800
35.7099990844727	986.666687011719
35.7200012207031	786.666687011719
35.7299995422363	846.666687011719
35.7400016784668	846.666687011719
35.75	940
35.7599983215332	906.666687011719
35.7700004577637	813.333312988281
35.7799987792969	700
35.7900009155273	773.333312988281
35.7999992370605	760
35.810001373291	780
35.8199996948242	780
35.8300018310547	726.666687011719
35.8400001525879	766.666687011719
35.8499984741211	826.666687011719
35.8600006103516	793.333312988281
35.8699989318848	880
35.8800010681152	866.666687011719
35.8899993896484	760
35.9000015258789	713.333312988281
35.9099998474121	813.333312988281
35.9199981689453	713.333312988281
35.9300003051758	713.333312988281
35.939998626709	646.666687011719
35.9500007629395	686.666687011719
35.9599990844727	680
35.9700012207031	786.666687011719
35.9799995422363	780
35.9900016784668	713.333312988281
36	800
36.0099983215332	773.333312988281
36.0200004577637	746.666687011719
36.0299987792969	640
36.0400009155273	660
36.0499992370605	640
36.060001373291	653.333312988281
36.0699996948242	580
36.0800018310547	653.333312988281
36.0900001525879	580
36.0999984741211	573.333312988281
36.1100006103516	740
36.1199989318848	586.666687011719
36.1300010681152	693.333312988281
36.1399993896484	666.666687011719
36.1500015258789	733.333312988281
36.1599998474121	720
36.1699981689453	733.333312988281
36.1800003051758	766.666687011719
36.189998626709	693.333312988281
36.2000007629395	700
36.2099990844727	780
36.2200012207031	673.333312988281
36.2299995422363	713.333312988281
36.2400016784668	680
36.25	700
36.2599983215332	593.333312988281
36.2700004577637	606.666687011719
36.2799987792969	593.333312988281
36.2900009155273	586.666687011719
36.2999992370605	593.333312988281
36.310001373291	713.333312988281
36.3199996948242	580
36.3300018310547	760
36.3400001525879	646.666687011719
36.3499984741211	613.333312988281
36.3600006103516	600
36.3699989318848	640
36.3800010681152	600
36.3899993896484	586.666687011719
36.4000015258789	620
36.4099998474121	680
36.4199981689453	666.666687011719
36.4300003051758	606.666687011719
36.439998626709	726.666687011719
36.4500007629395	600
36.4599990844727	653.333312988281
36.4700012207031	640
36.4799995422363	706.666687011719
36.4900016784668	646.666687011719
36.5	620
36.5099983215332	533.333312988281
36.5200004577637	553.333312988281
36.5299987792969	593.333312988281
36.5400009155273	606.666687011719
36.5499992370605	566.666687011719
36.560001373291	553.333312988281
36.5699996948242	613.333312988281
36.5800018310547	646.666687011719
36.5900001525879	526.666687011719
36.5999984741211	533.333312988281
36.6100006103516	626.666687011719
36.6199989318848	546.666687011719
36.6300010681152	666.666687011719
36.6399993896484	513.333312988281
36.6500015258789	620
36.6599998474121	520
36.6699981689453	486.666656494141
36.6800003051758	406.666656494141
36.689998626709	646.666687011719
36.7000007629395	600
36.7099990844727	620
36.7200012207031	566.666687011719
36.7299995422363	593.333312988281
36.7400016784668	593.333312988281
36.75	533.333312988281
36.7599983215332	580
36.7700004577637	546.666687011719
36.7799987792969	633.333312988281
36.7900009155273	520
36.7999992370605	560
36.810001373291	606.666687011719
36.8199996948242	533.333312988281
36.8300018310547	600
36.8400001525879	573.333312988281
36.8499984741211	586.666687011719
36.8600006103516	526.666687011719
36.8699989318848	566.666687011719
36.8800010681152	573.333312988281
36.8899993896484	486.666656494141
36.9000015258789	400
36.9099998474121	466.666656494141
36.9199981689453	486.666656494141
36.9300003051758	526.666687011719
36.939998626709	513.333312988281
36.9500007629395	586.666687011719
36.9599990844727	566.666687011719
36.9700012207031	600
36.9799995422363	533.333312988281
36.9900016784668	520
37	506.666656494141
37.0099983215332	573.333312988281
37.0200004577637	480
37.0299987792969	413.333343505859
37.0400009155273	433.333343505859
37.0499992370605	533.333312988281
37.060001373291	513.333312988281
37.0699996948242	546.666687011719
37.0800018310547	506.666656494141
37.0900001525879	460
37.0999984741211	473.333343505859
37.1100006103516	553.333312988281
37.1199989318848	586.666687011719
37.1300010681152	486.666656494141
37.1399993896484	546.666687011719
37.1500015258789	420
37.1599998474121	493.333343505859
37.1699981689453	420
37.1800003051758	526.666687011719
37.189998626709	460
37.2000007629395	486.666656494141
37.2099990844727	453.333343505859
37.2200012207031	440
37.2299995422363	486.666656494141
37.2400016784668	520
37.25	553.333312988281
37.2599983215332	420
37.2700004577637	420
37.2799987792969	460
37.2900009155273	453.333343505859
37.2999992370605	593.333312988281
37.310001373291	433.333343505859
37.3199996948242	466.666656494141
37.3300018310547	433.333343505859
37.3400001525879	566.666687011719
37.3499984741211	446.666656494141
37.3600006103516	466.666656494141
37.3699989318848	373.333343505859
37.3800010681152	480
37.3899993896484	526.666687011719
37.4000015258789	413.333343505859
37.4099998474121	513.333312988281
37.4199981689453	540
37.4300003051758	533.333312988281
37.439998626709	480
37.4500007629395	466.666656494141
37.4599990844727	473.333343505859
37.4700012207031	526.666687011719
37.4799995422363	486.666656494141
37.4900016784668	486.666656494141
37.5	460
37.5099983215332	526.666687011719
37.5200004577637	500
37.5299987792969	453.333343505859
37.5400009155273	453.333343505859
37.5499992370605	506.666656494141
37.560001373291	566.666687011719
37.5699996948242	440
37.5800018310547	346.666656494141
37.5900001525879	460
37.5999984741211	486.666656494141
37.6100006103516	420
37.6199989318848	460
37.6300010681152	540
37.6399993896484	493.333343505859
37.6500015258789	406.666656494141
37.6599998474121	460
37.6699981689453	433.333343505859
37.6800003051758	393.333343505859
37.689998626709	413.333343505859
37.7000007629395	486.666656494141
37.7099990844727	433.333343505859
37.7200012207031	460
37.7299995422363	473.333343505859
37.7400016784668	440
37.75	486.666656494141
37.7599983215332	506.666656494141
37.7700004577637	440
37.7799987792969	393.333343505859
37.7900009155273	340
37.7999992370605	406.666656494141
37.810001373291	466.666656494141
37.8199996948242	386.666656494141
37.8300018310547	460
37.8400001525879	506.666656494141
37.8499984741211	413.333343505859
37.8600006103516	386.666656494141
37.8699989318848	420
37.8800010681152	440
37.8899993896484	380
37.9000015258789	413.333343505859
37.9099998474121	446.666656494141
37.9199981689453	446.666656494141
37.9300003051758	480
37.939998626709	493.333343505859
37.9500007629395	486.666656494141
37.9599990844727	600
37.9700012207031	460
37.9799995422363	500
37.9900016784668	400
38	386.666656494141
38.0099983215332	506.666656494141
38.0200004577637	406.666656494141
38.0299987792969	386.666656494141
38.0400009155273	440
38.0499992370605	480
38.060001373291	433.333343505859
38.0699996948242	413.333343505859
38.0800018310547	446.666656494141
38.0900001525879	460
38.0999984741211	453.333343505859
38.1100006103516	486.666656494141
38.1199989318848	500
38.1300010681152	386.666656494141
38.1399993896484	413.333343505859
38.1500015258789	413.333343505859
38.1599998474121	513.333312988281
38.1699981689453	493.333343505859
38.1800003051758	480
38.189998626709	500
38.2000007629395	453.333343505859
38.2099990844727	393.333343505859
38.2200012207031	520
38.2299995422363	440
38.2400016784668	520
38.25	493.333343505859
38.2599983215332	526.666687011719
38.2700004577637	466.666656494141
38.2799987792969	473.333343505859
38.2900009155273	526.666687011719
38.2999992370605	573.333312988281
38.310001373291	586.666687011719
38.3199996948242	500
38.3300018310547	646.666687011719
38.3400001525879	760
38.3499984741211	773.333312988281
38.3600006103516	826.666687011719
38.3699989318848	806.666687011719
38.3800010681152	826.666687011719
38.3899993896484	820
38.4000015258789	846.666687011719
38.4099998474121	726.666687011719
38.4199981689453	653.333312988281
38.4300003051758	593.333312988281
38.439998626709	686.666687011719
38.4500007629395	733.333312988281
38.4599990844727	706.666687011719
38.4700012207031	620
38.4799995422363	653.333312988281
38.4900016784668	713.333312988281
38.5	800
38.5099983215332	706.666687011719
38.5200004577637	540
38.5299987792969	560
38.5400009155273	580
38.5499992370605	446.666656494141
38.560001373291	513.333312988281
38.5699996948242	460
38.5800018310547	446.666656494141
38.5900001525879	460
38.5999984741211	473.333343505859
38.6100006103516	400
38.6199989318848	453.333343505859
38.6300010681152	500
38.6399993896484	493.333343505859
38.6500015258789	386.666656494141
38.6599998474121	486.666656494141
38.6699981689453	480
38.6800003051758	400
38.689998626709	386.666656494141
38.7000007629395	520
38.7099990844727	433.333343505859
38.7200012207031	366.666656494141
38.7299995422363	446.666656494141
38.7400016784668	366.666656494141
38.75	546.666687011719
38.7599983215332	400
38.7700004577637	420
38.7799987792969	326.666656494141
38.7900009155273	446.666656494141
38.7999992370605	513.333312988281
38.810001373291	386.666656494141
38.8199996948242	446.666656494141
38.8300018310547	380
38.8400001525879	473.333343505859
38.8499984741211	466.666656494141
38.8600006103516	446.666656494141
38.8699989318848	380
38.8800010681152	433.333343505859
38.8899993896484	420
38.9000015258789	360
38.9099998474121	413.333343505859
38.9199981689453	440
38.9300003051758	446.666656494141
38.939998626709	340
38.9500007629395	513.333312988281
38.9599990844727	366.666656494141
38.9700012207031	366.666656494141
38.9799995422363	420
38.9900016784668	300
39	406.666656494141
39.0099983215332	386.666656494141
39.0200004577637	446.666656494141
39.0299987792969	393.333343505859
39.0400009155273	380
39.0499992370605	393.333343505859
39.060001373291	553.333312988281
39.0699996948242	366.666656494141
39.0800018310547	353.333343505859
39.0900001525879	493.333343505859
39.0999984741211	453.333343505859
39.1100006103516	386.666656494141
39.1199989318848	446.666656494141
39.1300010681152	473.333343505859
39.1399993896484	360
39.1500015258789	400
39.1599998474121	386.666656494141
39.1699981689453	366.666656494141
39.1800003051758	400
39.189998626709	493.333343505859
39.2000007629395	346.666656494141
39.2099990844727	386.666656494141
39.2200012207031	473.333343505859
39.2299995422363	420
39.2400016784668	406.666656494141
39.25	386.666656494141
39.2599983215332	393.333343505859
39.2700004577637	453.333343505859
39.2799987792969	380
39.2900009155273	373.333343505859
39.2999992370605	406.666656494141
39.310001373291	406.666656494141
39.3199996948242	446.666656494141
39.3300018310547	473.333343505859
39.3400001525879	473.333343505859
39.3499984741211	380
39.3600006103516	300
39.3699989318848	406.666656494141
39.3800010681152	373.333343505859
39.3899993896484	400
39.4000015258789	280
39.4099998474121	333.333343505859
39.4199981689453	373.333343505859
39.4300003051758	353.333343505859
39.439998626709	400
39.4500007629395	320
39.4599990844727	366.666656494141
39.4700012207031	400
39.4799995422363	393.333343505859
39.4900016784668	386.666656494141
39.5	520
39.5099983215332	393.333343505859
39.5200004577637	360
39.5299987792969	446.666656494141
39.5400009155273	386.666656494141
39.5499992370605	353.333343505859
39.560001373291	346.666656494141
39.5699996948242	386.666656494141
39.5800018310547	406.666656494141
39.5900001525879	326.666656494141
39.5999984741211	340
39.6100006103516	406.666656494141
39.6199989318848	380
39.6300010681152	480
39.6399993896484	393.333343505859
39.6500015258789	380
39.6599998474121	433.333343505859
39.6699981689453	406.666656494141
39.6800003051758	386.666656494141
39.689998626709	440
39.7000007629395	473.333343505859
39.7099990844727	406.666656494141
39.7200012207031	380
39.7299995422363	386.666656494141
39.7400016784668	466.666656494141
39.75	480
39.7599983215332	480
39.7700004577637	506.666656494141
39.7799987792969	506.666656494141
39.7900009155273	413.333343505859
39.7999992370605	346.666656494141
39.810001373291	473.333343505859
39.8199996948242	366.666656494141
39.8300018310547	406.666656494141
39.8400001525879	486.666656494141
39.8499984741211	446.666656494141
39.8600006103516	533.333312988281
39.8699989318848	513.333312988281
39.8800010681152	613.333312988281
39.8899993896484	666.666687011719
39.9000015258789	613.333312988281
39.9099998474121	540
39.9199981689453	580
39.9300003051758	626.666687011719
39.939998626709	613.333312988281
39.9500007629395	693.333312988281
39.9599990844727	740
39.9700012207031	806.666687011719
39.9799995422363	660
39.9900016784668	820
40	840
40.0099983215332	960
40.0200004577637	1120
40.0299987792969	1346.66662597656
40.0400009155273	1440
40.0499992370605	1473.33337402344
40.060001373291	1740
40.0699996948242	1966.66662597656
40.0800018310547	2226.66674804688
40.0900001525879	2606.66674804688
40.0999984741211	2913.33325195313
40.1100006103516	3080
40.1199989318848	3273.33325195313
40.1300010681152	3373.33325195313
40.1399993896484	3173.33325195313
40.1500015258789	3200
40.1599998474121	3326.66674804688
40.1699981689453	3173.33325195313
40.1800003051758	3226.66674804688
40.189998626709	2726.66674804688
40.2000007629395	2640
40.2099990844727	2606.66674804688
40.2200012207031	2473.33325195313
40.2299995422363	2426.66674804688
40.2400016784668	2646.66674804688
40.25	2046.66662597656
40.2599983215332	2000
40.2700004577637	1960
40.2799987792969	1613.33337402344
40.2900009155273	1533.33337402344
40.2999992370605	1273.33337402344
40.310001373291	1106.66662597656
40.3199996948242	1180
40.3300018310547	933.333312988281
40.3400001525879	806.666687011719
40.3499984741211	820
40.3600006103516	773.333312988281
40.3699989318848	640
40.3800010681152	560
40.3899993896484	673.333312988281
40.4000015258789	646.666687011719
40.4099998474121	593.333312988281
40.4199981689453	540
40.4300003051758	600
40.439998626709	386.666656494141
40.4500007629395	506.666656494141
40.4599990844727	533.333312988281
40.4700012207031	540
40.4799995422363	413.333343505859
40.4900016784668	440
40.5	406.666656494141
40.5099983215332	280
40.5200004577637	453.333343505859
40.5299987792969	360
40.5400009155273	386.666656494141
40.5499992370605	373.333343505859
40.560001373291	386.666656494141
40.5699996948242	406.666656494141
40.5800018310547	413.333343505859
40.5900001525879	313.333343505859
40.5999984741211	360
40.6100006103516	340
40.6199989318848	340
40.6300010681152	320
40.6399993896484	393.333343505859
40.6500015258789	326.666656494141
40.6599998474121	366.666656494141
40.6699981689453	346.666656494141
40.6800003051758	413.333343505859
40.689998626709	406.666656494141
40.7000007629395	333.333343505859
40.7099990844727	260
40.7200012207031	360
40.7299995422363	366.666656494141
40.7400016784668	313.333343505859
40.75	360
40.7599983215332	400
40.7700004577637	346.666656494141
40.7799987792969	300
40.7900009155273	306.666656494141
40.7999992370605	360
40.810001373291	320
40.8199996948242	313.333343505859
40.8300018310547	280
40.8400001525879	286.666656494141
40.8499984741211	353.333343505859
40.8600006103516	373.333343505859
40.8699989318848	400
40.8800010681152	280
40.8899993896484	273.333343505859
40.9000015258789	293.333343505859
40.9099998474121	326.666656494141
40.9199981689453	280
40.9300003051758	326.666656494141
40.939998626709	340
40.9500007629395	306.666656494141
40.9599990844727	266.666656494141
40.9700012207031	326.666656494141
40.9799995422363	400
40.9900016784668	306.666656494141
41	246.66667175293
41.0099983215332	240
41.0200004577637	286.666656494141
41.0299987792969	373.333343505859
41.0400009155273	300
41.0499992370605	373.333343505859
41.060001373291	366.666656494141
41.0699996948242	293.333343505859
41.0800018310547	366.666656494141
41.0900001525879	306.666656494141
41.0999984741211	300
41.1100006103516	340
41.1199989318848	313.333343505859
41.1300010681152	286.666656494141
41.1399993896484	353.333343505859
41.1500015258789	246.66667175293
41.1599998474121	326.666656494141
41.1699981689453	273.333343505859
41.1800003051758	300
41.189998626709	346.666656494141
41.2000007629395	260
41.2099990844727	260
41.2200012207031	313.333343505859
41.2299995422363	253.33332824707
41.2400016784668	306.666656494141
41.25	193.33332824707
41.2599983215332	246.66667175293
41.2700004577637	253.33332824707
41.2799987792969	260
41.2900009155273	340
41.2999992370605	260
41.310001373291	240
41.3199996948242	240
41.3300018310547	280
41.3400001525879	220
41.3499984741211	266.666656494141
41.3600006103516	300
41.3699989318848	280
41.3800010681152	253.33332824707
41.3899993896484	273.333343505859
41.4000015258789	293.333343505859
41.4099998474121	313.333343505859
41.4199981689453	240
41.4300003051758	220
41.439998626709	300
41.4500007629395	280
41.4599990844727	273.333343505859
41.4700012207031	333.333343505859
41.4799995422363	253.33332824707
41.4900016784668	360
41.5	240
41.5099983215332	240
41.5200004577637	233.33332824707
41.5299987792969	333.333343505859
41.5400009155273	260
41.5499992370605	326.666656494141
41.560001373291	333.333343505859
41.5699996948242	273.333343505859
41.5800018310547	233.33332824707
41.5900001525879	253.33332824707
41.5999984741211	280
41.6100006103516	300
41.6199989318848	320
41.6300010681152	240
41.6399993896484	220
41.6500015258789	293.333343505859
41.6599998474121	320
41.6699981689453	293.333343505859
41.6800003051758	320
41.689998626709	320
41.7000007629395	253.33332824707
41.7099990844727	286.666656494141
41.7200012207031	240
41.7299995422363	293.333343505859
41.7400016784668	233.33332824707
41.75	213.33332824707
41.7599983215332	253.33332824707
41.7700004577637	226.66667175293
41.7799987792969	193.33332824707
41.7900009155273	213.33332824707
41.7999992370605	266.666656494141
41.810001373291	273.333343505859
41.8199996948242	280
41.8300018310547	246.66667175293
41.8400001525879	193.33332824707
41.8499984741211	260
41.8600006103516	340
41.8699989318848	253.33332824707
41.8800010681152	286.666656494141
41.8899993896484	213.33332824707
41.9000015258789	266.666656494141
41.9099998474121	253.33332824707
41.9199981689453	246.66667175293
41.9300003051758	286.666656494141
41.939998626709	273.333343505859
41.9500007629395	206.66667175293
41.9599990844727	246.66667175293
41.9700012207031	286.666656494141
41.9799995422363	260
41.9900016784668	300
42	246.66667175293
42.0099983215332	226.66667175293
42.0200004577637	266.666656494141
42.0299987792969	233.33332824707
42.0400009155273	226.66667175293
42.0499992370605	220
42.060001373291	220
42.0699996948242	300
42.0800018310547	340
42.0900001525879	220
42.0999984741211	286.666656494141
42.1100006103516	220
42.1199989318848	240
42.1300010681152	220
42.1399993896484	320
42.1500015258789	260
42.1599998474121	233.33332824707
42.1699981689453	160
42.1800003051758	213.33332824707
42.189998626709	233.33332824707
42.2000007629395	153.33332824707
42.2099990844727	260
42.2200012207031	240
42.2299995422363	193.33332824707
42.2400016784668	266.666656494141
42.25	233.33332824707
42.2599983215332	260
42.2700004577637	280
42.2799987792969	240
42.2900009155273	226.66667175293
42.2999992370605	173.33332824707
42.310001373291	213.33332824707
42.3199996948242	253.33332824707
42.3300018310547	200
42.3400001525879	160
42.3499984741211	200
42.3600006103516	160
42.3699989318848	220
42.3800010681152	226.66667175293
42.3899993896484	246.66667175293
42.4000015258789	293.333343505859
42.4099998474121	193.33332824707
42.4199981689453	186.66667175293
42.4300003051758	266.666656494141
42.439998626709	206.66667175293
42.4500007629395	233.33332824707
42.4599990844727	306.666656494141
42.4700012207031	253.33332824707
42.4799995422363	213.33332824707
42.4900016784668	240
42.5	240
42.5099983215332	220
42.5200004577637	193.33332824707
42.5299987792969	160
42.5400009155273	200
42.5499992370605	240
42.560001373291	180
42.5699996948242	213.33332824707
42.5800018310547	220
42.5900001525879	240
42.5999984741211	226.66667175293
42.6100006103516	233.33332824707
42.6199989318848	226.66667175293
42.6300010681152	206.66667175293
42.6399993896484	213.33332824707
42.6500015258789	226.66667175293
42.6599998474121	220
42.6699981689453	206.66667175293
42.6800003051758	213.33332824707
42.689998626709	226.66667175293
42.7000007629395	240
42.7099990844727	226.66667175293
42.7200012207031	233.33332824707
42.7299995422363	226.66667175293
42.7400016784668	206.66667175293
42.75	233.33332824707
42.7599983215332	233.33332824707
42.7700004577637	180
42.7799987792969	200
42.7900009155273	233.33332824707
42.7999992370605	160
42.810001373291	240
42.8199996948242	186.66667175293
42.8300018310547	226.66667175293
42.8400001525879	240
42.8499984741211	266.666656494141
42.8600006103516	273.333343505859
42.8699989318848	220
42.8800010681152	180
42.8899993896484	133.33332824707
42.9000015258789	220
42.9099998474121	233.33332824707
42.9199981689453	213.33332824707
42.9300003051758	133.33332824707
42.939998626709	213.33332824707
42.9500007629395	220
42.9599990844727	233.33332824707
42.9700012207031	193.33332824707
42.9799995422363	213.33332824707
42.9900016784668	266.666656494141
43	213.33332824707
43.0099983215332	140
43.0200004577637	166.66667175293
43.0299987792969	206.66667175293
43.0400009155273	193.33332824707
43.0499992370605	206.66667175293
43.060001373291	193.33332824707
43.0699996948242	220
43.0800018310547	140
43.0900001525879	193.33332824707
43.0999984741211	180
43.1100006103516	213.33332824707
43.1199989318848	186.66667175293
43.1300010681152	213.33332824707
43.1399993896484	226.66667175293
43.1500015258789	173.33332824707
43.1599998474121	240
43.1699981689453	226.66667175293
43.1800003051758	233.33332824707
43.189998626709	180
43.2000007629395	213.33332824707
43.2099990844727	280
43.2200012207031	233.33332824707
43.2299995422363	213.33332824707
43.2400016784668	180
43.25	220
43.2599983215332	200
43.2700004577637	266.666656494141
43.2799987792969	240
43.2900009155273	206.66667175293
43.2999992370605	213.33332824707
43.310001373291	180
43.3199996948242	166.66667175293
43.3300018310547	193.33332824707
43.3400001525879	186.66667175293
43.3499984741211	186.66667175293
43.3600006103516	193.33332824707
43.3699989318848	226.66667175293
43.3800010681152	260
43.3899993896484	173.33332824707
43.4000015258789	186.66667175293
43.4099998474121	206.66667175293
43.4199981689453	160
43.4300003051758	173.33332824707
43.439998626709	300
43.4500007629395	206.66667175293
43.4599990844727	233.33332824707
43.4700012207031	233.33332824707
43.4799995422363	213.33332824707
43.4900016784668	233.33332824707
43.5	193.33332824707
43.5099983215332	160
43.5200004577637	166.66667175293
43.5299987792969	213.33332824707
43.5400009155273	213.33332824707
43.5499992370605	226.66667175293
43.560001373291	206.66667175293
43.5699996948242	173.33332824707
43.5800018310547	140
43.5900001525879	193.33332824707
43.5999984741211	193.33332824707
43.6100006103516	233.33332824707
43.6199989318848	140
43.6300010681152	200
43.6399993896484	186.66667175293
43.6500015258789	166.66667175293
43.6599998474121	200
43.6699981689453	166.66667175293
43.6800003051758	220
43.689998626709	240
43.7000007629395	266.666656494141
43.7099990844727	226.66667175293
43.7200012207031	173.33332824707
43.7299995422363	180
43.7400016784668	220
43.75	186.66667175293
43.7599983215332	213.33332824707
43.7700004577637	253.33332824707
43.7799987792969	180
43.7900009155273	166.66667175293
43.7999992370605	193.33332824707
43.810001373291	233.33332824707
43.8199996948242	186.66667175293
43.8300018310547	253.33332824707
43.8400001525879	193.33332824707
43.8499984741211	153.33332824707
43.8600006103516	186.66667175293
43.8699989318848	180
43.8800010681152	173.33332824707
43.8899993896484	140
43.9000015258789	160
43.9099998474121	166.66667175293
43.9199981689453	160
43.9300003051758	173.33332824707
43.939998626709	193.33332824707
43.9500007629395	180
43.9599990844727	160
43.9700012207031	140
43.9799995422363	200
43.9900016784668	133.33332824707
44	153.33332824707
44.0099983215332	126.666664123535
44.0200004577637	206.66667175293
44.0299987792969	140
44.0400009155273	166.66667175293
44.0499992370605	186.66667175293
44.060001373291	186.66667175293
44.0699996948242	193.33332824707
44.0800018310547	193.33332824707
44.0900001525879	160
44.0999984741211	180
44.1100006103516	180
44.1199989318848	186.66667175293
44.1300010681152	113.333335876465
44.1399993896484	140
44.1500015258789	140
44.1599998474121	133.33332824707
44.1699981689453	193.33332824707
44.1800003051758	206.66667175293
44.189998626709	226.66667175293
44.2000007629395	206.66667175293
44.2099990844727	233.33332824707
44.2200012207031	200
44.2299995422363	186.66667175293
44.2400016784668	153.33332824707
44.25	153.33332824707
44.2599983215332	146.66667175293
44.2700004577637	186.66667175293
44.2799987792969	206.66667175293
44.2900009155273	166.66667175293
44.2999992370605	133.33332824707
44.310001373291	160
44.3199996948242	186.66667175293
44.3300018310547	160
44.3400001525879	126.666664123535
44.3499984741211	146.66667175293
44.3600006103516	200
44.3699989318848	160
44.3800010681152	133.33332824707
44.3899993896484	153.33332824707
44.4000015258789	160
44.4099998474121	160
44.4199981689453	160
44.4300003051758	233.33332824707
44.439998626709	186.66667175293
44.4500007629395	200
44.4599990844727	186.66667175293
44.4700012207031	120
44.4799995422363	180
44.4900016784668	153.33332824707
44.5	180
44.5099983215332	153.33332824707
44.5200004577637	126.666664123535
44.5299987792969	200
44.5400009155273	173.33332824707
44.5499992370605	166.66667175293
44.560001373291	153.33332824707
44.5699996948242	200
44.5800018310547	180
44.5900001525879	126.666664123535
44.5999984741211	160
44.6100006103516	146.66667175293
44.6199989318848	186.66667175293
44.6300010681152	186.66667175293
44.6399993896484	140
44.6500015258789	180
44.6599998474121	153.33332824707
44.6699981689453	173.33332824707
44.6800003051758	180
44.689998626709	180
44.7000007629395	166.66667175293
44.7099990844727	146.66667175293
44.7200012207031	213.33332824707
44.7299995422363	160
44.7400016784668	146.66667175293
44.75	200
44.7599983215332	113.333335876465
44.7700004577637	180
44.7799987792969	146.66667175293
44.7900009155273	213.33332824707
44.7999992370605	180
44.810001373291	120
44.8199996948242	200
44.8300018310547	173.33332824707
44.8400001525879	173.33332824707
44.8499984741211	193.33332824707
44.8600006103516	153.33332824707
44.8699989318848	206.66667175293
44.8800010681152	220
44.8899993896484	120
44.9000015258789	126.666664123535
44.9099998474121	160
44.9199981689453	213.33332824707
44.9300003051758	160
44.939998626709	193.33332824707
44.9500007629395	186.66667175293
44.9599990844727	180
44.9700012207031	160
44.9799995422363	193.33332824707
44.9900016784668	160
45	220
45.0099983215332	180
45.0200004577637	140
45.0299987792969	146.66667175293
45.0400009155273	166.66667175293
45.0499992370605	113.333335876465
45.060001373291	206.66667175293
45.0699996948242	126.666664123535
45.0800018310547	140
45.0900001525879	193.33332824707
45.0999984741211	200
45.1100006103516	206.66667175293
45.1199989318848	173.33332824707
45.1300010681152	180
45.1399993896484	120
45.1500015258789	140
45.1599998474121	140
45.1699981689453	100
45.1800003051758	173.33332824707
45.189998626709	146.66667175293
45.2000007629395	226.66667175293
45.2099990844727	126.666664123535
45.2200012207031	160
45.2299995422363	193.33332824707
45.2400016784668	200
45.25	193.33332824707
45.2599983215332	226.66667175293
45.2700004577637	180
45.2799987792969	180
45.2900009155273	173.33332824707
45.2999992370605	153.33332824707
45.310001373291	113.333335876465
45.3199996948242	146.66667175293
45.3300018310547	220
45.3400001525879	133.33332824707
45.3499984741211	173.33332824707
45.3600006103516	140
45.3699989318848	206.66667175293
45.3800010681152	140
45.3899993896484	213.33332824707
45.4000015258789	140
45.4099998474121	173.33332824707
45.4199981689453	166.66667175293
45.4300003051758	160
45.439998626709	200
45.4500007629395	153.33332824707
45.4599990844727	166.66667175293
45.4700012207031	133.33332824707
45.4799995422363	106.666664123535
45.4900016784668	120
45.5	126.666664123535
45.5099983215332	160
45.5200004577637	173.33332824707
45.5299987792969	106.666664123535
45.5400009155273	173.33332824707
45.5499992370605	120
45.560001373291	140
45.5699996948242	153.33332824707
45.5800018310547	180
45.5900001525879	186.66667175293
45.5999984741211	206.66667175293
45.6100006103516	206.66667175293
45.6199989318848	220
45.6300010681152	126.666664123535
45.6399993896484	193.33332824707
45.6500015258789	106.666664123535
45.6599998474121	173.33332824707
45.6699981689453	206.66667175293
45.6800003051758	140
45.689998626709	113.333335876465
45.7000007629395	140
45.7099990844727	186.66667175293
45.7200012207031	200
45.7299995422363	153.33332824707
45.7400016784668	146.66667175293
45.75	166.66667175293
45.7599983215332	126.666664123535
45.7700004577637	153.33332824707
45.7799987792969	160
45.7900009155273	186.66667175293
45.7999992370605	220
45.810001373291	173.33332824707
45.8199996948242	166.66667175293
45.8300018310547	160
45.8400001525879	173.33332824707
45.8499984741211	213.33332824707
45.8600006103516	213.33332824707
45.8699989318848	153.33332824707
45.8800010681152	200
45.8899993896484	153.33332824707
45.9000015258789	140
45.9099998474121	173.33332824707
45.9199981689453	226.66667175293
45.9300003051758	146.66667175293
45.939998626709	126.666664123535
45.9500007629395	180
45.9599990844727	153.33332824707
45.9700012207031	220
45.9799995422363	173.33332824707
45.9900016784668	193.33332824707
46	153.33332824707
46.0099983215332	193.33332824707
46.0200004577637	180
46.0299987792969	160
46.0400009155273	133.33332824707
46.0499992370605	113.333335876465
46.060001373291	140
46.0699996948242	180
46.0800018310547	160
46.0900001525879	133.33332824707
46.0999984741211	146.66667175293
46.1100006103516	140
46.1199989318848	146.66667175293
46.1300010681152	146.66667175293
46.1399993896484	146.66667175293
46.1500015258789	140
46.1599998474121	153.33332824707
46.1699981689453	146.66667175293
46.1800003051758	200
46.189998626709	173.33332824707
46.2000007629395	166.66667175293
46.2099990844727	153.33332824707
46.2200012207031	160
46.2299995422363	220
46.2400016784668	226.66667175293
46.25	126.666664123535
46.2599983215332	120
46.2700004577637	160
46.2799987792969	146.66667175293
46.2900009155273	160
46.2999992370605	160
46.310001373291	86.6666641235352
46.3199996948242	200
46.3300018310547	140
46.3400001525879	120
46.3499984741211	166.66667175293
46.3600006103516	186.66667175293
46.3699989318848	193.33332824707
46.3800010681152	146.66667175293
46.3899993896484	180
46.4000015258789	186.66667175293
46.4099998474121	166.66667175293
46.4199981689453	146.66667175293
46.4300003051758	146.66667175293
46.439998626709	180
46.4500007629395	200
46.4599990844727	140
46.4700012207031	113.333335876465
46.4799995422363	146.66667175293
46.4900016784668	133.33332824707
46.5	186.66667175293
46.5099983215332	146.66667175293
46.5200004577637	153.33332824707
46.5299987792969	173.33332824707
46.5400009155273	166.66667175293
46.5499992370605	160
46.560001373291	133.33332824707
46.5699996948242	146.66667175293
46.5800018310547	146.66667175293
46.5900001525879	140
46.5999984741211	186.66667175293
46.6100006103516	160
46.6199989318848	186.66667175293
46.6300010681152	173.33332824707
46.6399993896484	160
46.6500015258789	146.66667175293
46.6599998474121	140
46.6699981689453	133.33332824707
46.6800003051758	133.33332824707
46.689998626709	240
46.7000007629395	166.66667175293
46.7099990844727	126.666664123535
46.7200012207031	120
46.7299995422363	133.33332824707
46.7400016784668	200
46.75	146.66667175293
46.7599983215332	106.666664123535
46.7700004577637	133.33332824707
46.7799987792969	200
46.7900009155273	126.666664123535
46.7999992370605	180
46.810001373291	200
46.8199996948242	213.33332824707
46.8300018310547	160
46.8400001525879	120
46.8499984741211	153.33332824707
46.8600006103516	173.33332824707
46.8699989318848	166.66667175293
46.8800010681152	100
46.8899993896484	113.333335876465
46.9000015258789	126.666664123535
46.9099998474121	193.33332824707
46.9199981689453	173.33332824707
46.9300003051758	120
46.939998626709	133.33332824707
46.9500007629395	200
46.9599990844727	193.33332824707
46.9700012207031	180
46.9799995422363	193.33332824707
46.9900016784668	186.66667175293
47	193.33332824707
47.0099983215332	146.66667175293
47.0200004577637	173.33332824707
47.0299987792969	160
47.0400009155273	166.66667175293
47.0499992370605	146.66667175293
47.060001373291	120
47.0699996948242	193.33332824707
47.0800018310547	126.666664123535
47.0900001525879	140
47.0999984741211	146.66667175293
47.1100006103516	193.33332824707
47.1199989318848	160
47.1300010681152	180
47.1399993896484	180
47.1500015258789	166.66667175293
47.1599998474121	173.33332824707
47.1699981689453	213.33332824707
47.1800003051758	166.66667175293
47.189998626709	153.33332824707
47.2000007629395	220
47.2099990844727	133.33332824707
47.2200012207031	180
47.2299995422363	180
47.2400016784668	133.33332824707
47.25	153.33332824707
47.2599983215332	126.666664123535
47.2700004577637	173.33332824707
47.2799987792969	180
47.2900009155273	100
47.2999992370605	193.33332824707
47.310001373291	120
47.3199996948242	113.333335876465
47.3300018310547	120
47.3400001525879	126.666664123535
47.3499984741211	126.666664123535
47.3600006103516	133.33332824707
47.3699989318848	120
47.3800010681152	166.66667175293
47.3899993896484	160
47.4000015258789	166.66667175293
47.4099998474121	166.66667175293
47.4199981689453	100
47.4300003051758	186.66667175293
47.439998626709	200
47.4500007629395	206.66667175293
47.4599990844727	120
47.4700012207031	133.33332824707
47.4799995422363	173.33332824707
47.4900016784668	120
47.5	153.33332824707
47.5099983215332	240
47.5200004577637	166.66667175293
47.5299987792969	126.666664123535
47.5400009155273	166.66667175293
47.5499992370605	133.33332824707
47.560001373291	180
47.5699996948242	160
47.5800018310547	100
47.5900001525879	180
47.5999984741211	146.66667175293
47.6100006103516	120
47.6199989318848	166.66667175293
47.6300010681152	113.333335876465
47.6399993896484	200
47.6500015258789	133.33332824707
47.6599998474121	166.66667175293
47.6699981689453	140
47.6800003051758	160
47.689998626709	186.66667175293
47.7000007629395	173.33332824707
47.7099990844727	186.66667175293
47.7200012207031	206.66667175293
47.7299995422363	166.66667175293
47.7400016784668	153.33332824707
47.75	146.66667175293
47.7599983215332	153.33332824707
47.7700004577637	126.666664123535
47.7799987792969	120
47.7900009155273	180
47.7999992370605	173.33332824707
47.810001373291	166.66667175293
47.8199996948242	146.66667175293
47.8300018310547	146.66667175293
47.8400001525879	106.666664123535
47.8499984741211	200
47.8600006103516	173.33332824707
47.8699989318848	153.33332824707
47.8800010681152	126.666664123535
47.8899993896484	166.66667175293
47.9000015258789	93.3333358764648
47.9099998474121	160
47.9199981689453	173.33332824707
47.9300003051758	146.66667175293
47.939998626709	186.66667175293
47.9500007629395	200
47.9599990844727	200
47.9700012207031	126.666664123535
47.9799995422363	140
47.9900016784668	93.3333358764648
48	153.33332824707
48.0099983215332	133.33332824707
48.0200004577637	153.33332824707
48.0299987792969	160
48.0400009155273	153.33332824707
48.0499992370605	146.66667175293
48.060001373291	146.66667175293
48.0699996948242	193.33332824707
48.0800018310547	153.33332824707
48.0900001525879	166.66667175293
48.0999984741211	186.66667175293
48.1100006103516	160
48.1199989318848	173.33332824707
48.1300010681152	166.66667175293
48.1399993896484	153.33332824707
48.1500015258789	140
48.1599998474121	160
48.1699981689453	160
48.1800003051758	206.66667175293
48.189998626709	140
48.2000007629395	140
48.2099990844727	186.66667175293
48.2200012207031	126.666664123535
48.2299995422363	133.33332824707
48.2400016784668	146.66667175293
48.25	146.66667175293
48.2599983215332	153.33332824707
48.2700004577637	106.666664123535
48.2799987792969	146.66667175293
48.2900009155273	133.33332824707
48.2999992370605	206.66667175293
48.310001373291	146.66667175293
48.3199996948242	146.66667175293
48.3300018310547	133.33332824707
48.3400001525879	120
48.3499984741211	186.66667175293
48.3600006103516	140
48.3699989318848	120
48.3800010681152	140
48.3899993896484	213.33332824707
48.4000015258789	173.33332824707
48.4099998474121	106.666664123535
48.4199981689453	153.33332824707
48.4300003051758	120
48.439998626709	206.66667175293
48.4500007629395	126.666664123535
48.4599990844727	166.66667175293
48.4700012207031	126.666664123535
48.4799995422363	133.33332824707
48.4900016784668	146.66667175293
48.5	120
48.5099983215332	193.33332824707
48.5200004577637	166.66667175293
48.5299987792969	186.66667175293
48.5400009155273	173.33332824707
48.5499992370605	173.33332824707
48.560001373291	120
48.5699996948242	160
48.5800018310547	160
48.5900001525879	153.33332824707
48.5999984741211	133.33332824707
48.6100006103516	153.33332824707
48.6199989318848	160
48.6300010681152	186.66667175293
48.6399993896484	233.33332824707
48.6500015258789	213.33332824707
48.6599998474121	140
48.6699981689453	186.66667175293
48.6800003051758	126.666664123535
48.689998626709	200
48.7000007629395	160
48.7099990844727	146.66667175293
48.7200012207031	140
48.7299995422363	166.66667175293
48.7400016784668	233.33332824707
48.75	213.33332824707
48.7599983215332	133.33332824707
48.7700004577637	180
48.7799987792969	153.33332824707
48.7900009155273	106.666664123535
48.7999992370605	120
48.810001373291	213.33332824707
48.8199996948242	146.66667175293
48.8300018310547	166.66667175293
48.8400001525879	186.66667175293
48.8499984741211	160
48.8600006103516	126.666664123535
48.8699989318848	200
48.8800010681152	153.33332824707
48.8899993896484	193.33332824707
48.9000015258789	160
48.9099998474121	180
48.9199981689453	180
48.9300003051758	173.33332824707
48.939998626709	133.33332824707
48.9500007629395	166.66667175293
48.9599990844727	133.33332824707
48.9700012207031	153.33332824707
48.9799995422363	113.333335876465
48.9900016784668	146.66667175293
49	173.33332824707
49.0099983215332	233.33332824707
49.0200004577637	166.66667175293
49.0299987792969	186.66667175293
49.0400009155273	133.33332824707
49.0499992370605	166.66667175293
49.060001373291	160
49.0699996948242	120
49.0800018310547	186.66667175293
49.0900001525879	166.66667175293
49.0999984741211	160
49.1100006103516	213.33332824707
49.1199989318848	213.33332824707
49.1300010681152	146.66667175293
49.1399993896484	146.66667175293
49.1500015258789	173.33332824707
49.1599998474121	153.33332824707
49.1699981689453	133.33332824707
49.1800003051758	173.33332824707
49.189998626709	146.66667175293
49.2000007629395	193.33332824707
49.2099990844727	246.66667175293
49.2200012207031	146.66667175293
49.2299995422363	133.33332824707
49.2400016784668	193.33332824707
49.25	180
49.2599983215332	180
49.2700004577637	180
49.2799987792969	153.33332824707
49.2900009155273	166.66667175293
49.2999992370605	200
49.310001373291	173.33332824707
49.3199996948242	193.33332824707
49.3300018310547	173.33332824707
49.3400001525879	193.33332824707
49.3499984741211	180
49.3600006103516	120
49.3699989318848	126.666664123535
49.3800010681152	200
49.3899993896484	226.66667175293
49.4000015258789	186.66667175293
49.4099998474121	153.33332824707
49.4199981689453	173.33332824707
49.4300003051758	213.33332824707
49.439998626709	186.66667175293
49.4500007629395	193.33332824707
49.4599990844727	180
49.4700012207031	160
49.4799995422363	200
49.4900016784668	153.33332824707
49.5	153.33332824707
49.5099983215332	200
49.5200004577637	186.66667175293
49.5299987792969	200
49.5400009155273	226.66667175293
49.5499992370605	166.66667175293
49.560001373291	160
49.5699996948242	140
49.5800018310547	220
49.5900001525879	133.33332824707
49.5999984741211	173.33332824707
49.6100006103516	193.33332824707
49.6199989318848	153.33332824707
49.6300010681152	206.66667175293
49.6399993896484	226.66667175293
49.6500015258789	220
49.6599998474121	140
49.6699981689453	173.33332824707
49.6800003051758	153.33332824707
49.689998626709	166.66667175293
49.7000007629395	160
49.7099990844727	200
49.7200012207031	133.33332824707
49.7299995422363	180
49.7400016784668	186.66667175293
49.75	206.66667175293
49.7599983215332	166.66667175293
49.7700004577637	153.33332824707
49.7799987792969	180
49.7900009155273	186.66667175293
49.7999992370605	160
49.810001373291	166.66667175293
49.8199996948242	160
49.8300018310547	133.33332824707
49.8400001525879	186.66667175293
49.8499984741211	180
49.8600006103516	133.33332824707
49.8699989318848	186.66667175293
49.8800010681152	160
49.8899993896484	173.33332824707
49.9000015258789	226.66667175293
49.9099998474121	213.33332824707
49.9199981689453	186.66667175293
49.9300003051758	166.66667175293
49.939998626709	160
49.9500007629395	153.33332824707
49.9599990844727	180
49.9700012207031	206.66667175293
49.9799995422363	213.33332824707
49.9900016784668	220
50	220
50.0099983215332	233.33332824707
50.0200004577637	220
50.0299987792969	100
50.0400009155273	240
50.0499992370605	180
50.060001373291	186.66667175293
50.0699996948242	200
50.0800018310547	193.33332824707
50.0900001525879	166.66667175293
50.0999984741211	200
50.1100006103516	173.33332824707
50.1199989318848	200
50.1300010681152	186.66667175293
50.1399993896484	173.33332824707
50.1500015258789	213.33332824707
50.1599998474121	173.33332824707
50.1699981689453	233.33332824707
50.1800003051758	220
50.189998626709	233.33332824707
50.2000007629395	153.33332824707
50.2099990844727	220
50.2200012207031	180
50.2299995422363	186.66667175293
50.2400016784668	206.66667175293
50.25	200
50.2599983215332	160
50.2700004577637	193.33332824707
50.2799987792969	186.66667175293
50.2900009155273	200
50.2999992370605	173.33332824707
50.310001373291	166.66667175293
50.3199996948242	186.66667175293
50.3300018310547	180
50.3400001525879	173.33332824707
50.3499984741211	186.66667175293
50.3600006103516	213.33332824707
50.3699989318848	173.33332824707
50.3800010681152	260
50.3899993896484	200
50.4000015258789	180
50.4099998474121	220
50.4199981689453	233.33332824707
50.4300003051758	193.33332824707
50.439998626709	220
50.4500007629395	226.66667175293
50.4599990844727	213.33332824707
50.4700012207031	206.66667175293
50.4799995422363	206.66667175293
50.4900016784668	200
50.5	173.33332824707
50.5099983215332	220
50.5200004577637	193.33332824707
50.5299987792969	233.33332824707
50.5400009155273	173.33332824707
50.5499992370605	253.33332824707
50.560001373291	193.33332824707
50.5699996948242	240
50.5800018310547	200
50.5900001525879	226.66667175293
50.5999984741211	173.33332824707
50.6100006103516	213.33332824707
50.6199989318848	193.33332824707
50.6300010681152	160
50.6399993896484	193.33332824707
50.6500015258789	200
50.6599998474121	193.33332824707
50.6699981689453	180
50.6800003051758	173.33332824707
50.689998626709	180
50.7000007629395	193.33332824707
50.7099990844727	220
50.7200012207031	233.33332824707
50.7299995422363	180
50.7400016784668	213.33332824707
50.75	240
50.7599983215332	193.33332824707
50.7700004577637	206.66667175293
50.7799987792969	186.66667175293
50.7900009155273	193.33332824707
50.7999992370605	246.66667175293
50.810001373291	220
50.8199996948242	253.33332824707
50.8300018310547	206.66667175293
50.8400001525879	260
50.8499984741211	226.66667175293
50.8600006103516	246.66667175293
50.8699989318848	226.66667175293
50.8800010681152	200
50.8899993896484	260
50.9000015258789	180
50.9099998474121	233.33332824707
50.9199981689453	286.666656494141
50.9300003051758	186.66667175293
50.939998626709	240
50.9500007629395	233.33332824707
50.9599990844727	193.33332824707
50.9700012207031	213.33332824707
50.9799995422363	233.33332824707
50.9900016784668	226.66667175293
51	240
51.0099983215332	180
51.0200004577637	293.333343505859
51.0299987792969	173.33332824707
51.0400009155273	173.33332824707
51.0499992370605	246.66667175293
51.060001373291	206.66667175293
51.0699996948242	273.333343505859
51.0800018310547	193.33332824707
51.0900001525879	233.33332824707
51.0999984741211	266.666656494141
51.1100006103516	213.33332824707
51.1199989318848	240
51.1300010681152	253.33332824707
51.1399993896484	200
51.1500015258789	260
51.1599998474121	220
51.1699981689453	293.333343505859
51.1800003051758	286.666656494141
51.189998626709	213.33332824707
51.2000007629395	246.66667175293
51.2099990844727	220
51.2200012207031	233.33332824707
51.2299995422363	260
51.2400016784668	253.33332824707
51.25	266.666656494141
51.2599983215332	226.66667175293
51.2700004577637	306.666656494141
51.2799987792969	213.33332824707
51.2900009155273	180
51.2999992370605	213.33332824707
51.310001373291	233.33332824707
51.3199996948242	253.33332824707
51.3300018310547	280
51.3400001525879	220
51.3499984741211	280
51.3600006103516	280
51.3699989318848	320
51.3800010681152	293.333343505859
51.3899993896484	280
51.4000015258789	260
51.4099998474121	253.33332824707
51.4199981689453	266.666656494141
51.4300003051758	193.33332824707
51.439998626709	206.66667175293
51.4500007629395	253.33332824707
51.4599990844727	260
51.4700012207031	280
51.4799995422363	260
51.4900016784668	266.666656494141
51.5	260
51.5099983215332	273.333343505859
51.5200004577637	206.66667175293
51.5299987792969	280
51.5400009155273	233.33332824707
51.5499992370605	293.333343505859
51.560001373291	273.333343505859
51.5699996948242	220
51.5800018310547	306.666656494141
51.5900001525879	273.333343505859
51.5999984741211	220
51.6100006103516	333.333343505859
51.6199989318848	266.666656494141
51.6300010681152	320
51.6399993896484	326.666656494141
51.6500015258789	286.666656494141
51.6599998474121	226.66667175293
51.6699981689453	273.333343505859
51.6800003051758	266.666656494141
51.689998626709	300
51.7000007629395	273.333343505859
51.7099990844727	280
51.7200012207031	260
51.7299995422363	266.666656494141
51.7400016784668	273.333343505859
51.75	273.333343505859
51.7599983215332	253.33332824707
51.7700004577637	233.33332824707
51.7799987792969	253.33332824707
51.7900009155273	226.66667175293
51.7999992370605	273.333343505859
51.810001373291	193.33332824707
51.8199996948242	213.33332824707
51.8300018310547	273.333343505859
51.8400001525879	206.66667175293
51.8499984741211	273.333343505859
51.8600006103516	300
51.8699989318848	286.666656494141
51.8800010681152	246.66667175293
51.8899993896484	300
51.9000015258789	206.66667175293
51.9099998474121	286.666656494141
51.9199981689453	300
51.9300003051758	253.33332824707
51.939998626709	186.66667175293
51.9500007629395	226.66667175293
51.9599990844727	273.333343505859
51.9700012207031	246.66667175293
51.9799995422363	240
51.9900016784668	240
52	353.333343505859
52.0099983215332	433.333343505859
52.0200004577637	313.333343505859
52.0299987792969	293.333343505859
52.0400009155273	233.33332824707
52.0499992370605	233.33332824707
52.060001373291	293.333343505859
52.0699996948242	360
52.0800018310547	393.333343505859
52.0900001525879	286.666656494141
52.0999984741211	273.333343505859
52.1100006103516	360
52.1199989318848	293.333343505859
52.1300010681152	340
52.1399993896484	353.333343505859
52.1500015258789	300
52.1599998474121	326.666656494141
52.1699981689453	386.666656494141
52.1800003051758	273.333343505859
52.189998626709	326.666656494141
52.2000007629395	413.333343505859
52.2099990844727	280
52.2200012207031	340
52.2299995422363	273.333343505859
52.2400016784668	326.666656494141
52.25	313.333343505859
52.2599983215332	386.666656494141
52.2700004577637	433.333343505859
52.2799987792969	420
52.2900009155273	360
52.2999992370605	366.666656494141
52.310001373291	446.666656494141
52.3199996948242	373.333343505859
52.3300018310547	386.666656494141
52.3400001525879	320
52.3499984741211	313.333343505859
52.3600006103516	180
52.3699989318848	393.333343505859
52.3800010681152	293.333343505859
52.3899993896484	333.333343505859
52.4000015258789	420
52.4099998474121	346.666656494141
52.4199981689453	300
52.4300003051758	306.666656494141
52.439998626709	360
52.4500007629395	380
52.4599990844727	340
52.4700012207031	313.333343505859
52.4799995422363	393.333343505859
52.4900016784668	320
52.5	266.666656494141
52.5099983215332	333.333343505859
52.5200004577637	453.333343505859
52.5299987792969	386.666656494141
52.5400009155273	406.666656494141
52.5499992370605	340
52.560001373291	433.333343505859
52.5699996948242	406.666656494141
52.5800018310547	353.333343505859
52.5900001525879	386.666656494141
52.5999984741211	406.666656494141
52.6100006103516	440
52.6199989318848	333.333343505859
52.6300010681152	433.333343505859
52.6399993896484	453.333343505859
52.6500015258789	380
52.6599998474121	406.666656494141
52.6699981689453	406.666656494141
52.6800003051758	486.666656494141
52.689998626709	406.666656494141
52.7000007629395	453.333343505859
52.7099990844727	466.666656494141
52.7200012207031	506.666656494141
52.7299995422363	460
52.7400016784668	420
52.75	406.666656494141
52.7599983215332	546.666687011719
52.7700004577637	466.666656494141
52.7799987792969	446.666656494141
52.7900009155273	486.666656494141
52.7999992370605	680
52.810001373291	593.333312988281
52.8199996948242	633.333312988281
52.8300018310547	626.666687011719
52.8400001525879	706.666687011719
52.8499984741211	753.333312988281
52.8600006103516	806.666687011719
52.8699989318848	780
52.8800010681152	966.666687011719
52.8899993896484	1053.33337402344
52.9000015258789	1006.66668701172
52.9099998474121	1226.66662597656
52.9199981689453	1440
52.9300003051758	1606.66662597656
52.939998626709	1413.33337402344
52.9500007629395	1620
52.9599990844727	1566.66662597656
52.9700012207031	1513.33337402344
52.9799995422363	1553.33337402344
52.9900016784668	1300
53	1240
53.0099983215332	1320
53.0200004577637	1186.66662597656
53.0299987792969	1100
53.0400009155273	1166.66662597656
53.0499992370605	1200
53.060001373291	1140
53.0699996948242	1140
53.0800018310547	1233.33337402344
53.0900001525879	1280
53.0999984741211	1026.66662597656
53.1100006103516	1086.66662597656
53.1199989318848	1146.66662597656
53.1300010681152	953.333312988281
53.1399993896484	873.333312988281
53.1500015258789	933.333312988281
53.1599998474121	873.333312988281
53.1699981689453	793.333312988281
53.1800003051758	773.333312988281
53.189998626709	700
53.2000007629395	626.666687011719
53.2099990844727	613.333312988281
53.2200012207031	593.333312988281
53.2299995422363	560
53.2400016784668	553.333312988281
53.25	580
53.2599983215332	526.666687011719
53.2700004577637	626.666687011719
53.2799987792969	553.333312988281
53.2900009155273	466.666656494141
53.2999992370605	506.666656494141
53.310001373291	553.333312988281
53.3199996948242	606.666687011719
53.3300018310547	440
53.3400001525879	406.666656494141
53.3499984741211	540
53.3600006103516	506.666656494141
53.3699989318848	493.333343505859
53.3800010681152	460
53.3899993896484	480
53.4000015258789	473.333343505859
53.4099998474121	486.666656494141
53.4199981689453	420
53.4300003051758	446.666656494141
53.439998626709	526.666687011719
53.4500007629395	506.666656494141
53.4599990844727	360
53.4700012207031	400
53.4799995422363	533.333312988281
53.4900016784668	493.333343505859
53.5	513.333312988281
53.5099983215332	520
53.5200004577637	446.666656494141
53.5299987792969	606.666687011719
53.5400009155273	520
53.5499992370605	533.333312988281
53.560001373291	520
53.5699996948242	526.666687011719
53.5800018310547	540
53.5900001525879	440
53.5999984741211	373.333343505859
53.6100006103516	493.333343505859
53.6199989318848	446.666656494141
53.6300010681152	440
53.6399993896484	520
53.6500015258789	500
53.6599998474121	526.666687011719
53.6699981689453	540
53.6800003051758	466.666656494141
53.689998626709	506.666656494141
53.7000007629395	460
53.7099990844727	553.333312988281
53.7200012207031	580
53.7299995422363	406.666656494141
53.7400016784668	546.666687011719
53.75	566.666687011719
53.7599983215332	506.666656494141
53.7700004577637	420
53.7799987792969	446.666656494141
53.7900009155273	533.333312988281
53.7999992370605	513.333312988281
53.810001373291	493.333343505859
53.8199996948242	473.333343505859
53.8300018310547	380
53.8400001525879	500
53.8499984741211	420
53.8600006103516	393.333343505859
53.8699989318848	600
53.8800010681152	453.333343505859
53.8899993896484	546.666687011719
53.9000015258789	593.333312988281
53.9099998474121	513.333312988281
53.9199981689453	460
53.9300003051758	446.666656494141
53.939998626709	506.666656494141
53.9500007629395	413.333343505859
53.9599990844727	433.333343505859
53.9700012207031	560
53.9799995422363	466.666656494141
53.9900016784668	486.666656494141
54	440
54.0099983215332	506.666656494141
54.0200004577637	473.333343505859
54.0299987792969	626.666687011719
54.0400009155273	506.666656494141
54.0499992370605	506.666656494141
54.060001373291	440
54.0699996948242	480
54.0800018310547	606.666687011719
54.0900001525879	506.666656494141
54.0999984741211	413.333343505859
54.1100006103516	513.333312988281
54.1199989318848	526.666687011719
54.1300010681152	560
54.1399993896484	606.666687011719
54.1500015258789	580
54.1599998474121	446.666656494141
54.1699981689453	460
54.1800003051758	586.666687011719
54.189998626709	533.333312988281
54.2000007629395	400
54.2099990844727	453.333343505859
54.2200012207031	506.666656494141
54.2299995422363	460
54.2400016784668	480
54.25	626.666687011719
54.2599983215332	500
54.2700004577637	486.666656494141
54.2799987792969	413.333343505859
54.2900009155273	366.666656494141
54.2999992370605	433.333343505859
54.310001373291	453.333343505859
54.3199996948242	420
54.3300018310547	553.333312988281
54.3400001525879	533.333312988281
54.3499984741211	486.666656494141
54.3600006103516	353.333343505859
54.3699989318848	460
54.3800010681152	460
54.3899993896484	540
54.4000015258789	466.666656494141
54.4099998474121	480
54.4199981689453	526.666687011719
54.4300003051758	440
54.439998626709	440
54.4500007629395	546.666687011719
54.4599990844727	513.333312988281
54.4700012207031	500
54.4799995422363	413.333343505859
54.4900016784668	506.666656494141
54.5	466.666656494141
54.5099983215332	446.666656494141
54.5200004577637	473.333343505859
54.5299987792969	466.666656494141
54.5400009155273	466.666656494141
54.5499992370605	480
54.560001373291	580
54.5699996948242	540
54.5800018310547	466.666656494141
54.5900001525879	473.333343505859
54.5999984741211	500
54.6100006103516	480
54.6199989318848	573.333312988281
54.6300010681152	533.333312988281
54.6399993896484	453.333343505859
54.6500015258789	473.333343505859
54.6599998474121	393.333343505859
54.6699981689453	480
54.6800003051758	480
54.689998626709	460
54.7000007629395	553.333312988281
54.7099990844727	413.333343505859
54.7200012207031	460
54.7299995422363	446.666656494141
54.7400016784668	500
54.75	420
54.7599983215332	393.333343505859
54.7700004577637	486.666656494141
54.7799987792969	493.333343505859
54.7900009155273	406.666656494141
54.7999992370605	413.333343505859
54.810001373291	380
54.8199996948242	420
54.8300018310547	546.666687011719
54.8400001525879	506.666656494141
54.8499984741211	353.333343505859
54.8600006103516	493.333343505859
54.8699989318848	500
54.8800010681152	373.333343505859
54.8899993896484	473.333343505859
54.9000015258789	406.666656494141
54.9099998474121	420
54.9199981689453	380
54.9300003051758	453.333343505859
54.939998626709	446.666656494141
54.9500007629395	400
54.9599990844727	400
54.9700012207031	420
54.9799995422363	420
54.9900016784668	480
55	240
55.0099983215332	333.333343505859
55.0200004577637	400
55.0299987792969	473.333343505859
55.0400009155273	566.666687011719
55.0499992370605	406.666656494141
55.060001373291	453.333343505859
55.0699996948242	486.666656494141
55.0800018310547	373.333343505859
55.0900001525879	366.666656494141
55.0999984741211	366.666656494141
55.1100006103516	533.333312988281
55.1199989318848	400
55.1300010681152	373.333343505859
55.1399993896484	486.666656494141
55.1500015258789	393.333343505859
55.1599998474121	320
55.1699981689453	446.666656494141
55.1800003051758	433.333343505859
55.189998626709	406.666656494141
55.2000007629395	400
55.2099990844727	380
55.2200012207031	366.666656494141
55.2299995422363	393.333343505859
55.2400016784668	406.666656494141
55.25	433.333343505859
55.2599983215332	406.666656494141
55.2700004577637	353.333343505859
55.2799987792969	420
55.2900009155273	413.333343505859
55.2999992370605	440
55.310001373291	433.333343505859
55.3199996948242	326.666656494141
55.3300018310547	366.666656494141
55.3400001525879	433.333343505859
55.3499984741211	380
55.3600006103516	420
55.3699989318848	433.333343505859
55.3800010681152	420
55.3899993896484	413.333343505859
55.4000015258789	400
55.4099998474121	380
55.4199981689453	420
55.4300003051758	346.666656494141
55.439998626709	346.666656494141
55.4500007629395	393.333343505859
55.4599990844727	393.333343505859
55.4700012207031	406.666656494141
55.4799995422363	393.333343505859
55.4900016784668	400
55.5	366.666656494141
55.5099983215332	346.666656494141
55.5200004577637	446.666656494141
55.5299987792969	440
55.5400009155273	453.333343505859
55.5499992370605	400
55.560001373291	513.333312988281
55.5699996948242	480
55.5800018310547	366.666656494141
55.5900001525879	453.333343505859
55.5999984741211	340
55.6100006103516	353.333343505859
55.6199989318848	380
55.6300010681152	420
55.6399993896484	380
55.6500015258789	393.333343505859
55.6599998474121	293.333343505859
55.6699981689453	286.666656494141
55.6800003051758	373.333343505859
55.689998626709	373.333343505859
55.7000007629395	366.666656494141
55.7099990844727	313.333343505859
55.7200012207031	400
55.7299995422363	366.666656494141
55.7400016784668	400
55.75	380
55.7599983215332	373.333343505859
55.7700004577637	386.666656494141
55.7799987792969	353.333343505859
55.7900009155273	293.333343505859
55.7999992370605	386.666656494141
55.810001373291	300
55.8199996948242	380
55.8300018310547	373.333343505859
55.8400001525879	393.333343505859
55.8499984741211	353.333343505859
55.8600006103516	380
55.8699989318848	466.666656494141
55.8800010681152	353.333343505859
55.8899993896484	400
55.9000015258789	353.333343505859
55.9099998474121	313.333343505859
55.9199981689453	313.333343505859
55.9300003051758	266.666656494141
55.939998626709	326.666656494141
55.9500007629395	300
55.9599990844727	306.666656494141
55.9700012207031	340
55.9799995422363	293.333343505859
55.9900016784668	340
56	320
56.0099983215332	300
56.0200004577637	373.333343505859
56.0299987792969	320
56.0400009155273	393.333343505859
56.0499992370605	380
56.060001373291	366.666656494141
56.0699996948242	300
56.0800018310547	373.333343505859
56.0900001525879	433.333343505859
56.0999984741211	333.333343505859
56.1100006103516	360
56.1199989318848	346.666656494141
56.1300010681152	326.666656494141
56.1399993896484	353.333343505859
56.1500015258789	306.666656494141
56.1599998474121	280
56.1699981689453	293.333343505859
56.1800003051758	266.666656494141
56.189998626709	373.333343505859
56.2000007629395	346.666656494141
56.2099990844727	313.333343505859
56.2200012207031	293.333343505859
56.2299995422363	280
56.2400016784668	340
56.25	340
56.2599983215332	393.333343505859
56.2700004577637	280
56.2799987792969	333.333343505859
56.2900009155273	326.666656494141
56.2999992370605	406.666656494141
56.310001373291	340
56.3199996948242	353.333343505859
56.3300018310547	333.333343505859
56.3400001525879	306.666656494141
56.3499984741211	366.666656494141
56.3600006103516	326.666656494141
56.3699989318848	260
56.3800010681152	286.666656494141
56.3899993896484	320
56.4000015258789	300
56.4099998474121	260
56.4199981689453	326.666656494141
56.4300003051758	280
56.439998626709	213.33332824707
56.4500007629395	246.66667175293
56.4599990844727	386.666656494141
56.4700012207031	360
56.4799995422363	306.666656494141
56.4900016784668	286.666656494141
56.5	246.66667175293
56.5099983215332	240
56.5200004577637	320
56.5299987792969	313.333343505859
56.5400009155273	320
56.5499992370605	386.666656494141
56.560001373291	393.333343505859
56.5699996948242	333.333343505859
56.5800018310547	240
56.5900001525879	353.333343505859
56.5999984741211	300
56.6100006103516	340
56.6199989318848	300
56.6300010681152	293.333343505859
56.6399993896484	320
56.6500015258789	353.333343505859
56.6599998474121	313.333343505859
56.6699981689453	293.333343505859
56.6800003051758	346.666656494141
56.689998626709	226.66667175293
56.7000007629395	280
56.7099990844727	253.33332824707
56.7200012207031	386.666656494141
56.7299995422363	260
56.7400016784668	206.66667175293
56.75	280
56.7599983215332	313.333343505859
56.7700004577637	340
56.7799987792969	300
56.7900009155273	306.666656494141
56.7999992370605	306.666656494141
56.810001373291	266.666656494141
56.8199996948242	353.333343505859
56.8300018310547	353.333343505859
56.8400001525879	213.33332824707
56.8499984741211	213.33332824707
56.8600006103516	313.333343505859
56.8699989318848	293.333343505859
56.8800010681152	286.666656494141
56.8899993896484	333.333343505859
56.9000015258789	360
56.9099998474121	326.666656494141
56.9199981689453	433.333343505859
56.9300003051758	340
56.939998626709	300
56.9500007629395	226.66667175293
56.9599990844727	333.333343505859
56.9700012207031	320
56.9799995422363	246.66667175293
56.9900016784668	320
57	366.666656494141
57.0099983215332	300
57.0200004577637	266.666656494141
57.0299987792969	300
57.0400009155273	300
57.0499992370605	326.666656494141
57.060001373291	346.666656494141
57.0699996948242	266.666656494141
57.0800018310547	293.333343505859
57.0900001525879	333.333343505859
57.0999984741211	386.666656494141
57.1100006103516	300
57.1199989318848	313.333343505859
57.1300010681152	306.666656494141
57.1399993896484	273.333343505859
57.1500015258789	300
57.1599998474121	293.333343505859
57.1699981689453	380
57.1800003051758	366.666656494141
57.189998626709	293.333343505859
57.2000007629395	346.666656494141
57.2099990844727	286.666656494141
57.2200012207031	340
57.2299995422363	280
57.2400016784668	293.333343505859
57.25	306.666656494141
57.2599983215332	386.666656494141
57.2700004577637	293.333343505859
57.2799987792969	320
57.2900009155273	366.666656494141
57.2999992370605	313.333343505859
57.310001373291	286.666656494141
57.3199996948242	373.333343505859
57.3300018310547	306.666656494141
57.3400001525879	260
57.3499984741211	333.333343505859
57.3600006103516	306.666656494141
57.3699989318848	320
57.3800010681152	293.333343505859
57.3899993896484	340
57.4000015258789	306.666656494141
57.4099998474121	300
57.4199981689453	266.666656494141
57.4300003051758	340
57.439998626709	320
57.4500007629395	240
57.4599990844727	353.333343505859
57.4700012207031	260
57.4799995422363	320
57.4900016784668	273.333343505859
57.5	280
57.5099983215332	306.666656494141
57.5200004577637	266.666656494141
57.5299987792969	313.333343505859
57.5400009155273	333.333343505859
57.5499992370605	253.33332824707
57.560001373291	313.333343505859
57.5699996948242	253.33332824707
57.5800018310547	320
57.5900001525879	346.666656494141
57.5999984741211	360
57.6100006103516	286.666656494141
57.6199989318848	260
57.6300010681152	406.666656494141
57.6399993896484	320
57.6500015258789	253.33332824707
57.6599998474121	300
57.6699981689453	300
57.6800003051758	333.333343505859
57.689998626709	313.333343505859
57.7000007629395	233.33332824707
57.7099990844727	306.666656494141
57.7200012207031	300
57.7299995422363	300
57.7400016784668	293.333343505859
57.75	313.333343505859
57.7599983215332	320
57.7700004577637	340
57.7799987792969	286.666656494141
57.7900009155273	273.333343505859
57.7999992370605	226.66667175293
57.810001373291	313.333343505859
57.8199996948242	313.333343505859
57.8300018310547	286.666656494141
57.8400001525879	286.666656494141
57.8499984741211	320
57.8600006103516	320
57.8699989318848	333.333343505859
57.8800010681152	333.333343505859
57.8899993896484	300
57.9000015258789	253.33332824707
57.9099998474121	253.33332824707
57.9199981689453	340
57.9300003051758	320
57.939998626709	366.666656494141
57.9500007629395	280
57.9599990844727	206.66667175293
57.9700012207031	240
57.9799995422363	300
57.9900016784668	333.333343505859
58	320
58.0099983215332	333.333343505859
58.0200004577637	280
58.0299987792969	220
58.0400009155273	226.66667175293
58.0499992370605	280
58.060001373291	273.333343505859
58.0699996948242	213.33332824707
58.0800018310547	260
58.0900001525879	286.666656494141
58.0999984741211	280
58.1100006103516	280
58.1199989318848	260
58.1300010681152	280
58.1399993896484	366.666656494141
58.1500015258789	306.666656494141
58.1599998474121	306.666656494141
58.1699981689453	240
58.1800003051758	260
58.189998626709	260
58.2000007629395	286.666656494141
58.2099990844727	326.666656494141
58.2200012207031	266.666656494141
58.2299995422363	240
58.2400016784668	280
58.25	326.666656494141
58.2599983215332	280
58.2700004577637	300
58.2799987792969	340
58.2900009155273	226.66667175293
58.2999992370605	286.666656494141
58.310001373291	293.333343505859
58.3199996948242	293.333343505859
58.3300018310547	253.33332824707
58.3400001525879	300
58.3499984741211	313.333343505859
58.3600006103516	320
58.3699989318848	266.666656494141
58.3800010681152	200
58.3899993896484	300
58.4000015258789	286.666656494141
58.4099998474121	306.666656494141
58.4199981689453	300
58.4300003051758	306.666656494141
58.439998626709	306.666656494141
58.4500007629395	286.666656494141
58.4599990844727	220
58.4700012207031	213.33332824707
58.4799995422363	280
58.4900016784668	280
58.5	260
58.5099983215332	286.666656494141
58.5200004577637	306.666656494141
58.5299987792969	320
58.5400009155273	260
58.5499992370605	286.666656494141
58.560001373291	260
58.5699996948242	220
58.5800018310547	226.66667175293
58.5900001525879	333.333343505859
58.5999984741211	273.333343505859
58.6100006103516	240
58.6199989318848	273.333343505859
58.6300010681152	286.666656494141
58.6399993896484	200
58.6500015258789	240
58.6599998474121	240
58.6699981689453	300
58.6800003051758	260
58.689998626709	246.66667175293
58.7000007629395	286.666656494141
58.7099990844727	280
58.7200012207031	320
58.7299995422363	273.333343505859
58.7400016784668	246.66667175293
58.75	286.666656494141
58.7599983215332	253.33332824707
58.7700004577637	220
58.7799987792969	240
58.7900009155273	320
58.7999992370605	340
58.810001373291	253.33332824707
58.8199996948242	320
58.8300018310547	266.666656494141
58.8400001525879	253.33332824707
58.8499984741211	246.66667175293
58.8600006103516	213.33332824707
58.8699989318848	246.66667175293
58.8800010681152	266.666656494141
58.8899993896484	326.666656494141
58.9000015258789	240
58.9099998474121	213.33332824707
58.9199981689453	286.666656494141
58.9300003051758	233.33332824707
58.939998626709	220
58.9500007629395	226.66667175293
58.9599990844727	280
58.9700012207031	246.66667175293
58.9799995422363	253.33332824707
58.9900016784668	233.33332824707
59	260
59.0099983215332	240
59.0200004577637	260
59.0299987792969	286.666656494141
59.0400009155273	286.666656494141
59.0499992370605	273.333343505859
59.060001373291	253.33332824707
59.0699996948242	240
59.0800018310547	266.666656494141
59.0900001525879	300
59.0999984741211	220
59.1100006103516	200
59.1199989318848	226.66667175293
59.1300010681152	280
59.1399993896484	273.333343505859
59.1500015258789	253.33332824707
59.1599998474121	280
59.1699981689453	226.66667175293
59.1800003051758	253.33332824707
59.189998626709	213.33332824707
59.2000007629395	233.33332824707
59.2099990844727	260
59.2200012207031	300
59.2299995422363	180
59.2400016784668	240
59.25	260
59.2599983215332	206.66667175293
59.2700004577637	166.66667175293
59.2799987792969	286.666656494141
59.2900009155273	233.33332824707
59.2999992370605	166.66667175293
59.310001373291	133.33332824707
59.3199996948242	186.66667175293
59.3300018310547	213.33332824707
59.3400001525879	213.33332824707
59.3499984741211	286.666656494141
59.3600006103516	246.66667175293
59.3699989318848	200
59.3800010681152	226.66667175293
59.3899993896484	233.33332824707
59.4000015258789	180
59.4099998474121	246.66667175293
59.4199981689453	126.666664123535
59.4300003051758	206.66667175293
59.439998626709	333.333343505859
59.4500007629395	280
59.4599990844727	240
59.4700012207031	220
59.4799995422363	206.66667175293
59.4900016784668	200
59.5	246.66667175293
59.5099983215332	253.33332824707
59.5200004577637	260
59.5299987792969	233.33332824707
59.5400009155273	226.66667175293
59.5499992370605	233.33332824707
59.560001373291	213.33332824707
59.5699996948242	240
59.5800018310547	220
59.5900001525879	253.33332824707
59.5999984741211	193.33332824707
59.6100006103516	160
59.6199989318848	186.66667175293
59.6300010681152	206.66667175293
59.6399993896484	246.66667175293
59.6500015258789	240
59.6599998474121	253.33332824707
59.6699981689453	253.33332824707
59.6800003051758	246.66667175293
59.689998626709	260
59.7000007629395	246.66667175293
59.7099990844727	233.33332824707
59.7200012207031	266.666656494141
59.7299995422363	233.33332824707
59.7400016784668	226.66667175293
59.75	200
59.7599983215332	213.33332824707
59.7700004577637	200
59.7799987792969	273.333343505859
59.7900009155273	286.666656494141
59.7999992370605	200
59.810001373291	200
59.8199996948242	206.66667175293
59.8300018310547	186.66667175293
59.8400001525879	173.33332824707
59.8499984741211	226.66667175293
59.8600006103516	226.66667175293
59.8699989318848	226.66667175293
59.8800010681152	253.33332824707
59.8899993896484	206.66667175293
59.9000015258789	206.66667175293
59.9099998474121	186.66667175293
59.9199981689453	180
59.9300003051758	233.33332824707
59.939998626709	206.66667175293
59.9500007629395	186.66667175293
59.9599990844727	240
59.9700012207031	220
59.9799995422363	206.66667175293
59.9900016784668	273.333343505859
60	233.33332824707
60.0099983215332	240
60.0200004577637	206.66667175293
60.0299987792969	193.33332824707
60.0400009155273	206.66667175293
60.0499992370605	233.33332824707
60.060001373291	220
60.0699996948242	200
60.0800018310547	200
60.0900001525879	173.33332824707
60.0999984741211	193.33332824707
60.1100006103516	193.33332824707
60.1199989318848	193.33332824707
60.1300010681152	220
60.1399993896484	173.33332824707
60.1500015258789	180
60.1599998474121	220
60.1699981689453	180
60.1800003051758	133.33332824707
60.189998626709	173.33332824707
60.2000007629395	200
60.2099990844727	173.33332824707
60.2200012207031	233.33332824707
60.2299995422363	160
60.2400016784668	240
60.25	220
60.2599983215332	213.33332824707
60.2700004577637	186.66667175293
60.2799987792969	213.33332824707
60.2900009155273	206.66667175293
60.2999992370605	200
60.310001373291	233.33332824707
60.3199996948242	173.33332824707
60.3300018310547	266.666656494141
60.3400001525879	200
60.3499984741211	160
60.3600006103516	206.66667175293
60.3699989318848	220
60.3800010681152	193.33332824707
60.3899993896484	166.66667175293
60.4000015258789	220
60.4099998474121	186.66667175293
60.4199981689453	160
60.4300003051758	166.66667175293
60.439998626709	253.33332824707
60.4500007629395	233.33332824707
60.4599990844727	173.33332824707
60.4700012207031	220
60.4799995422363	166.66667175293
60.4900016784668	126.666664123535
60.5	146.66667175293
60.5099983215332	180
60.5200004577637	166.66667175293
60.5299987792969	160
60.5400009155273	233.33332824707
60.5499992370605	186.66667175293
60.560001373291	153.33332824707
60.5699996948242	226.66667175293
60.5800018310547	180
60.5900001525879	200
60.5999984741211	206.66667175293
60.6100006103516	186.66667175293
60.6199989318848	206.66667175293
60.6300010681152	180
60.6399993896484	173.33332824707
60.6500015258789	186.66667175293
60.6599998474121	193.33332824707
60.6699981689453	173.33332824707
60.6800003051758	186.66667175293
60.689998626709	220
60.7000007629395	213.33332824707
60.7099990844727	220
60.7200012207031	200
60.7299995422363	173.33332824707
60.7400016784668	206.66667175293
60.75	273.333343505859
60.7599983215332	193.33332824707
60.7700004577637	140
60.7799987792969	220
60.7900009155273	180
60.7999992370605	186.66667175293
60.810001373291	226.66667175293
60.8199996948242	213.33332824707
60.8300018310547	233.33332824707
60.8400001525879	213.33332824707
60.8499984741211	193.33332824707
60.8600006103516	260
60.8699989318848	226.66667175293
60.8800010681152	206.66667175293
60.8899993896484	166.66667175293
60.9000015258789	173.33332824707
60.9099998474121	200
60.9199981689453	160
60.9300003051758	273.333343505859
60.939998626709	193.33332824707
60.9500007629395	186.66667175293
60.9599990844727	193.33332824707
60.9700012207031	140
60.9799995422363	133.33332824707
60.9900016784668	186.66667175293
61	160
61.0099983215332	220
61.0200004577637	180
61.0299987792969	186.66667175293
61.0400009155273	280
61.0499992370605	213.33332824707
61.060001373291	246.66667175293
61.0699996948242	166.66667175293
61.0800018310547	226.66667175293
61.0900001525879	186.66667175293
61.0999984741211	146.66667175293
61.1100006103516	200
61.1199989318848	220
61.1300010681152	166.66667175293
61.1399993896484	193.33332824707
61.1500015258789	206.66667175293
61.1599998474121	166.66667175293
61.1699981689453	213.33332824707
61.1800003051758	213.33332824707
61.189998626709	220
61.2000007629395	180
61.2099990844727	180
61.2200012207031	193.33332824707
61.2299995422363	173.33332824707
61.2400016784668	146.66667175293
61.25	146.66667175293
61.2599983215332	260
61.2700004577637	173.33332824707
61.2799987792969	153.33332824707
61.2900009155273	153.33332824707
61.2999992370605	160
61.310001373291	186.66667175293
61.3199996948242	206.66667175293
61.3300018310547	193.33332824707
61.3400001525879	153.33332824707
61.3499984741211	206.66667175293
61.3600006103516	126.666664123535
61.3699989318848	233.33332824707
61.3800010681152	206.66667175293
61.3899993896484	246.66667175293
61.4000015258789	246.66667175293
61.4099998474121	186.66667175293
61.4199981689453	233.33332824707
61.4300003051758	166.66667175293
61.439998626709	206.66667175293
61.4500007629395	233.33332824707
61.4599990844727	246.66667175293
61.4700012207031	146.66667175293
61.4799995422363	200
61.4900016784668	233.33332824707
61.5	153.33332824707
61.5099983215332	180
61.5200004577637	240
61.5299987792969	120
61.5400009155273	266.666656494141
61.5499992370605	233.33332824707
61.560001373291	200
61.5699996948242	253.33332824707
61.5800018310547	140
61.5900001525879	173.33332824707
61.5999984741211	213.33332824707
61.6100006103516	173.33332824707
61.6199989318848	173.33332824707
61.6300010681152	200
61.6399993896484	186.66667175293
61.6500015258789	180
61.6599998474121	193.33332824707
61.6699981689453	166.66667175293
61.6800003051758	126.666664123535
61.689998626709	213.33332824707
61.7000007629395	173.33332824707
61.7099990844727	120
61.7200012207031	160
61.7299995422363	133.33332824707
61.7400016784668	173.33332824707
61.75	160
61.7599983215332	160
61.7700004577637	200
61.7799987792969	160
61.7900009155273	180
61.7999992370605	226.66667175293
61.810001373291	186.66667175293
61.8199996948242	173.33332824707
61.8300018310547	200
61.8400001525879	160
61.8499984741211	200
61.8600006103516	120
61.8699989318848	220
61.8800010681152	213.33332824707
61.8899993896484	173.33332824707
61.9000015258789	146.66667175293
61.9099998474121	200
61.9199981689453	193.33332824707
61.9300003051758	166.66667175293
61.939998626709	166.66667175293
61.9500007629395	160
61.9599990844727	140
61.9700012207031	180
61.9799995422363	206.66667175293
61.9900016784668	206.66667175293
62	213.33332824707
62.0099983215332	160
62.0200004577637	246.66667175293
62.0299987792969	193.33332824707
62.0400009155273	280
62.0499992370605	193.33332824707
62.060001373291	200
62.0699996948242	220
62.0800018310547	293.333343505859
62.0900001525879	213.33332824707
62.0999984741211	220
62.1100006103516	180
62.1199989318848	153.33332824707
62.1300010681152	160
62.1399993896484	186.66667175293
62.1500015258789	253.33332824707
62.1599998474121	200
62.1699981689453	146.66667175293
62.1800003051758	226.66667175293
62.189998626709	186.66667175293
62.2000007629395	233.33332824707
62.2099990844727	200
62.2200012207031	186.66667175293
62.2299995422363	246.66667175293
62.2400016784668	226.66667175293
62.25	193.33332824707
62.2599983215332	206.66667175293
62.2700004577637	173.33332824707
62.2799987792969	186.66667175293
62.2900009155273	220
62.2999992370605	240
62.310001373291	266.666656494141
62.3199996948242	180
62.3300018310547	233.33332824707
62.3400001525879	173.33332824707
62.3499984741211	173.33332824707
62.3600006103516	206.66667175293
62.3699989318848	206.66667175293
62.3800010681152	220
62.3899993896484	186.66667175293
62.4000015258789	253.33332824707
62.4099998474121	166.66667175293
62.4199981689453	200
62.4300003051758	173.33332824707
62.439998626709	186.66667175293
62.4500007629395	226.66667175293
62.4599990844727	180
62.4700012207031	200
62.4799995422363	200
62.4900016784668	200
62.5	213.33332824707
62.5099983215332	180
62.5200004577637	213.33332824707
62.5299987792969	233.33332824707
62.5400009155273	246.66667175293
62.5499992370605	200
62.560001373291	240
62.5699996948242	220
62.5800018310547	226.66667175293
62.5900001525879	173.33332824707
62.5999984741211	206.66667175293
62.6100006103516	206.66667175293
62.6199989318848	160
62.6300010681152	206.66667175293
62.6399993896484	206.66667175293
62.6500015258789	220
62.6599998474121	153.33332824707
62.6699981689453	206.66667175293
62.6800003051758	206.66667175293
62.689998626709	213.33332824707
62.7000007629395	280
62.7099990844727	300
62.7200012207031	220
62.7299995422363	233.33332824707
62.7400016784668	266.666656494141
62.75	206.66667175293
62.7599983215332	260
62.7700004577637	266.666656494141
62.7799987792969	286.666656494141
62.7900009155273	366.666656494141
62.7999992370605	266.666656494141
62.810001373291	280
62.8199996948242	333.333343505859
62.8300018310547	326.666656494141
62.8400001525879	286.666656494141
62.8499984741211	433.333343505859
62.8600006103516	386.666656494141
62.8699989318848	360
62.8800010681152	460
62.8899993896484	373.333343505859
62.9000015258789	393.333343505859
62.9099998474121	393.333343505859
62.9199981689453	473.333343505859
62.9300003051758	366.666656494141
62.939998626709	446.666656494141
62.9500007629395	406.666656494141
62.9599990844727	460
62.9700012207031	380
62.9799995422363	413.333343505859
62.9900016784668	346.666656494141
63	406.666656494141
63.0099983215332	386.666656494141
63.0200004577637	406.666656494141
63.0299987792969	380
63.0400009155273	346.666656494141
63.0499992370605	300
63.060001373291	400
63.0699996948242	353.333343505859
63.0800018310547	340
63.0900001525879	320
63.0999984741211	326.666656494141
63.1100006103516	326.666656494141
63.1199989318848	346.666656494141
63.1300010681152	300
63.1399993896484	353.333343505859
63.1500015258789	266.666656494141
63.1599998474121	233.33332824707
63.1699981689453	333.333343505859
63.1800003051758	286.666656494141
63.189998626709	240
63.2000007629395	226.66667175293
63.2099990844727	220
63.2200012207031	226.66667175293
63.2299995422363	273.333343505859
63.2400016784668	220
63.25	200
63.2599983215332	200
63.2700004577637	206.66667175293
63.2799987792969	233.33332824707
63.2900009155273	253.33332824707
63.2999992370605	173.33332824707
63.310001373291	140
63.3199996948242	193.33332824707
63.3300018310547	146.66667175293
63.3400001525879	246.66667175293
63.3499984741211	180
63.3600006103516	180
63.3699989318848	240
63.3800010681152	206.66667175293
63.3899993896484	166.66667175293
63.4000015258789	160
63.4099998474121	180
63.4199981689453	240
63.4300003051758	206.66667175293
63.439998626709	173.33332824707
63.4500007629395	146.66667175293
63.4599990844727	213.33332824707
63.4700012207031	200
63.4799995422363	220
63.4900016784668	206.66667175293
63.5	226.66667175293
63.5099983215332	166.66667175293
63.5200004577637	186.66667175293
63.5299987792969	186.66667175293
63.5400009155273	193.33332824707
63.5499992370605	200
63.560001373291	233.33332824707
63.5699996948242	173.33332824707
63.5800018310547	233.33332824707
63.5900001525879	233.33332824707
63.5999984741211	206.66667175293
63.6100006103516	206.66667175293
63.6199989318848	186.66667175293
63.6300010681152	186.66667175293
63.6399993896484	186.66667175293
63.6500015258789	180
63.6599998474121	186.66667175293
63.6699981689453	226.66667175293
63.6800003051758	213.33332824707
63.689998626709	153.33332824707
63.7000007629395	213.33332824707
63.7099990844727	186.66667175293
63.7200012207031	200
63.7299995422363	253.33332824707
63.7400016784668	166.66667175293
63.75	193.33332824707
63.7599983215332	233.33332824707
63.7700004577637	226.66667175293
63.7799987792969	153.33332824707
63.7900009155273	226.66667175293
63.7999992370605	173.33332824707
63.810001373291	233.33332824707
63.8199996948242	200
63.8300018310547	173.33332824707
63.8400001525879	233.33332824707
63.8499984741211	220
63.8600006103516	193.33332824707
63.8699989318848	206.66667175293
63.8800010681152	200
63.8899993896484	140
63.9000015258789	260
63.9099998474121	260
63.9199981689453	140
63.9300003051758	226.66667175293
63.939998626709	206.66667175293
63.9500007629395	173.33332824707
63.9599990844727	200
63.9700012207031	166.66667175293
63.9799995422363	186.66667175293
63.9900016784668	180
64	200
64.0100021362305	226.66667175293
64.0199966430664	166.66667175293
64.0299987792969	166.66667175293
64.0400009155273	226.66667175293
64.0500030517578	240
64.0599975585938	220
64.0699996948242	280
64.0800018310547	206.66667175293
64.0899963378906	213.33332824707
64.0999984741211	186.66667175293
64.1100006103516	220
64.120002746582	180
64.129997253418	193.33332824707
64.1399993896484	180
64.1500015258789	213.33332824707
64.1600036621094	200
64.1699981689453	226.66667175293
64.1800003051758	233.33332824707
64.1900024414063	206.66667175293
64.1999969482422	220
64.2099990844727	146.66667175293
64.2200012207031	173.33332824707
64.2300033569336	213.33332824707
64.2399978637695	140
64.25	173.33332824707
64.2600021362305	160
64.2699966430664	226.66667175293
64.2799987792969	253.33332824707
64.2900009155273	220
64.3000030517578	193.33332824707
64.3099975585938	173.33332824707
64.3199996948242	220
64.3300018310547	260
64.3399963378906	200
64.3499984741211	220
64.3600006103516	180
64.370002746582	220
64.379997253418	266.666656494141
64.3899993896484	200
64.4000015258789	260
64.4100036621094	260
64.4199981689453	206.66667175293
64.4300003051758	153.33332824707
64.4400024414063	220
64.4499969482422	193.33332824707
64.4599990844727	273.333343505859
64.4700012207031	313.333343505859
64.4800033569336	180
64.4899978637695	206.66667175293
64.5	180
64.5100021362305	186.66667175293
64.5199966430664	200
64.5299987792969	220
64.5400009155273	253.33332824707
64.5500030517578	246.66667175293
64.5599975585938	200
64.5699996948242	233.33332824707
64.5800018310547	200
64.5899963378906	200
64.5999984741211	253.33332824707
64.6100006103516	213.33332824707
64.620002746582	173.33332824707
64.629997253418	300
64.6399993896484	180
64.6500015258789	180
64.6600036621094	166.66667175293
64.6699981689453	233.33332824707
64.6800003051758	280
64.6900024414063	266.666656494141
64.6999969482422	200
64.7099990844727	293.333343505859
64.7200012207031	273.333343505859
64.7300033569336	166.66667175293
64.7399978637695	193.33332824707
64.75	213.33332824707
64.7600021362305	280
64.7699966430664	226.66667175293
64.7799987792969	233.33332824707
64.7900009155273	240
64.8000030517578	206.66667175293
64.8099975585938	233.33332824707
64.8199996948242	233.33332824707
64.8300018310547	206.66667175293
64.8399963378906	206.66667175293
64.8499984741211	253.33332824707
64.8600006103516	213.33332824707
64.870002746582	246.66667175293
64.879997253418	200
64.8899993896484	233.33332824707
64.9000015258789	240
64.9100036621094	240
64.9199981689453	266.666656494141
64.9300003051758	253.33332824707
64.9400024414063	266.666656494141
64.9499969482422	240
64.9599990844727	240
64.9700012207031	266.666656494141
64.9800033569336	246.66667175293
64.9899978637695	260
65	186.66667175293
65.0100021362305	240
65.0199966430664	273.333343505859
65.0299987792969	273.333343505859
65.0400009155273	226.66667175293
65.0500030517578	240
65.0599975585938	273.333343505859
65.0699996948242	193.33332824707
65.0800018310547	253.33332824707
65.0899963378906	240
65.0999984741211	226.66667175293
65.1100006103516	280
65.120002746582	280
65.129997253418	233.33332824707
65.1399993896484	260
65.1500015258789	220
65.1600036621094	313.333343505859
65.1699981689453	273.333343505859
65.1800003051758	273.333343505859
65.1900024414063	186.66667175293
65.1999969482422	260
65.2099990844727	326.666656494141
65.2200012207031	260
65.2300033569336	253.33332824707
65.2399978637695	253.33332824707
65.25	206.66667175293
65.2600021362305	180
65.2699966430664	246.66667175293
65.2799987792969	173.33332824707
65.2900009155273	240
65.3000030517578	233.33332824707
65.3099975585938	246.66667175293
65.3199996948242	280
65.3300018310547	240
65.3399963378906	266.666656494141
65.3499984741211	260
65.3600006103516	246.66667175293
65.370002746582	253.33332824707
65.379997253418	213.33332824707
65.3899993896484	240
65.4000015258789	226.66667175293
65.4100036621094	273.333343505859
65.4199981689453	186.66667175293
65.4300003051758	173.33332824707
65.4400024414063	260
65.4499969482422	293.333343505859
65.4599990844727	313.333343505859
65.4700012207031	260
65.4800033569336	226.66667175293
65.4899978637695	240
65.5	226.66667175293
65.5100021362305	286.666656494141
65.5199966430664	273.333343505859
65.5299987792969	273.333343505859
65.5400009155273	233.33332824707
65.5500030517578	166.66667175293
65.5599975585938	233.33332824707
65.5699996948242	293.333343505859
65.5800018310547	246.66667175293
65.5899963378906	253.33332824707
65.5999984741211	286.666656494141
65.6100006103516	253.33332824707
65.620002746582	333.333343505859
65.629997253418	146.66667175293
65.6399993896484	186.66667175293
65.6500015258789	233.33332824707
65.6600036621094	260
65.6699981689453	260
65.6800003051758	200
65.6900024414063	260
65.6999969482422	280
65.7099990844727	300
65.7200012207031	266.666656494141
65.7300033569336	206.66667175293
65.7399978637695	300
65.75	306.666656494141
65.7600021362305	240
65.7699966430664	293.333343505859
65.7799987792969	286.666656494141
65.7900009155273	293.333343505859
65.8000030517578	360
65.8099975585938	260
65.8199996948242	253.33332824707
65.8300018310547	200
65.8399963378906	193.33332824707
65.8499984741211	206.66667175293
65.8600006103516	266.666656494141
65.870002746582	280
65.879997253418	266.666656494141
65.8899993896484	253.33332824707
65.9000015258789	186.66667175293
65.9100036621094	186.66667175293
65.9199981689453	320
65.9300003051758	380
65.9400024414063	226.66667175293
65.9499969482422	293.333343505859
65.9599990844727	273.333343505859
65.9700012207031	240
65.9800033569336	226.66667175293
65.9899978637695	226.66667175293
66	206.66667175293
66.0100021362305	253.33332824707
66.0199966430664	233.33332824707
66.0299987792969	280
66.0400009155273	240
66.0500030517578	220
66.0599975585938	200
66.0699996948242	200
66.0800018310547	226.66667175293
66.0899963378906	246.66667175293
66.0999984741211	253.33332824707
66.1100006103516	226.66667175293
66.120002746582	240
66.129997253418	233.33332824707
66.1399993896484	226.66667175293
66.1500015258789	293.333343505859
66.1600036621094	260
66.1699981689453	253.33332824707
66.1800003051758	186.66667175293
66.1900024414063	273.333343505859
66.1999969482422	233.33332824707
66.2099990844727	240
66.2200012207031	206.66667175293
66.2300033569336	280
66.2399978637695	266.666656494141
66.25	300
66.2600021362305	280
66.2699966430664	253.33332824707
66.2799987792969	280
66.2900009155273	273.333343505859
66.3000030517578	233.33332824707
66.3099975585938	300
66.3199996948242	260
66.3300018310547	226.66667175293
66.3399963378906	246.66667175293
66.3499984741211	280
66.3600006103516	273.333343505859
66.370002746582	253.33332824707
66.379997253418	193.33332824707
66.3899993896484	246.66667175293
66.4000015258789	246.66667175293
66.4100036621094	293.333343505859
66.4199981689453	200
66.4300003051758	206.66667175293
66.4400024414063	253.33332824707
66.4499969482422	253.33332824707
66.4599990844727	220
66.4700012207031	266.666656494141
66.4800033569336	220
66.4899978637695	286.666656494141
66.5	200
66.5100021362305	213.33332824707
66.5199966430664	286.666656494141
66.5299987792969	280
66.5400009155273	260
66.5500030517578	286.666656494141
66.5599975585938	246.66667175293
66.5699996948242	233.33332824707
66.5800018310547	206.66667175293
66.5899963378906	173.33332824707
66.5999984741211	226.66667175293
66.6100006103516	246.66667175293
66.620002746582	233.33332824707
66.629997253418	293.333343505859
66.6399993896484	260
66.6500015258789	233.33332824707
66.6600036621094	173.33332824707
66.6699981689453	266.666656494141
66.6800003051758	213.33332824707
66.6900024414063	186.66667175293
66.6999969482422	226.66667175293
66.7099990844727	206.66667175293
66.7200012207031	280
66.7300033569336	253.33332824707
66.7399978637695	220
66.75	193.33332824707
66.7600021362305	313.333343505859
66.7699966430664	200
66.7799987792969	280
66.7900009155273	280
66.8000030517578	273.333343505859
66.8099975585938	166.66667175293
66.8199996948242	153.33332824707
66.8300018310547	233.33332824707
66.8399963378906	220
66.8499984741211	193.33332824707
66.8600006103516	180
66.870002746582	220
66.879997253418	233.33332824707
66.8899993896484	260
66.9000015258789	200
66.9100036621094	220
66.9199981689453	226.66667175293
66.9300003051758	266.666656494141
66.9400024414063	220
66.9499969482422	220
66.9599990844727	260
66.9700012207031	260
66.9800033569336	253.33332824707
66.9899978637695	240
67	166.66667175293
67.0100021362305	173.33332824707
67.0199966430664	193.33332824707
67.0299987792969	193.33332824707
67.0400009155273	200
67.0500030517578	240
67.0599975585938	266.666656494141
67.0699996948242	306.666656494141
67.0800018310547	213.33332824707
67.0899963378906	166.66667175293
67.0999984741211	246.66667175293
67.1100006103516	206.66667175293
67.120002746582	200
67.129997253418	220
67.1399993896484	206.66667175293
67.1500015258789	273.333343505859
67.1600036621094	273.333343505859
67.1699981689453	246.66667175293
67.1800003051758	200
67.1900024414063	246.66667175293
67.1999969482422	273.333343505859
67.2099990844727	160
67.2200012207031	233.33332824707
67.2300033569336	193.33332824707
67.2399978637695	220
67.25	193.33332824707
67.2600021362305	246.66667175293
67.2699966430664	213.33332824707
67.2799987792969	160
67.2900009155273	153.33332824707
67.3000030517578	213.33332824707
67.3099975585938	193.33332824707
67.3199996948242	173.33332824707
67.3300018310547	200
67.3399963378906	153.33332824707
67.3499984741211	186.66667175293
67.3600006103516	173.33332824707
67.370002746582	206.66667175293
67.379997253418	186.66667175293
67.3899993896484	193.33332824707
67.4000015258789	186.66667175293
67.4100036621094	133.33332824707
67.4199981689453	206.66667175293
67.4300003051758	186.66667175293
67.4400024414063	186.66667175293
67.4499969482422	266.666656494141
67.4599990844727	220
67.4700012207031	173.33332824707
67.4800033569336	246.66667175293
67.4899978637695	233.33332824707
67.5	300
67.5100021362305	193.33332824707
67.5199966430664	200
67.5299987792969	193.33332824707
67.5400009155273	300
67.5500030517578	186.66667175293
67.5599975585938	240
67.5699996948242	286.666656494141
67.5800018310547	186.66667175293
67.5899963378906	200
67.5999984741211	173.33332824707
67.6100006103516	260
67.620002746582	233.33332824707
67.629997253418	160
67.6399993896484	206.66667175293
67.6500015258789	206.66667175293
67.6600036621094	213.33332824707
67.6699981689453	186.66667175293
67.6800003051758	206.66667175293
67.6900024414063	173.33332824707
67.6999969482422	180
67.7099990844727	193.33332824707
67.7200012207031	200
67.7300033569336	146.66667175293
67.7399978637695	266.666656494141
67.75	260
67.7600021362305	166.66667175293
67.7699966430664	220
67.7799987792969	253.33332824707
67.7900009155273	146.66667175293
67.8000030517578	226.66667175293
67.8099975585938	186.66667175293
67.8199996948242	146.66667175293
67.8300018310547	213.33332824707
67.8399963378906	153.33332824707
67.8499984741211	193.33332824707
67.8600006103516	193.33332824707
67.870002746582	186.66667175293
67.879997253418	220
67.8899993896484	140
67.9000015258789	200
67.9100036621094	240
67.9199981689453	186.66667175293
67.9300003051758	246.66667175293
67.9400024414063	200
67.9499969482422	160
67.9599990844727	173.33332824707
67.9700012207031	160
67.9800033569336	233.33332824707
67.9899978637695	213.33332824707
68	180
68.0100021362305	193.33332824707
68.0199966430664	220
68.0299987792969	153.33332824707
68.0400009155273	226.66667175293
68.0500030517578	226.66667175293
68.0599975585938	273.333343505859
68.0699996948242	280
68.0800018310547	153.33332824707
68.0899963378906	140
68.0999984741211	180
68.1100006103516	240
68.120002746582	193.33332824707
68.129997253418	160
68.1399993896484	200
68.1500015258789	153.33332824707
68.1600036621094	213.33332824707
68.1699981689453	180
68.1800003051758	240
68.1900024414063	233.33332824707
68.1999969482422	206.66667175293
68.2099990844727	240
68.2200012207031	233.33332824707
68.2300033569336	153.33332824707
68.2399978637695	213.33332824707
68.25	153.33332824707
68.2600021362305	160
68.2699966430664	226.66667175293
68.2799987792969	186.66667175293
68.2900009155273	246.66667175293
68.3000030517578	293.333343505859
68.3099975585938	173.33332824707
68.3199996948242	226.66667175293
68.3300018310547	213.33332824707
68.3399963378906	193.33332824707
68.3499984741211	186.66667175293
68.3600006103516	173.33332824707
68.370002746582	180
68.379997253418	200
68.3899993896484	193.33332824707
68.4000015258789	173.33332824707
68.4100036621094	146.66667175293
68.4199981689453	213.33332824707
68.4300003051758	166.66667175293
68.4400024414063	200
68.4499969482422	226.66667175293
68.4599990844727	226.66667175293
68.4700012207031	266.666656494141
68.4800033569336	213.33332824707
68.4899978637695	186.66667175293
68.5	213.33332824707
68.5100021362305	186.66667175293
68.5199966430664	193.33332824707
68.5299987792969	206.66667175293
68.5400009155273	213.33332824707
68.5500030517578	180
68.5599975585938	206.66667175293
68.5699996948242	213.33332824707
68.5800018310547	220
68.5899963378906	266.666656494141
68.5999984741211	213.33332824707
68.6100006103516	213.33332824707
68.620002746582	193.33332824707
68.629997253418	200
68.6399993896484	160
68.6500015258789	153.33332824707
68.6600036621094	260
68.6699981689453	166.66667175293
68.6800003051758	233.33332824707
68.6900024414063	200
68.6999969482422	180
68.7099990844727	193.33332824707
68.7200012207031	173.33332824707
68.7300033569336	186.66667175293
68.7399978637695	220
68.75	206.66667175293
68.7600021362305	173.33332824707
68.7699966430664	240
68.7799987792969	206.66667175293
68.7900009155273	186.66667175293
68.8000030517578	166.66667175293
68.8099975585938	160
68.8199996948242	173.33332824707
68.8300018310547	120
68.8399963378906	186.66667175293
68.8499984741211	180
68.8600006103516	233.33332824707
68.870002746582	226.66667175293
68.879997253418	166.66667175293
68.8899993896484	173.33332824707
68.9000015258789	180
68.9100036621094	193.33332824707
68.9199981689453	180
68.9300003051758	153.33332824707
68.9400024414063	200
68.9499969482422	126.666664123535
68.9599990844727	200
68.9700012207031	186.66667175293
68.9800033569336	166.66667175293
68.9899978637695	233.33332824707
69	226.66667175293
69.0100021362305	193.33332824707
69.0199966430664	133.33332824707
69.0299987792969	160
69.0400009155273	160
69.0500030517578	146.66667175293
69.0599975585938	146.66667175293
69.0699996948242	140
69.0800018310547	173.33332824707
69.0899963378906	133.33332824707
69.0999984741211	186.66667175293
69.1100006103516	193.33332824707
69.120002746582	166.66667175293
69.129997253418	160
69.1399993896484	173.33332824707
69.1500015258789	213.33332824707
69.1600036621094	226.66667175293
69.1699981689453	220
69.1800003051758	113.333335876465
69.1900024414063	146.66667175293
69.1999969482422	173.33332824707
69.2099990844727	213.33332824707
69.2200012207031	173.33332824707
69.2300033569336	206.66667175293
69.2399978637695	200
69.25	180
69.2600021362305	246.66667175293
69.2699966430664	233.33332824707
69.2799987792969	166.66667175293
69.2900009155273	200
69.3000030517578	180
69.3099975585938	213.33332824707
69.3199996948242	166.66667175293
69.3300018310547	226.66667175293
69.3399963378906	220
69.3499984741211	213.33332824707
69.3600006103516	166.66667175293
69.370002746582	200
69.379997253418	160
69.3899993896484	206.66667175293
69.4000015258789	166.66667175293
69.4100036621094	166.66667175293
69.4199981689453	186.66667175293
69.4300003051758	173.33332824707
69.4400024414063	233.33332824707
69.4499969482422	260
69.4599990844727	213.33332824707
69.4700012207031	193.33332824707
69.4800033569336	200
69.4899978637695	166.66667175293
69.5	186.66667175293
69.5100021362305	106.666664123535
69.5199966430664	133.33332824707
69.5299987792969	193.33332824707
69.5400009155273	140
69.5500030517578	146.66667175293
69.5599975585938	133.33332824707
69.5699996948242	180
69.5800018310547	160
69.5899963378906	180
69.5999984741211	200
69.6100006103516	153.33332824707
69.620002746582	180
69.629997253418	106.666664123535
69.6399993896484	180
69.6500015258789	153.33332824707
69.6600036621094	153.33332824707
69.6699981689453	193.33332824707
69.6800003051758	226.66667175293
69.6900024414063	146.66667175293
69.6999969482422	186.66667175293
69.7099990844727	166.66667175293
69.7200012207031	206.66667175293
69.7300033569336	180
69.7399978637695	193.33332824707
69.75	153.33332824707
69.7600021362305	160
69.7699966430664	173.33332824707
69.7799987792969	160
69.7900009155273	126.666664123535
69.8000030517578	193.33332824707
69.8099975585938	233.33332824707
69.8199996948242	180
69.8300018310547	140
69.8399963378906	180
69.8499984741211	160
69.8600006103516	186.66667175293
69.870002746582	213.33332824707
69.879997253418	206.66667175293
69.8899993896484	180
69.9000015258789	166.66667175293
69.9100036621094	160
69.9199981689453	173.33332824707
69.9300003051758	186.66667175293
69.9400024414063	113.333335876465
69.9499969482422	160
69.9599990844727	173.33332824707
69.9700012207031	146.66667175293
69.9800033569336	146.66667175293
69.9899978637695	206.66667175293
70	133.33332824707
70.0100021362305	186.66667175293
70.0199966430664	186.66667175293
70.0299987792969	193.33332824707
70.0400009155273	133.33332824707
70.0500030517578	193.33332824707
70.0599975585938	133.33332824707
70.0699996948242	166.66667175293
70.0800018310547	166.66667175293
70.0899963378906	180
70.0999984741211	200
70.1100006103516	146.66667175293
70.120002746582	246.66667175293
70.129997253418	173.33332824707
70.1399993896484	200
70.1500015258789	233.33332824707
70.1600036621094	193.33332824707
70.1699981689453	206.66667175293
70.1800003051758	180
70.1900024414063	193.33332824707
70.1999969482422	233.33332824707
70.2099990844727	193.33332824707
70.2200012207031	193.33332824707
70.2300033569336	186.66667175293
70.2399978637695	213.33332824707
70.25	213.33332824707
70.2600021362305	160
70.2699966430664	220
70.2799987792969	253.33332824707
70.2900009155273	260
70.3000030517578	280
70.3099975585938	180
70.3199996948242	260
70.3300018310547	220
70.3399963378906	233.33332824707
70.3499984741211	233.33332824707
70.3600006103516	266.666656494141
70.370002746582	320
70.379997253418	246.66667175293
70.3899993896484	373.333343505859
70.4000015258789	373.333343505859
70.4100036621094	393.333343505859
70.4199981689453	446.666656494141
70.4300003051758	460
70.4400024414063	460
70.4499969482422	546.666687011719
70.4599990844727	560
70.4700012207031	540
70.4800033569336	546.666687011719
70.4899978637695	746.666687011719
70.5	720
70.5100021362305	813.333312988281
70.5199966430664	933.333312988281
70.5299987792969	1120
70.5400009155273	1213.33337402344
70.5500030517578	1273.33337402344
70.5599975585938	1333.33337402344
70.5699996948242	1600
70.5800018310547	1613.33337402344
70.5899963378906	1553.33337402344
70.5999984741211	1893.33337402344
70.6100006103516	1626.66662597656
70.620002746582	1506.66662597656
70.629997253418	1486.66662597656
70.6399993896484	1413.33337402344
70.6500015258789	1346.66662597656
70.6600036621094	1240
70.6699981689453	1153.33337402344
70.6800003051758	1006.66668701172
70.6900024414063	980
70.6999969482422	1133.33337402344
70.7099990844727	980
70.7200012207031	1006.66668701172
70.7300033569336	926.666687011719
70.7399978637695	873.333312988281
70.75	806.666687011719
70.7600021362305	940
70.7699966430664	1013.33331298828
70.7799987792969	1066.66662597656
70.7900009155273	953.333312988281
70.8000030517578	1026.66662597656
70.8099975585938	913.333312988281
70.8199996948242	1020
70.8300018310547	880
70.8399963378906	733.333312988281
70.8499984741211	726.666687011719
70.8600006103516	740
70.870002746582	713.333312988281
70.879997253418	686.666687011719
70.8899993896484	480
70.9000015258789	486.666656494141
70.9100036621094	480
70.9199981689453	453.333343505859
70.9300003051758	413.333343505859
70.9400024414063	313.333343505859
70.9499969482422	353.333343505859
70.9599990844727	326.666656494141
70.9700012207031	326.666656494141
70.9800033569336	333.333343505859
70.9899978637695	293.333343505859
71	260
71.0100021362305	246.66667175293
71.0199966430664	226.66667175293
71.0299987792969	233.33332824707
71.0400009155273	166.66667175293
71.0500030517578	200
71.0599975585938	233.33332824707
71.0699996948242	193.33332824707
71.0800018310547	166.66667175293
71.0899963378906	186.66667175293
71.0999984741211	213.33332824707
71.1100006103516	166.66667175293
71.120002746582	193.33332824707
71.129997253418	153.33332824707
71.1399993896484	160
71.1500015258789	120
71.1600036621094	153.33332824707
71.1699981689453	180
71.1800003051758	226.66667175293
71.1900024414063	233.33332824707
71.1999969482422	113.333335876465
71.2099990844727	133.33332824707
71.2200012207031	113.333335876465
71.2300033569336	173.33332824707
71.2399978637695	133.33332824707
71.25	180
71.2600021362305	173.33332824707
71.2699966430664	186.66667175293
71.2799987792969	173.33332824707
71.2900009155273	140
71.3000030517578	226.66667175293
71.3099975585938	173.33332824707
71.3199996948242	233.33332824707
71.3300018310547	120
71.3399963378906	160
71.3499984741211	180
71.3600006103516	106.666664123535
71.370002746582	166.66667175293
71.379997253418	126.666664123535
71.3899993896484	133.33332824707
71.4000015258789	80
71.4100036621094	126.666664123535
71.4199981689453	180
71.4300003051758	133.33332824707
71.4400024414063	166.66667175293
71.4499969482422	173.33332824707
71.4599990844727	93.3333358764648
71.4700012207031	133.33332824707
71.4800033569336	160
71.4899978637695	146.66667175293
71.5	120
71.5100021362305	153.33332824707
71.5199966430664	133.33332824707
71.5299987792969	133.33332824707
71.5400009155273	153.33332824707
71.5500030517578	113.333335876465
71.5599975585938	140
71.5699996948242	153.33332824707
71.5800018310547	220
71.5899963378906	126.666664123535
71.5999984741211	140
71.6100006103516	146.66667175293
71.620002746582	133.33332824707
71.629997253418	113.333335876465
71.6399993896484	120
71.6500015258789	106.666664123535
71.6600036621094	106.666664123535
71.6699981689453	133.33332824707
71.6800003051758	160
71.6900024414063	193.33332824707
71.6999969482422	153.33332824707
71.7099990844727	153.33332824707
71.7200012207031	133.33332824707
71.7300033569336	120
71.7399978637695	93.3333358764648
71.75	166.66667175293
71.7600021362305	173.33332824707
71.7699966430664	146.66667175293
71.7799987792969	106.666664123535
71.7900009155273	120
71.8000030517578	166.66667175293
71.8099975585938	126.666664123535
71.8199996948242	140
71.8300018310547	100
71.8399963378906	126.666664123535
71.8499984741211	140
71.8600006103516	146.66667175293
71.870002746582	200
71.879997253418	120
71.8899993896484	133.33332824707
71.9000015258789	153.33332824707
71.9100036621094	146.66667175293
71.9199981689453	173.33332824707
71.9300003051758	133.33332824707
71.9400024414063	153.33332824707
71.9499969482422	153.33332824707
71.9599990844727	153.33332824707
71.9700012207031	186.66667175293
71.9800033569336	126.666664123535
71.9899978637695	146.66667175293
72	106.666664123535
72.0100021362305	140
72.0199966430664	160
72.0299987792969	133.33332824707
72.0400009155273	160
72.0500030517578	140
72.0599975585938	126.666664123535
72.0699996948242	73.3333358764648
72.0800018310547	113.333335876465
72.0899963378906	166.66667175293
72.0999984741211	120
72.1100006103516	126.666664123535
72.120002746582	146.66667175293
72.129997253418	140
72.1399993896484	113.333335876465
72.1500015258789	173.33332824707
72.1600036621094	153.33332824707
72.1699981689453	193.33332824707
72.1800003051758	133.33332824707
72.1900024414063	146.66667175293
72.1999969482422	100
72.2099990844727	200
72.2200012207031	153.33332824707
72.2300033569336	126.666664123535
72.2399978637695	100
72.25	113.333335876465
72.2600021362305	146.66667175293
72.2699966430664	113.333335876465
72.2799987792969	100
72.2900009155273	146.66667175293
72.3000030517578	126.666664123535
72.3099975585938	120
72.3199996948242	106.666664123535
72.3300018310547	126.666664123535
72.3399963378906	146.66667175293
72.3499984741211	113.333335876465
72.3600006103516	146.66667175293
72.370002746582	153.33332824707
72.379997253418	140
72.3899993896484	153.33332824707
72.4000015258789	153.33332824707
72.4100036621094	153.33332824707
72.4199981689453	140
72.4300003051758	133.33332824707
72.4400024414063	126.666664123535
72.4499969482422	153.33332824707
72.4599990844727	166.66667175293
72.4700012207031	186.66667175293
72.4800033569336	166.66667175293
72.4899978637695	106.666664123535
72.5	120
72.5100021362305	126.666664123535
72.5199966430664	146.66667175293
72.5299987792969	120
72.5400009155273	133.33332824707
72.5500030517578	140
72.5599975585938	140
72.5699996948242	146.66667175293
72.5800018310547	160
72.5899963378906	100
72.5999984741211	153.33332824707
72.6100006103516	146.66667175293
72.620002746582	166.66667175293
72.629997253418	113.333335876465
72.6399993896484	166.66667175293
72.6500015258789	100
72.6600036621094	126.666664123535
72.6699981689453	153.33332824707
72.6800003051758	153.33332824707
72.6900024414063	126.666664123535
72.6999969482422	120
72.7099990844727	120
72.7200012207031	113.333335876465
72.7300033569336	120
72.7399978637695	106.666664123535
72.75	126.666664123535
72.7600021362305	100
72.7699966430664	126.666664123535
72.7799987792969	146.66667175293
72.7900009155273	120
72.8000030517578	86.6666641235352
72.8099975585938	106.666664123535
72.8199996948242	133.33332824707
72.8300018310547	146.66667175293
72.8399963378906	120
72.8499984741211	126.666664123535
72.8600006103516	113.333335876465
72.870002746582	113.333335876465
72.879997253418	133.33332824707
72.8899993896484	180
72.9000015258789	213.33332824707
72.9100036621094	126.666664123535
72.9199981689453	113.333335876465
72.9300003051758	153.33332824707
72.9400024414063	140
72.9499969482422	100
72.9599990844727	146.66667175293
72.9700012207031	126.666664123535
72.9800033569336	133.33332824707
72.9899978637695	160
73	126.666664123535
73.0100021362305	166.66667175293
73.0199966430664	86.6666641235352
73.0299987792969	166.66667175293
73.0400009155273	113.333335876465
73.0500030517578	126.666664123535
73.0599975585938	133.33332824707
73.0699996948242	113.333335876465
73.0800018310547	93.3333358764648
73.0899963378906	100
73.0999984741211	133.33332824707
73.1100006103516	153.33332824707
73.120002746582	133.33332824707
73.129997253418	100
73.1399993896484	153.33332824707
73.1500015258789	133.33332824707
73.1600036621094	106.666664123535
73.1699981689453	146.66667175293
73.1800003051758	120
73.1900024414063	140
73.1999969482422	166.66667175293
73.2099990844727	166.66667175293
73.2200012207031	133.33332824707
73.2300033569336	146.66667175293
73.2399978637695	180
73.25	126.666664123535
73.2600021362305	106.666664123535
73.2699966430664	133.33332824707
73.2799987792969	126.666664123535
73.2900009155273	113.333335876465
73.3000030517578	86.6666641235352
73.3099975585938	113.333335876465
73.3199996948242	133.33332824707
73.3300018310547	153.33332824707
73.3399963378906	86.6666641235352
73.3499984741211	53.3333320617676
73.3600006103516	186.66667175293
73.370002746582	120
73.379997253418	140
73.3899993896484	126.666664123535
73.4000015258789	186.66667175293
73.4100036621094	146.66667175293
73.4199981689453	113.333335876465
73.4300003051758	153.33332824707
73.4400024414063	113.333335876465
73.4499969482422	100
73.4599990844727	86.6666641235352
73.4700012207031	140
73.4800033569336	153.33332824707
73.4899978637695	126.666664123535
73.5	113.333335876465
73.5100021362305	160
73.5199966430664	173.33332824707
73.5299987792969	173.33332824707
73.5400009155273	160
73.5500030517578	186.66667175293
73.5599975585938	100
73.5699996948242	126.666664123535
73.5800018310547	186.66667175293
73.5899963378906	160
73.5999984741211	126.666664123535
73.6100006103516	106.666664123535
73.620002746582	120
73.629997253418	153.33332824707
73.6399993896484	126.666664123535
73.6500015258789	140
73.6600036621094	73.3333358764648
73.6699981689453	133.33332824707
73.6800003051758	133.33332824707
73.6900024414063	86.6666641235352
73.6999969482422	166.66667175293
73.7099990844727	106.666664123535
73.7200012207031	86.6666641235352
73.7300033569336	160
73.7399978637695	126.666664123535
73.75	166.66667175293
73.7600021362305	120
73.7699966430664	113.333335876465
73.7799987792969	126.666664123535
73.7900009155273	100
73.8000030517578	120
73.8099975585938	86.6666641235352
73.8199996948242	120
73.8300018310547	173.33332824707
73.8399963378906	113.333335876465
73.8499984741211	153.33332824707
73.8600006103516	126.666664123535
73.870002746582	120
73.879997253418	113.333335876465
73.8899993896484	166.66667175293
73.9000015258789	133.33332824707
73.9100036621094	140
73.9199981689453	153.33332824707
73.9300003051758	133.33332824707
73.9400024414063	113.333335876465
73.9499969482422	86.6666641235352
73.9599990844727	73.3333358764648
73.9700012207031	146.66667175293
73.9800033569336	166.66667175293
73.9899978637695	146.66667175293
74	193.33332824707
74.0100021362305	106.666664123535
74.0199966430664	113.333335876465
74.0299987792969	140
74.0400009155273	166.66667175293
74.0500030517578	133.33332824707
74.0599975585938	146.66667175293
74.0699996948242	140
74.0800018310547	166.66667175293
74.0899963378906	126.666664123535
74.0999984741211	113.333335876465
74.1100006103516	146.66667175293
74.120002746582	126.666664123535
74.129997253418	133.33332824707
74.1399993896484	206.66667175293
74.1500015258789	160
74.1600036621094	93.3333358764648
74.1699981689453	100
74.1800003051758	113.333335876465
74.1900024414063	133.33332824707
74.1999969482422	133.33332824707
74.2099990844727	133.33332824707
74.2200012207031	93.3333358764648
74.2300033569336	146.66667175293
74.2399978637695	140
74.25	100
74.2600021362305	86.6666641235352
74.2699966430664	140
74.2799987792969	126.666664123535
74.2900009155273	113.333335876465
74.3000030517578	126.666664123535
74.3099975585938	113.333335876465
74.3199996948242	120
74.3300018310547	146.66667175293
74.3399963378906	93.3333358764648
74.3499984741211	126.666664123535
74.3600006103516	140
74.370002746582	126.666664123535
74.379997253418	120
74.3899993896484	133.33332824707
74.4000015258789	113.333335876465
74.4100036621094	80
74.4199981689453	140
74.4300003051758	153.33332824707
74.4400024414063	180
74.4499969482422	100
74.4599990844727	126.666664123535
74.4700012207031	73.3333358764648
74.4800033569336	126.666664123535
74.4899978637695	146.66667175293
74.5	113.333335876465
74.5100021362305	106.666664123535
74.5199966430664	186.66667175293
74.5299987792969	126.666664123535
74.5400009155273	126.666664123535
74.5500030517578	120
74.5599975585938	140
74.5699996948242	93.3333358764648
74.5800018310547	100
74.5899963378906	93.3333358764648
74.5999984741211	146.66667175293
74.6100006103516	153.33332824707
74.620002746582	140
74.629997253418	153.33332824707
74.6399993896484	120
74.6500015258789	113.333335876465
74.6600036621094	113.333335876465
74.6699981689453	160
74.6800003051758	146.66667175293
74.6900024414063	126.666664123535
74.6999969482422	93.3333358764648
74.7099990844727	100
74.7200012207031	126.666664123535
74.7300033569336	113.333335876465
74.7399978637695	153.33332824707
74.75	113.333335876465
74.7600021362305	113.333335876465
74.7699966430664	86.6666641235352
74.7799987792969	153.33332824707
74.7900009155273	146.66667175293
74.8000030517578	113.333335876465
74.8099975585938	86.6666641235352
74.8199996948242	113.333335876465
74.8300018310547	113.333335876465
74.8399963378906	100
74.8499984741211	166.66667175293
74.8600006103516	133.33332824707
74.870002746582	66.6666641235352
74.879997253418	133.33332824707
74.8899993896484	133.33332824707
74.9000015258789	100
74.9100036621094	126.666664123535
74.9199981689453	106.666664123535
74.9300003051758	100
74.9400024414063	106.666664123535
74.9499969482422	120
74.9599990844727	106.666664123535
74.9700012207031	146.66667175293
74.9800033569336	100
74.9899978637695	126.666664123535
75	86.6666641235352
75.0100021362305	133.33332824707
75.0199966430664	133.33332824707
75.0299987792969	106.666664123535
75.0400009155273	106.666664123535
75.0500030517578	113.333335876465
75.0599975585938	133.33332824707
75.0699996948242	73.3333358764648
75.0800018310547	140
75.0899963378906	106.666664123535
75.0999984741211	80
75.1100006103516	100
75.120002746582	126.666664123535
75.129997253418	93.3333358764648
75.1399993896484	160
75.1500015258789	146.66667175293
75.1600036621094	113.333335876465
75.1699981689453	126.666664123535
75.1800003051758	126.666664123535
75.1900024414063	166.66667175293
75.1999969482422	140
75.2099990844727	93.3333358764648
75.2200012207031	93.3333358764648
75.2300033569336	146.66667175293
75.2399978637695	113.333335876465
75.25	133.33332824707
75.2600021362305	173.33332824707
75.2699966430664	146.66667175293
75.2799987792969	113.333335876465
75.2900009155273	100
75.3000030517578	106.666664123535
75.3099975585938	140
75.3199996948242	106.666664123535
75.3300018310547	120
75.3399963378906	140
75.3499984741211	160
75.3600006103516	140
75.370002746582	126.666664123535
75.379997253418	113.333335876465
75.3899993896484	206.66667175293
75.4000015258789	120
75.4100036621094	113.333335876465
75.4199981689453	120
75.4300003051758	80
75.4400024414063	93.3333358764648
75.4499969482422	133.33332824707
75.4599990844727	106.666664123535
75.4700012207031	140
75.4800033569336	153.33332824707
75.4899978637695	146.66667175293
75.5	100
75.5100021362305	113.333335876465
75.5199966430664	100
75.5299987792969	86.6666641235352
75.5400009155273	166.66667175293
75.5500030517578	160
75.5599975585938	120
75.5699996948242	120
75.5800018310547	93.3333358764648
75.5899963378906	86.6666641235352
75.5999984741211	86.6666641235352
75.6100006103516	126.666664123535
75.620002746582	126.666664123535
75.629997253418	93.3333358764648
75.6399993896484	66.6666641235352
75.6500015258789	60
75.6600036621094	146.66667175293
75.6699981689453	160
75.6800003051758	93.3333358764648
75.6900024414063	120
75.6999969482422	73.3333358764648
75.7099990844727	100
75.7200012207031	106.666664123535
75.7300033569336	113.333335876465
75.7399978637695	146.66667175293
75.75	146.66667175293
75.7600021362305	120
75.7699966430664	173.33332824707
75.7799987792969	133.33332824707
75.7900009155273	133.33332824707
75.8000030517578	146.66667175293
75.8099975585938	140
75.8199996948242	133.33332824707
75.8300018310547	140
75.8399963378906	140
75.8499984741211	113.333335876465
75.8600006103516	120
75.870002746582	173.33332824707
75.879997253418	186.66667175293
75.8899993896484	220
75.9000015258789	186.66667175293
75.9100036621094	120
75.9199981689453	166.66667175293
75.9300003051758	173.33332824707
75.9400024414063	160
75.9499969482422	160
75.9599990844727	220
75.9700012207031	260
75.9800033569336	233.33332824707
75.9899978637695	180
76	186.66667175293
76.0100021362305	226.66667175293
76.0199966430664	266.666656494141
76.0299987792969	306.666656494141
76.0400009155273	333.333343505859
76.0500030517578	346.666656494141
76.0599975585938	346.666656494141
76.0699996948242	360
76.0800018310547	400
76.0899963378906	340
76.0999984741211	366.666656494141
76.1100006103516	580
76.120002746582	486.666656494141
76.129997253418	486.666656494141
76.1399993896484	493.333343505859
76.1500015258789	440
76.1600036621094	540
76.1699981689453	420
76.1800003051758	586.666687011719
76.1900024414063	546.666687011719
76.1999969482422	500
76.2099990844727	506.666656494141
76.2200012207031	420
76.2300033569336	373.333343505859
76.2399978637695	473.333343505859
76.25	486.666656494141
76.2600021362305	360
76.2699966430664	386.666656494141
76.2799987792969	373.333343505859
76.2900009155273	346.666656494141
76.3000030517578	346.666656494141
76.3099975585938	453.333343505859
76.3199996948242	400
76.3300018310547	346.666656494141
76.3399963378906	346.666656494141
76.3499984741211	353.333343505859
76.3600006103516	366.666656494141
76.370002746582	360
76.379997253418	400
76.3899993896484	366.666656494141
76.4000015258789	313.333343505859
76.4100036621094	346.666656494141
76.4199981689453	406.666656494141
76.4300003051758	333.333343505859
76.4400024414063	320
76.4499969482422	280
76.4599990844727	220
76.4700012207031	206.66667175293
76.4800033569336	280
76.4899978637695	233.33332824707
76.5	206.66667175293
76.5100021362305	280
76.5199966430664	206.66667175293
76.5299987792969	246.66667175293
76.5400009155273	173.33332824707
76.5500030517578	160
76.5599975585938	186.66667175293
76.5699996948242	226.66667175293
76.5800018310547	146.66667175293
76.5899963378906	153.33332824707
76.5999984741211	126.666664123535
76.6100006103516	113.333335876465
76.620002746582	120
76.629997253418	146.66667175293
76.6399993896484	146.66667175293
76.6500015258789	133.33332824707
76.6600036621094	140
76.6699981689453	140
76.6800003051758	106.666664123535
76.6900024414063	100
76.6999969482422	113.333335876465
76.7099990844727	140
76.7200012207031	93.3333358764648
76.7300033569336	120
76.7399978637695	113.333335876465
76.75	106.666664123535
76.7600021362305	100
76.7699966430664	120
76.7799987792969	120
76.7900009155273	120
76.8000030517578	100
76.8099975585938	126.666664123535
76.8199996948242	120
76.8300018310547	113.333335876465
76.8399963378906	93.3333358764648
76.8499984741211	113.333335876465
76.8600006103516	146.66667175293
76.870002746582	120
76.879997253418	86.6666641235352
76.8899993896484	66.6666641235352
76.9000015258789	93.3333358764648
76.9100036621094	126.666664123535
76.9199981689453	146.66667175293
76.9300003051758	86.6666641235352
76.9400024414063	106.666664123535
76.9499969482422	140
76.9599990844727	66.6666641235352
76.9700012207031	86.6666641235352
76.9800033569336	106.666664123535
76.9899978637695	133.33332824707
77	113.333335876465
77.0100021362305	113.333335876465
77.0199966430664	93.3333358764648
77.0299987792969	93.3333358764648
77.0400009155273	80
77.0500030517578	86.6666641235352
77.0599975585938	93.3333358764648
77.0699996948242	86.6666641235352
77.0800018310547	126.666664123535
77.0899963378906	120
77.0999984741211	113.333335876465
77.1100006103516	113.333335876465
77.120002746582	80
77.129997253418	166.66667175293
77.1399993896484	146.66667175293
77.1500015258789	93.3333358764648
77.1600036621094	133.33332824707
77.1699981689453	106.666664123535
77.1800003051758	113.333335876465
77.1900024414063	113.333335876465
77.1999969482422	166.66667175293
77.2099990844727	113.333335876465
77.2200012207031	126.666664123535
77.2300033569336	153.33332824707
77.2399978637695	100
77.25	146.66667175293
77.2600021362305	200
77.2699966430664	133.33332824707
77.2799987792969	153.33332824707
77.2900009155273	173.33332824707
77.3000030517578	120
77.3099975585938	233.33332824707
77.3199996948242	140
77.3300018310547	186.66667175293
77.3399963378906	233.33332824707
77.3499984741211	206.66667175293
77.3600006103516	246.66667175293
77.370002746582	193.33332824707
77.379997253418	173.33332824707
77.3899993896484	160
77.4000015258789	186.66667175293
77.4100036621094	140
77.4199981689453	180
77.4300003051758	186.66667175293
77.4400024414063	200
77.4499969482422	166.66667175293
77.4599990844727	180
77.4700012207031	166.66667175293
77.4800033569336	153.33332824707
77.4899978637695	113.333335876465
77.5	146.66667175293
77.5100021362305	133.33332824707
77.5199966430664	153.33332824707
77.5299987792969	153.33332824707
77.5400009155273	160
77.5500030517578	226.66667175293
77.5599975585938	153.33332824707
77.5699996948242	153.33332824707
77.5800018310547	133.33332824707
77.5899963378906	113.333335876465
77.5999984741211	140
77.6100006103516	180
77.620002746582	193.33332824707
77.629997253418	140
77.6399993896484	120
77.6500015258789	140
77.6600036621094	113.333335876465
77.6699981689453	140
77.6800003051758	120
77.6900024414063	120
77.6999969482422	133.33332824707
77.7099990844727	73.3333358764648
77.7200012207031	100
77.7300033569336	160
77.7399978637695	133.33332824707
77.75	113.333335876465
77.7600021362305	120
77.7699966430664	146.66667175293
77.7799987792969	73.3333358764648
77.7900009155273	126.666664123535
77.8000030517578	73.3333358764648
77.8099975585938	93.3333358764648
77.8199996948242	46.6666679382324
77.8300018310547	86.6666641235352
77.8399963378906	93.3333358764648
77.8499984741211	106.666664123535
77.8600006103516	113.333335876465
77.870002746582	66.6666641235352
77.879997253418	100
77.8899993896484	86.6666641235352
77.9000015258789	100
77.9100036621094	153.33332824707
77.9199981689453	100
77.9300003051758	93.3333358764648
77.9400024414063	113.333335876465
77.9499969482422	66.6666641235352
77.9599990844727	80
77.9700012207031	100
77.9800033569336	93.3333358764648
77.9899978637695	100
78	120
78.0100021362305	126.666664123535
78.0199966430664	106.666664123535
78.0299987792969	86.6666641235352
78.0400009155273	93.3333358764648
78.0500030517578	100
78.0599975585938	113.333335876465
78.0699996948242	73.3333358764648
78.0800018310547	53.3333320617676
78.0899963378906	93.3333358764648
78.0999984741211	86.6666641235352
78.1100006103516	53.3333320617676
78.120002746582	106.666664123535
78.129997253418	80
78.1399993896484	100
78.1500015258789	86.6666641235352
78.1600036621094	100
78.1699981689453	106.666664123535
78.1800003051758	66.6666641235352
78.1900024414063	80
78.1999969482422	106.666664123535
78.2099990844727	100
78.2200012207031	66.6666641235352
78.2300033569336	113.333335876465
78.2399978637695	80
78.25	86.6666641235352
78.2600021362305	106.666664123535
78.2699966430664	66.6666641235352
78.2799987792969	100
78.2900009155273	100
78.3000030517578	126.666664123535
78.3099975585938	126.666664123535
78.3199996948242	113.333335876465
78.3300018310547	93.3333358764648
78.3399963378906	100
78.3499984741211	140
78.3600006103516	106.666664123535
78.370002746582	100
78.379997253418	66.6666641235352
78.3899993896484	80
78.4000015258789	113.333335876465
78.4100036621094	140
78.4199981689453	86.6666641235352
78.4300003051758	73.3333358764648
78.4400024414063	73.3333358764648
78.4499969482422	86.6666641235352
78.4599990844727	106.666664123535
78.4700012207031	80
78.4800033569336	73.3333358764648
78.4899978637695	113.333335876465
78.5	73.3333358764648
78.5100021362305	86.6666641235352
78.5199966430664	66.6666641235352
78.5299987792969	120
78.5400009155273	126.666664123535
78.5500030517578	100
78.5599975585938	133.33332824707
78.5699996948242	106.666664123535
78.5800018310547	73.3333358764648
78.5899963378906	126.666664123535
78.5999984741211	80
78.6100006103516	106.666664123535
78.620002746582	86.6666641235352
78.629997253418	66.6666641235352
78.6399993896484	93.3333358764648
78.6500015258789	53.3333320617676
78.6600036621094	93.3333358764648
78.6699981689453	73.3333358764648
78.6800003051758	140
78.6900024414063	86.6666641235352
78.6999969482422	106.666664123535
78.7099990844727	106.666664123535
78.7200012207031	113.333335876465
78.7300033569336	120
78.7399978637695	93.3333358764648
78.75	106.666664123535
78.7600021362305	126.666664123535
78.7699966430664	93.3333358764648
78.7799987792969	80
78.7900009155273	80
78.8000030517578	93.3333358764648
78.8099975585938	120
78.8199996948242	86.6666641235352
78.8300018310547	93.3333358764648
78.8399963378906	80
78.8499984741211	93.3333358764648
78.8600006103516	73.3333358764648
78.870002746582	100
78.879997253418	100
78.8899993896484	113.333335876465
78.9000015258789	100
78.9100036621094	133.33332824707
78.9199981689453	93.3333358764648
78.9300003051758	126.666664123535
78.9400024414063	86.6666641235352
78.9499969482422	80
78.9599990844727	53.3333320617676
78.9700012207031	106.666664123535
78.9800033569336	120
78.9899978637695	100
79	80
79.0100021362305	106.666664123535
79.0199966430664	93.3333358764648
79.0299987792969	120
79.0400009155273	113.333335876465
79.0500030517578	173.33332824707
79.0599975585938	100
79.0699996948242	113.333335876465
79.0800018310547	80
79.0899963378906	60
79.0999984741211	73.3333358764648
79.1100006103516	73.3333358764648
79.120002746582	46.6666679382324
79.129997253418	126.666664123535
79.1399993896484	100
79.1500015258789	106.666664123535
79.1600036621094	86.6666641235352
79.1699981689453	66.6666641235352
79.1800003051758	93.3333358764648
79.1900024414063	113.333335876465
79.1999969482422	93.3333358764648
79.2099990844727	100
79.2200012207031	73.3333358764648
79.2300033569336	133.33332824707
79.2399978637695	86.6666641235352
79.25	60
79.2600021362305	86.6666641235352
79.2699966430664	120
79.2799987792969	73.3333358764648
79.2900009155273	73.3333358764648
79.3000030517578	80
79.3099975585938	140
79.3199996948242	46.6666679382324
79.3300018310547	80
79.3399963378906	106.666664123535
79.3499984741211	93.3333358764648
79.3600006103516	66.6666641235352
79.370002746582	93.3333358764648
79.379997253418	86.6666641235352
79.3899993896484	80
79.4000015258789	146.66667175293
79.4100036621094	100
79.4199981689453	133.33332824707
79.4300003051758	113.333335876465
79.4400024414063	106.666664123535
79.4499969482422	93.3333358764648
79.4599990844727	86.6666641235352
79.4700012207031	133.33332824707
79.4800033569336	113.333335876465
79.4899978637695	113.333335876465
79.5	133.33332824707
79.5100021362305	140
79.5199966430664	113.333335876465
79.5299987792969	100
79.5400009155273	93.3333358764648
79.5500030517578	80
79.5599975585938	120
79.5699996948242	100
79.5800018310547	80
79.5899963378906	113.333335876465
79.5999984741211	120
79.6100006103516	66.6666641235352
79.620002746582	106.666664123535
79.629997253418	106.666664123535
79.6399993896484	86.6666641235352
79.6500015258789	80
79.6600036621094	93.3333358764648
79.6699981689453	100
79.6800003051758	100
79.6900024414063	73.3333358764648
79.6999969482422	46.6666679382324
79.7099990844727	80
79.7200012207031	86.6666641235352
79.7300033569336	93.3333358764648
79.7399978637695	100
79.75	100
79.7600021362305	86.6666641235352
79.7699966430664	106.666664123535
79.7799987792969	93.3333358764648
79.7900009155273	80
79.8000030517578	120
79.8099975585938	80
79.8199996948242	80
79.8300018310547	93.3333358764648
79.8399963378906	106.666664123535
79.8499984741211	93.3333358764648
79.8600006103516	106.666664123535
79.870002746582	80
79.879997253418	93.3333358764648
79.8899993896484	100
79.9000015258789	100
79.9100036621094	73.3333358764648
79.9199981689453	120
79.9300003051758	80
79.9400024414063	73.3333358764648
79.9499969482422	80
79.9599990844727	140
79.9700012207031	106.666664123535
79.9800033569336	86.6666641235352
79.9899978637695	80
80	120
80.0100021362305	120
80.0199966430664	126.666664123535
80.0299987792969	80
80.0400009155273	86.6666641235352
80.0500030517578	93.3333358764648
80.0599975585938	113.333335876465
80.0699996948242	73.3333358764648
80.0800018310547	106.666664123535
80.0899963378906	126.666664123535
80.0999984741211	86.6666641235352
80.1100006103516	106.666664123535
80.120002746582	140
80.129997253418	86.6666641235352
80.1399993896484	93.3333358764648
80.1500015258789	146.66667175293
80.1600036621094	80
80.1699981689453	100
80.1800003051758	106.666664123535
80.1900024414063	113.333335876465
80.1999969482422	106.666664123535
80.2099990844727	126.666664123535
80.2200012207031	106.666664123535
80.2300033569336	106.666664123535
80.2399978637695	113.333335876465
80.25	100
80.2600021362305	106.666664123535
80.2699966430664	113.333335876465
80.2799987792969	100
80.2900009155273	100
80.3000030517578	180
80.3099975585938	80
80.3199996948242	86.6666641235352
80.3300018310547	86.6666641235352
80.3399963378906	140
80.3499984741211	113.333335876465
80.3600006103516	86.6666641235352
80.370002746582	80
80.379997253418	93.3333358764648
80.3899993896484	93.3333358764648
80.4000015258789	133.33332824707
80.4100036621094	100
80.4199981689453	120
80.4300003051758	106.666664123535
80.4400024414063	120
80.4499969482422	100
80.4599990844727	126.666664123535
80.4700012207031	86.6666641235352
80.4800033569336	120
80.4899978637695	106.666664123535
80.5	133.33332824707
80.5100021362305	106.666664123535
80.5199966430664	113.333335876465
80.5299987792969	80
80.5400009155273	133.33332824707
80.5500030517578	93.3333358764648
80.5599975585938	93.3333358764648
80.5699996948242	120
80.5800018310547	126.666664123535
80.5899963378906	106.666664123535
80.5999984741211	113.333335876465
80.6100006103516	173.33332824707
80.620002746582	146.66667175293
80.629997253418	133.33332824707
80.6399993896484	153.33332824707
80.6500015258789	106.666664123535
80.6600036621094	140
80.6699981689453	113.333335876465
80.6800003051758	100
80.6900024414063	106.666664123535
80.6999969482422	86.6666641235352
80.7099990844727	133.33332824707
80.7200012207031	140
80.7300033569336	100
80.7399978637695	113.333335876465
80.75	93.3333358764648
80.7600021362305	80
80.7699966430664	93.3333358764648
80.7799987792969	73.3333358764648
80.7900009155273	166.66667175293
80.8000030517578	133.33332824707
80.8099975585938	120
80.8199996948242	106.666664123535
80.8300018310547	120
80.8399963378906	93.3333358764648
80.8499984741211	80
80.8600006103516	100
80.870002746582	133.33332824707
80.879997253418	126.666664123535
80.8899993896484	113.333335876465
80.9000015258789	113.333335876465
80.9100036621094	100
80.9199981689453	126.666664123535
80.9300003051758	80
80.9400024414063	93.3333358764648
80.9499969482422	146.66667175293
80.9599990844727	113.333335876465
80.9700012207031	86.6666641235352
80.9800033569336	106.666664123535
80.9899978637695	113.333335876465
81	93.3333358764648
81.0100021362305	120
81.0199966430664	180
81.0299987792969	93.3333358764648
81.0400009155273	93.3333358764648
81.0500030517578	140
81.0599975585938	93.3333358764648
81.0699996948242	80
81.0800018310547	153.33332824707
81.0899963378906	113.333335876465
81.0999984741211	120
81.1100006103516	100
81.120002746582	126.666664123535
81.129997253418	100
81.1399993896484	120
81.1500015258789	80
81.1600036621094	113.333335876465
81.1699981689453	126.666664123535
81.1800003051758	106.666664123535
81.1900024414063	160
81.1999969482422	180
81.2099990844727	100
81.2200012207031	133.33332824707
81.2300033569336	80
81.2399978637695	126.666664123535
81.25	113.333335876465
81.2600021362305	113.333335876465
81.2699966430664	113.333335876465
81.2799987792969	120
81.2900009155273	173.33332824707
81.3000030517578	120
81.3099975585938	106.666664123535
81.3199996948242	120
81.3300018310547	220
81.3399963378906	160
81.3499984741211	160
81.3600006103516	153.33332824707
81.370002746582	106.666664123535
81.379997253418	153.33332824707
81.3899993896484	160
81.4000015258789	180
81.4100036621094	140
81.4199981689453	93.3333358764648
81.4300003051758	126.666664123535
81.4400024414063	120
81.4499969482422	106.666664123535
81.4599990844727	120
81.4700012207031	100
81.4800033569336	146.66667175293
81.4899978637695	133.33332824707
81.5	140
81.5100021362305	140
81.5199966430664	133.33332824707
81.5299987792969	140
81.5400009155273	93.3333358764648
81.5500030517578	106.666664123535
81.5599975585938	93.3333358764648
81.5699996948242	133.33332824707
81.5800018310547	66.6666641235352
81.5899963378906	133.33332824707
81.5999984741211	126.666664123535
81.6100006103516	106.666664123535
81.620002746582	146.66667175293
81.629997253418	126.666664123535
81.6399993896484	133.33332824707
81.6500015258789	113.333335876465
81.6600036621094	120
81.6699981689453	153.33332824707
81.6800003051758	166.66667175293
81.6900024414063	180
81.6999969482422	120
81.7099990844727	100
81.7200012207031	173.33332824707
81.7300033569336	146.66667175293
81.7399978637695	133.33332824707
81.75	106.666664123535
81.7600021362305	140
81.7699966430664	133.33332824707
81.7799987792969	146.66667175293
81.7900009155273	213.33332824707
81.8000030517578	113.333335876465
81.8099975585938	133.33332824707
81.8199996948242	153.33332824707
81.8300018310547	146.66667175293
81.8399963378906	153.33332824707
81.8499984741211	113.333335876465
81.8600006103516	100
81.870002746582	113.333335876465
81.879997253418	133.33332824707
81.8899993896484	146.66667175293
81.9000015258789	106.666664123535
81.9100036621094	86.6666641235352
81.9199981689453	153.33332824707
81.9300003051758	140
81.9400024414063	166.66667175293
81.9499969482422	120
81.9599990844727	120
81.9700012207031	120
81.9800033569336	113.333335876465
81.9899978637695	133.33332824707
82	80
82.0100021362305	113.333335876465
82.0199966430664	126.666664123535
82.0299987792969	146.66667175293
82.0400009155273	133.33332824707
82.0500030517578	133.33332824707
82.0599975585938	120
82.0699996948242	113.333335876465
82.0800018310547	100
82.0899963378906	146.66667175293
82.0999984741211	100
82.1100006103516	153.33332824707
82.120002746582	180
82.129997253418	193.33332824707
82.1399993896484	220
82.1500015258789	166.66667175293
82.1600036621094	120
82.1699981689453	120
82.1800003051758	140
82.1900024414063	133.33332824707
82.1999969482422	160
82.2099990844727	120
82.2200012207031	146.66667175293
82.2300033569336	153.33332824707
82.2399978637695	153.33332824707
82.25	160
82.2600021362305	113.333335876465
82.2699966430664	126.666664123535
82.2799987792969	153.33332824707
82.2900009155273	173.33332824707
82.3000030517578	160
82.3099975585938	133.33332824707
82.3199996948242	106.666664123535
82.3300018310547	120
82.3399963378906	153.33332824707
82.3499984741211	113.333335876465
82.3600006103516	180
82.370002746582	146.66667175293
82.379997253418	106.666664123535
82.3899993896484	120
82.4000015258789	140
82.4100036621094	60
82.4199981689453	113.333335876465
82.4300003051758	160
82.4400024414063	146.66667175293
82.4499969482422	146.66667175293
82.4599990844727	126.666664123535
82.4700012207031	140
82.4800033569336	133.33332824707
82.4899978637695	146.66667175293
82.5	160
82.5100021362305	106.666664123535
82.5199966430664	126.666664123535
82.5299987792969	153.33332824707
82.5400009155273	153.33332824707
82.5500030517578	146.66667175293
82.5599975585938	146.66667175293
82.5699996948242	113.333335876465
82.5800018310547	160
82.5899963378906	146.66667175293
82.5999984741211	160
82.6100006103516	186.66667175293
82.620002746582	160
82.629997253418	146.66667175293
82.6399993896484	80
82.6500015258789	66.6666641235352
82.6600036621094	186.66667175293
82.6699981689453	86.6666641235352
82.6800003051758	113.333335876465
82.6900024414063	106.666664123535
82.6999969482422	100
82.7099990844727	180
82.7200012207031	126.666664123535
82.7300033569336	106.666664123535
82.7399978637695	146.66667175293
82.75	106.666664123535
82.7600021362305	100
82.7699966430664	120
82.7799987792969	126.666664123535
82.7900009155273	120
82.8000030517578	100
82.8099975585938	146.66667175293
82.8199996948242	73.3333358764648
82.8300018310547	100
82.8399963378906	66.6666641235352
82.8499984741211	126.666664123535
82.8600006103516	153.33332824707
82.870002746582	80
82.879997253418	100
82.8899993896484	126.666664123535
82.9000015258789	120
82.9100036621094	106.666664123535
82.9199981689453	133.33332824707
82.9300003051758	126.666664123535
82.9400024414063	100
82.9499969482422	160
82.9599990844727	113.333335876465
82.9700012207031	86.6666641235352
82.9800033569336	120
82.9899978637695	140
83	113.333335876465
83.0100021362305	140
83.0199966430664	86.6666641235352
83.0299987792969	113.333335876465
83.0400009155273	160
83.0500030517578	100
83.0599975585938	120
83.0699996948242	86.6666641235352
83.0800018310547	126.666664123535
83.0899963378906	133.33332824707
83.0999984741211	140
83.1100006103516	113.333335876465
83.120002746582	80
83.129997253418	166.66667175293
83.1399993896484	100
83.1500015258789	126.666664123535
83.1600036621094	140
83.1699981689453	106.666664123535
83.1800003051758	133.33332824707
83.1900024414063	153.33332824707
83.1999969482422	140
83.2099990844727	126.666664123535
83.2200012207031	113.333335876465
83.2300033569336	166.66667175293
83.2399978637695	140
83.25	153.33332824707
83.2600021362305	126.666664123535
83.2699966430664	133.33332824707
83.2799987792969	166.66667175293
83.2900009155273	146.66667175293
83.3000030517578	140
83.3099975585938	133.33332824707
83.3199996948242	140
83.3300018310547	106.666664123535
83.3399963378906	133.33332824707
83.3499984741211	93.3333358764648
83.3600006103516	140
83.370002746582	160
83.379997253418	126.666664123535
83.3899993896484	133.33332824707
83.4000015258789	140
83.4100036621094	126.666664123535
83.4199981689453	140
83.4300003051758	160
83.4400024414063	126.666664123535
83.4499969482422	133.33332824707
83.4599990844727	146.66667175293
83.4700012207031	113.333335876465
83.4800033569336	113.333335876465
83.4899978637695	120
83.5	93.3333358764648
83.5100021362305	106.666664123535
83.5199966430664	133.33332824707
83.5299987792969	86.6666641235352
83.5400009155273	100
83.5500030517578	113.333335876465
83.5599975585938	106.666664123535
83.5699996948242	86.6666641235352
83.5800018310547	220
83.5899963378906	160
83.5999984741211	140
83.6100006103516	166.66667175293
83.620002746582	80
83.629997253418	106.666664123535
83.6399993896484	133.33332824707
83.6500015258789	140
83.6600036621094	80
83.6699981689453	133.33332824707
83.6800003051758	140
83.6900024414063	113.333335876465
83.6999969482422	146.66667175293
83.7099990844727	133.33332824707
83.7200012207031	160
83.7300033569336	100
83.7399978637695	140
83.75	133.33332824707
83.7600021362305	140
83.7699966430664	93.3333358764648
83.7799987792969	153.33332824707
83.7900009155273	120
83.8000030517578	140
83.8099975585938	140
83.8199996948242	166.66667175293
83.8300018310547	146.66667175293
83.8399963378906	133.33332824707
83.8499984741211	146.66667175293
83.8600006103516	106.666664123535
83.870002746582	146.66667175293
83.879997253418	173.33332824707
83.8899993896484	180
83.9000015258789	153.33332824707
83.9100036621094	146.66667175293
83.9199981689453	173.33332824707
83.9300003051758	93.3333358764648
83.9400024414063	166.66667175293
83.9499969482422	180
83.9599990844727	153.33332824707
83.9700012207031	106.666664123535
83.9800033569336	100
83.9899978637695	133.33332824707
84	113.333335876465
84.0100021362305	133.33332824707
84.0199966430664	126.666664123535
84.0299987792969	153.33332824707
84.0400009155273	160
84.0500030517578	126.666664123535
84.0599975585938	133.33332824707
84.0699996948242	120
84.0800018310547	153.33332824707
84.0899963378906	106.666664123535
84.0999984741211	140
84.1100006103516	166.66667175293
84.120002746582	140
84.129997253418	133.33332824707
84.1399993896484	193.33332824707
84.1500015258789	140
84.1600036621094	133.33332824707
84.1699981689453	73.3333358764648
84.1800003051758	120
84.1900024414063	126.666664123535
84.1999969482422	133.33332824707
84.2099990844727	133.33332824707
84.2200012207031	100
84.2300033569336	140
84.2399978637695	120
84.25	93.3333358764648
84.2600021362305	140
84.2699966430664	93.3333358764648
84.2799987792969	153.33332824707
84.2900009155273	120
84.3000030517578	153.33332824707
84.3099975585938	113.333335876465
84.3199996948242	113.333335876465
84.3300018310547	153.33332824707
84.3399963378906	146.66667175293
84.3499984741211	113.333335876465
84.3600006103516	100
84.370002746582	153.33332824707
84.379997253418	106.666664123535
84.3899993896484	120
84.4000015258789	113.333335876465
84.4100036621094	113.333335876465
84.4199981689453	126.666664123535
84.4300003051758	153.33332824707
84.4400024414063	140
84.4499969482422	106.666664123535
84.4599990844727	93.3333358764648
84.4700012207031	113.333335876465
84.4800033569336	180
84.4899978637695	153.33332824707
84.5	120
84.5100021362305	53.3333320617676
84.5199966430664	126.666664123535
84.5299987792969	86.6666641235352
84.5400009155273	80
84.5500030517578	93.3333358764648
84.5599975585938	120
84.5699996948242	80
84.5800018310547	120
84.5899963378906	120
84.5999984741211	166.66667175293
84.6100006103516	140
84.620002746582	166.66667175293
84.629997253418	100
84.6399993896484	106.666664123535
84.6500015258789	100
84.6600036621094	126.666664123535
84.6699981689453	140
84.6800003051758	120
84.6900024414063	146.66667175293
84.6999969482422	106.666664123535
84.7099990844727	106.666664123535
84.7200012207031	166.66667175293
84.7300033569336	106.666664123535
84.7399978637695	140
84.75	160
84.7600021362305	66.6666641235352
84.7699966430664	146.66667175293
84.7799987792969	186.66667175293
84.7900009155273	126.666664123535
84.8000030517578	93.3333358764648
84.8099975585938	86.6666641235352
84.8199996948242	86.6666641235352
84.8300018310547	133.33332824707
84.8399963378906	93.3333358764648
84.8499984741211	86.6666641235352
84.8600006103516	80
84.870002746582	73.3333358764648
84.879997253418	106.666664123535
84.8899993896484	100
84.9000015258789	73.3333358764648
84.9100036621094	126.666664123535
84.9199981689453	106.666664123535
84.9300003051758	106.666664123535
84.9400024414063	100
84.9499969482422	113.333335876465
84.9599990844727	126.666664123535
84.9700012207031	100
84.9800033569336	146.66667175293
84.9899978637695	106.666664123535
85	93.3333358764648
85.0100021362305	133.33332824707
85.0199966430664	106.666664123535
85.0299987792969	113.333335876465
85.0400009155273	146.66667175293
85.0500030517578	120
85.0599975585938	80
85.0699996948242	80
85.0800018310547	166.66667175293
85.0899963378906	113.333335876465
85.0999984741211	93.3333358764648
85.1100006103516	133.33332824707
85.120002746582	100
85.129997253418	80
85.1399993896484	200
85.1500015258789	126.666664123535
85.1600036621094	126.666664123535
85.1699981689453	133.33332824707
85.1800003051758	120
85.1900024414063	126.666664123535
85.1999969482422	153.33332824707
85.2099990844727	106.666664123535
85.2200012207031	86.6666641235352
85.2300033569336	126.666664123535
85.2399978637695	93.3333358764648
85.25	126.666664123535
85.2600021362305	140
85.2699966430664	80
85.2799987792969	140
85.2900009155273	140
85.3000030517578	126.666664123535
85.3099975585938	106.666664123535
85.3199996948242	140
85.3300018310547	73.3333358764648
85.3399963378906	73.3333358764648
85.3499984741211	106.666664123535
85.3600006103516	120
85.370002746582	113.333335876465
85.379997253418	60
85.3899993896484	133.33332824707
85.4000015258789	100
85.4100036621094	113.333335876465
85.4199981689453	86.6666641235352
85.4300003051758	106.666664123535
85.4400024414063	120
85.4499969482422	140
85.4599990844727	73.3333358764648
85.4700012207031	60
85.4800033569336	120
85.4899978637695	100
85.5	100
85.5100021362305	133.33332824707
85.5199966430664	86.6666641235352
85.5299987792969	106.666664123535
85.5400009155273	140
85.5500030517578	80
85.5599975585938	100
85.5699996948242	120
85.5800018310547	140
85.5899963378906	93.3333358764648
85.5999984741211	93.3333358764648
85.6100006103516	100
85.620002746582	153.33332824707
85.629997253418	160
85.6399993896484	166.66667175293
85.6500015258789	106.666664123535
85.6600036621094	140
85.6699981689453	106.666664123535
85.6800003051758	106.666664123535
85.6900024414063	80
85.6999969482422	106.666664123535
85.7099990844727	133.33332824707
85.7200012207031	140
85.7300033569336	166.66667175293
85.7399978637695	113.333335876465
85.75	106.666664123535
85.7600021362305	106.666664123535
85.7699966430664	113.333335876465
85.7799987792969	86.6666641235352
85.7900009155273	106.666664123535
85.8000030517578	120
85.8099975585938	40
85.8199996948242	80
85.8300018310547	100
85.8399963378906	106.666664123535
85.8499984741211	120
85.8600006103516	86.6666641235352
85.870002746582	126.666664123535
85.879997253418	146.66667175293
85.8899993896484	73.3333358764648
85.9000015258789	106.666664123535
85.9100036621094	146.66667175293
85.9199981689453	146.66667175293
85.9300003051758	106.666664123535
85.9400024414063	86.6666641235352
85.9499969482422	100
85.9599990844727	120
85.9700012207031	146.66667175293
85.9800033569336	106.666664123535
85.9899978637695	80
86	133.33332824707
86.0100021362305	113.333335876465
86.0199966430664	146.66667175293
86.0299987792969	106.666664123535
86.0400009155273	113.333335876465
86.0500030517578	146.66667175293
86.0599975585938	106.666664123535
86.0699996948242	140
86.0800018310547	106.666664123535
86.0899963378906	126.666664123535
86.0999984741211	93.3333358764648
86.1100006103516	160
86.120002746582	113.333335876465
86.129997253418	133.33332824707
86.1399993896484	93.3333358764648
86.1500015258789	133.33332824707
86.1600036621094	106.666664123535
86.1699981689453	120
86.1800003051758	106.666664123535
86.1900024414063	113.333335876465
86.1999969482422	66.6666641235352
86.2099990844727	113.333335876465
86.2200012207031	133.33332824707
86.2300033569336	146.66667175293
86.2399978637695	153.33332824707
86.25	100
86.2600021362305	100
86.2699966430664	120
86.2799987792969	133.33332824707
86.2900009155273	153.33332824707
86.3000030517578	126.666664123535
86.3099975585938	133.33332824707
86.3199996948242	133.33332824707
86.3300018310547	86.6666641235352
86.3399963378906	140
86.3499984741211	126.666664123535
86.3600006103516	140
86.370002746582	146.66667175293
86.379997253418	160
86.3899993896484	86.6666641235352
86.4000015258789	160
86.4100036621094	126.666664123535
86.4199981689453	86.6666641235352
86.4300003051758	140
86.4400024414063	66.6666641235352
86.4499969482422	126.666664123535
86.4599990844727	173.33332824707
86.4700012207031	140
86.4800033569336	126.666664123535
86.4899978637695	140
86.5	106.666664123535
86.5100021362305	113.333335876465
86.5199966430664	160
86.5299987792969	160
86.5400009155273	180
86.5500030517578	126.666664123535
86.5599975585938	140
86.5699996948242	153.33332824707
86.5800018310547	180
86.5899963378906	146.66667175293
86.5999984741211	140
86.6100006103516	186.66667175293
86.620002746582	160
86.629997253418	206.66667175293
86.6399993896484	200
86.6500015258789	213.33332824707
86.6600036621094	166.66667175293
86.6699981689453	166.66667175293
86.6800003051758	213.33332824707
86.6900024414063	186.66667175293
86.6999969482422	153.33332824707
86.7099990844727	100
86.7200012207031	153.33332824707
86.7300033569336	166.66667175293
86.7399978637695	140
86.75	113.333335876465
86.7600021362305	133.33332824707
86.7699966430664	146.66667175293
86.7799987792969	173.33332824707
86.7900009155273	166.66667175293
86.8000030517578	153.33332824707
86.8099975585938	140
86.8199996948242	166.66667175293
86.8300018310547	213.33332824707
86.8399963378906	173.33332824707
86.8499984741211	200
86.8600006103516	126.666664123535
86.870002746582	133.33332824707
86.879997253418	113.333335876465
86.8899993896484	206.66667175293
86.9000015258789	173.33332824707
86.9100036621094	153.33332824707
86.9199981689453	80
86.9300003051758	126.666664123535
86.9400024414063	140
86.9499969482422	126.666664123535
86.9599990844727	153.33332824707
86.9700012207031	220
86.9800033569336	173.33332824707
86.9899978637695	140
87	173.33332824707
87.0100021362305	133.33332824707
87.0199966430664	140
87.0299987792969	93.3333358764648
87.0400009155273	86.6666641235352
87.0500030517578	120
87.0599975585938	133.33332824707
87.0699996948242	146.66667175293
87.0800018310547	146.66667175293
87.0899963378906	100
87.0999984741211	86.6666641235352
87.1100006103516	146.66667175293
87.120002746582	146.66667175293
87.129997253418	113.333335876465
87.1399993896484	126.666664123535
87.1500015258789	153.33332824707
87.1600036621094	106.666664123535
87.1699981689453	126.666664123535
87.1800003051758	146.66667175293
87.1900024414063	100
87.1999969482422	206.66667175293
87.2099990844727	133.33332824707
87.2200012207031	186.66667175293
87.2300033569336	180
87.2399978637695	126.666664123535
87.25	140
87.2600021362305	106.666664123535
87.2699966430664	153.33332824707
87.2799987792969	113.333335876465
87.2900009155273	113.333335876465
87.3000030517578	120
87.3099975585938	133.33332824707
87.3199996948242	113.333335876465
87.3300018310547	100
87.3399963378906	73.3333358764648
87.3499984741211	180
87.3600006103516	186.66667175293
87.370002746582	113.333335876465
87.379997253418	113.333335876465
87.3899993896484	106.666664123535
87.4000015258789	160
87.4100036621094	106.666664123535
87.4199981689453	100
87.4300003051758	160
87.4400024414063	140
87.4499969482422	133.33332824707
87.4599990844727	86.6666641235352
87.4700012207031	100
87.4800033569336	73.3333358764648
87.4899978637695	113.333335876465
87.5	120
87.5100021362305	120
87.5199966430664	126.666664123535
87.5299987792969	93.3333358764648
87.5400009155273	140
87.5500030517578	126.666664123535
87.5599975585938	120
87.5699996948242	146.66667175293
87.5800018310547	126.666664123535
87.5899963378906	120
87.5999984741211	120
87.6100006103516	113.333335876465
87.620002746582	146.66667175293
87.629997253418	146.66667175293
87.6399993896484	100
87.6500015258789	80
87.6600036621094	66.6666641235352
87.6699981689453	53.3333320617676
87.6800003051758	93.3333358764648
87.6900024414063	86.6666641235352
87.6999969482422	73.3333358764648
87.7099990844727	66.6666641235352
87.7200012207031	100
87.7300033569336	86.6666641235352
87.7399978637695	120
87.75	140
87.7600021362305	93.3333358764648
87.7699966430664	100
87.7799987792969	86.6666641235352
87.7900009155273	113.333335876465
87.8000030517578	133.33332824707
87.8099975585938	140
87.8199996948242	120
87.8300018310547	113.333335876465
87.8399963378906	80
87.8499984741211	133.33332824707
87.8600006103516	93.3333358764648
87.870002746582	113.333335876465
87.879997253418	133.33332824707
87.8899993896484	106.666664123535
87.9000015258789	140
87.9100036621094	106.666664123535
87.9199981689453	120
87.9300003051758	113.333335876465
87.9400024414063	126.666664123535
87.9499969482422	120
87.9599990844727	106.666664123535
87.9700012207031	93.3333358764648
87.9800033569336	100
87.9899978637695	73.3333358764648
88	106.666664123535
88.0100021362305	73.3333358764648
88.0199966430664	120
88.0299987792969	60
88.0400009155273	66.6666641235352
88.0500030517578	133.33332824707
88.0599975585938	126.666664123535
88.0699996948242	86.6666641235352
88.0800018310547	126.666664123535
88.0899963378906	113.333335876465
88.0999984741211	100
88.1100006103516	86.6666641235352
88.120002746582	113.333335876465
88.129997253418	93.3333358764648
88.1399993896484	146.66667175293
88.1500015258789	93.3333358764648
88.1600036621094	86.6666641235352
88.1699981689453	80
88.1800003051758	100
88.1900024414063	120
88.1999969482422	126.666664123535
88.2099990844727	140
88.2200012207031	146.66667175293
88.2300033569336	86.6666641235352
88.2399978637695	113.333335876465
88.25	146.66667175293
88.2600021362305	93.3333358764648
88.2699966430664	126.666664123535
88.2799987792969	106.666664123535
88.2900009155273	86.6666641235352
88.3000030517578	60
88.3099975585938	153.33332824707
88.3199996948242	113.333335876465
88.3300018310547	93.3333358764648
88.3399963378906	86.6666641235352
88.3499984741211	106.666664123535
88.3600006103516	80
88.370002746582	100
88.379997253418	93.3333358764648
88.3899993896484	113.333335876465
88.4000015258789	146.66667175293
88.4100036621094	100
88.4199981689453	106.666664123535
88.4300003051758	106.666664123535
88.4400024414063	66.6666641235352
88.4499969482422	100
88.4599990844727	60
88.4700012207031	126.666664123535
88.4800033569336	120
88.4899978637695	120
88.5	93.3333358764648
88.5100021362305	106.666664123535
88.5199966430664	86.6666641235352
88.5299987792969	93.3333358764648
88.5400009155273	106.666664123535
88.5500030517578	100
88.5599975585938	100
88.5699996948242	126.666664123535
88.5800018310547	126.666664123535
88.5899963378906	93.3333358764648
88.5999984741211	120
88.6100006103516	100
88.620002746582	93.3333358764648
88.629997253418	66.6666641235352
88.6399993896484	113.333335876465
88.6500015258789	86.6666641235352
88.6600036621094	133.33332824707
88.6699981689453	166.66667175293
88.6800003051758	120
88.6900024414063	93.3333358764648
88.6999969482422	106.666664123535
88.7099990844727	133.33332824707
88.7200012207031	120
88.7300033569336	86.6666641235352
88.7399978637695	80
88.75	133.33332824707
88.7600021362305	153.33332824707
88.7699966430664	73.3333358764648
88.7799987792969	60
88.7900009155273	80
88.8000030517578	73.3333358764648
88.8099975585938	140
88.8199996948242	100
88.8300018310547	120
88.8399963378906	80
88.8499984741211	86.6666641235352
88.8600006103516	86.6666641235352
88.870002746582	113.333335876465
88.879997253418	100
88.8899993896484	113.333335876465
88.9000015258789	166.66667175293
88.9100036621094	140
88.9199981689453	73.3333358764648
88.9300003051758	113.333335876465
88.9400024414063	113.333335876465
88.9499969482422	86.6666641235352
88.9599990844727	93.3333358764648
88.9700012207031	113.333335876465
88.9800033569336	93.3333358764648
88.9899978637695	106.666664123535
89	106.666664123535
89.0100021362305	93.3333358764648
89.0199966430664	106.666664123535
89.0299987792969	73.3333358764648
89.0400009155273	86.6666641235352
89.0500030517578	120
89.0599975585938	80
89.0699996948242	113.333335876465
89.0800018310547	100
89.0899963378906	113.333335876465
89.0999984741211	100
89.1100006103516	120
89.120002746582	106.666664123535
89.129997253418	86.6666641235352
89.1399993896484	86.6666641235352
89.1500015258789	113.333335876465
89.1600036621094	66.6666641235352
89.1699981689453	86.6666641235352
89.1800003051758	140
89.1900024414063	113.333335876465
89.1999969482422	120
89.2099990844727	133.33332824707
89.2200012207031	140
89.2300033569336	80
89.2399978637695	66.6666641235352
89.25	126.666664123535
89.2600021362305	120
89.2699966430664	120
89.2799987792969	93.3333358764648
89.2900009155273	100
89.3000030517578	86.6666641235352
89.3099975585938	93.3333358764648
89.3199996948242	153.33332824707
89.3300018310547	113.333335876465
89.3399963378906	100
89.3499984741211	106.666664123535
89.3600006103516	73.3333358764648
89.370002746582	86.6666641235352
89.379997253418	106.666664123535
89.3899993896484	120
89.4000015258789	53.3333320617676
89.4100036621094	120
89.4199981689453	173.33332824707
89.4300003051758	146.66667175293
89.4400024414063	126.666664123535
89.4499969482422	140
89.4599990844727	93.3333358764648
89.4700012207031	133.33332824707
89.4800033569336	146.66667175293
89.4899978637695	126.666664123535
89.5	146.66667175293
89.5100021362305	180
89.5199966430664	113.333335876465
89.5299987792969	93.3333358764648
89.5400009155273	120
89.5500030517578	133.33332824707
89.5599975585938	106.666664123535
89.5699996948242	113.333335876465
89.5800018310547	106.666664123535
89.5899963378906	160
89.5999984741211	100
89.6100006103516	100
89.620002746582	100
89.629997253418	100
89.6399993896484	100
89.6500015258789	100
89.6600036621094	120
89.6699981689453	113.333335876465
89.6800003051758	106.666664123535
89.6900024414063	93.3333358764648
89.6999969482422	113.333335876465
89.7099990844727	106.666664123535
89.7200012207031	113.333335876465
89.7300033569336	113.333335876465
89.7399978637695	86.6666641235352
89.75	100
89.7600021362305	73.3333358764648
89.7699966430664	113.333335876465
89.7799987792969	166.66667175293
89.7900009155273	100
89.8000030517578	93.3333358764648
89.8099975585938	100
89.8199996948242	133.33332824707
89.8300018310547	93.3333358764648
89.8399963378906	120
89.8499984741211	106.666664123535
89.8600006103516	160
89.870002746582	113.333335876465
89.879997253418	86.6666641235352
89.8899993896484	113.333335876465
89.9000015258789	113.333335876465
89.9100036621094	86.6666641235352
89.9199981689453	160
89.9300003051758	146.66667175293
89.9400024414063	120
89.9499969482422	160
89.9599990844727	146.66667175293
89.9700012207031	93.3333358764648
89.9800033569336	106.666664123535
89.9899978637695	80
90	160
