Ti.TiO2-IrO2 (80.20)/1	
θ/2θ, °	Intensity, cps
5	526.666687011719
5.01000022888184	580
5.01999998092651	633.333312988281
5.03000020980835	586.666687011719
5.03999996185303	586.666687011719
5.05000019073486	520
5.05999994277954	573.333312988281
5.07000017166138	640
5.07999992370605	533.333312988281
5.09000015258789	560
5.09999990463257	513.333312988281
5.1100001335144	513.333312988281
5.11999988555908	553.333312988281
5.13000011444092	700
5.1399998664856	693.333312988281
5.15000009536743	506.666656494141
5.15999984741211	700
5.17000007629395	520
5.17999982833862	606.666687011719
5.19000005722046	620
5.19999980926514	566.666687011719
5.21000003814697	600
5.21999979019165	693.333312988281
5.23000001907349	653.333312988281
5.23999977111816	546.666687011719
5.25	520
5.26000022888184	593.333312988281
5.26999998092651	560
5.28000020980835	593.333312988281
5.28999996185303	700
5.30000019073486	686.666687011719
5.30999994277954	713.333312988281
5.32000017166138	626.666687011719
5.32999992370605	633.333312988281
5.34000015258789	766.666687011719
5.34999990463257	646.666687011719
5.3600001335144	626.666687011719
5.36999988555908	560
5.38000011444092	586.666687011719
5.3899998664856	673.333312988281
5.40000009536743	566.666687011719
5.40999984741211	553.333312988281
5.42000007629395	460
5.42999982833862	613.333312988281
5.44000005722046	553.333312988281
5.44999980926514	573.333312988281
5.46000003814697	653.333312988281
5.46999979019165	593.333312988281
5.48000001907349	766.666687011719
5.48999977111816	606.666687011719
5.5	660
5.51000022888184	613.333312988281
5.51999998092651	733.333312988281
5.53000020980835	700
5.53999996185303	833.333312988281
5.55000019073486	526.666687011719
5.55999994277954	600
5.57000017166138	680
5.57999992370605	686.666687011719
5.59000015258789	660
5.59999990463257	686.666687011719
5.6100001335144	680
5.61999988555908	653.333312988281
5.63000011444092	673.333312988281
5.6399998664856	540
5.65000009536743	566.666687011719
5.65999984741211	633.333312988281
5.67000007629395	666.666687011719
5.67999982833862	586.666687011719
5.69000005722046	620
5.69999980926514	766.666687011719
5.71000003814697	633.333312988281
5.71999979019165	586.666687011719
5.73000001907349	680
5.73999977111816	633.333312988281
5.75	686.666687011719
5.76000022888184	793.333312988281
5.76999998092651	813.333312988281
5.78000020980835	580
5.78999996185303	580
5.80000019073486	600
5.80999994277954	806.666687011719
5.82000017166138	526.666687011719
5.82999992370605	666.666687011719
5.84000015258789	673.333312988281
5.84999990463257	606.666687011719
5.8600001335144	580
5.86999988555908	626.666687011719
5.88000011444092	640
5.8899998664856	660
5.90000009536743	673.333312988281
5.90999984741211	640
5.92000007629395	706.666687011719
5.92999982833862	673.333312988281
5.94000005722046	633.333312988281
5.94999980926514	740
5.96000003814697	673.333312988281
5.96999979019165	520
5.98000001907349	573.333312988281
5.98999977111816	660
6	686.666687011719
6.01000022888184	640
6.01999998092651	626.666687011719
6.03000020980835	626.666687011719
6.03999996185303	606.666687011719
6.05000019073486	713.333312988281
6.05999994277954	666.666687011719
6.07000017166138	673.333312988281
6.07999992370605	720
6.09000015258789	680
6.09999990463257	646.666687011719
6.1100001335144	700
6.11999988555908	620
6.13000011444092	640
6.1399998664856	653.333312988281
6.15000009536743	706.666687011719
6.15999984741211	566.666687011719
6.17000007629395	686.666687011719
6.17999982833862	566.666687011719
6.19000005722046	673.333312988281
6.19999980926514	640
6.21000003814697	653.333312988281
6.21999979019165	593.333312988281
6.23000001907349	686.666687011719
6.23999977111816	646.666687011719
6.25	633.333312988281
6.26000022888184	720
6.26999998092651	713.333312988281
6.28000020980835	660
6.28999996185303	640
6.30000019073486	680
6.30999994277954	526.666687011719
6.32000017166138	686.666687011719
6.32999992370605	666.666687011719
6.34000015258789	760
6.34999990463257	700
6.3600001335144	633.333312988281
6.36999988555908	733.333312988281
6.38000011444092	713.333312988281
6.3899998664856	793.333312988281
6.40000009536743	753.333312988281
6.40999984741211	700
6.42000007629395	740
6.42999982833862	780
6.44000005722046	693.333312988281
6.44999980926514	640
6.46000003814697	566.666687011719
6.46999979019165	713.333312988281
6.48000001907349	620
6.48999977111816	580
6.5	733.333312988281
6.51000022888184	706.666687011719
6.51999998092651	673.333312988281
6.53000020980835	700
6.53999996185303	640
6.55000019073486	660
6.55999994277954	793.333312988281
6.57000017166138	733.333312988281
6.57999992370605	666.666687011719
6.59000015258789	640
6.59999990463257	720
6.6100001335144	693.333312988281
6.61999988555908	706.666687011719
6.63000011444092	760
6.6399998664856	726.666687011719
6.65000009536743	793.333312988281
6.65999984741211	620
6.67000007629395	740
6.67999982833862	700
6.69000005722046	646.666687011719
6.69999980926514	760
6.71000003814697	626.666687011719
6.71999979019165	660
6.73000001907349	766.666687011719
6.73999977111816	626.666687011719
6.75	733.333312988281
6.76000022888184	726.666687011719
6.76999998092651	793.333312988281
6.78000020980835	753.333312988281
6.78999996185303	806.666687011719
6.80000019073486	700
6.80999994277954	686.666687011719
6.82000017166138	713.333312988281
6.82999992370605	746.666687011719
6.84000015258789	706.666687011719
6.84999990463257	706.666687011719
6.8600001335144	766.666687011719
6.86999988555908	700
6.88000011444092	706.666687011719
6.8899998664856	653.333312988281
6.90000009536743	713.333312988281
6.90999984741211	720
6.92000007629395	800
6.92999982833862	680
6.94000005722046	666.666687011719
6.94999980926514	633.333312988281
6.96000003814697	660
6.96999979019165	800
6.98000001907349	580
6.98999977111816	866.666687011719
7	660
7.01000022888184	820
7.01999998092651	606.666687011719
7.03000020980835	733.333312988281
7.03999996185303	813.333312988281
7.05000019073486	760
7.05999994277954	720
7.07000017166138	646.666687011719
7.07999992370605	693.333312988281
7.09000015258789	686.666687011719
7.09999990463257	720
7.1100001335144	706.666687011719
7.11999988555908	753.333312988281
7.13000011444092	793.333312988281
7.1399998664856	746.666687011719
7.15000009536743	600
7.15999984741211	713.333312988281
7.17000007629395	660
7.17999982833862	706.666687011719
7.19000005722046	660
7.19999980926514	653.333312988281
7.21000003814697	713.333312988281
7.21999979019165	533.333312988281
7.23000001907349	706.666687011719
7.23999977111816	786.666687011719
7.25	746.666687011719
7.26000022888184	720
7.26999998092651	760
7.28000020980835	886.666687011719
7.28999996185303	740
7.30000019073486	793.333312988281
7.30999994277954	626.666687011719
7.32000017166138	680
7.32999992370605	746.666687011719
7.34000015258789	673.333312988281
7.34999990463257	573.333312988281
7.3600001335144	600
7.36999988555908	646.666687011719
7.38000011444092	693.333312988281
7.3899998664856	720
7.40000009536743	840
7.40999984741211	726.666687011719
7.42000007629395	653.333312988281
7.42999982833862	680
7.44000005722046	640
7.44999980926514	720
7.46000003814697	766.666687011719
7.46999979019165	760
7.48000001907349	733.333312988281
7.48999977111816	720
7.5	786.666687011719
7.51000022888184	733.333312988281
7.51999998092651	666.666687011719
7.53000020980835	573.333312988281
7.53999996185303	720
7.55000019073486	666.666687011719
7.55999994277954	593.333312988281
7.57000017166138	693.333312988281
7.57999992370605	606.666687011719
7.59000015258789	600
7.59999990463257	793.333312988281
7.6100001335144	673.333312988281
7.61999988555908	640
7.63000011444092	620
7.6399998664856	640
7.65000009536743	733.333312988281
7.65999984741211	713.333312988281
7.67000007629395	760
7.67999982833862	713.333312988281
7.69000005722046	646.666687011719
7.69999980926514	733.333312988281
7.71000003814697	613.333312988281
7.71999979019165	613.333312988281
7.73000001907349	640
7.73999977111816	593.333312988281
7.75	566.666687011719
7.76000022888184	666.666687011719
7.76999998092651	680
7.78000020980835	693.333312988281
7.78999996185303	780
7.80000019073486	673.333312988281
7.80999994277954	700
7.82000017166138	553.333312988281
7.82999992370605	680
7.84000015258789	713.333312988281
7.84999990463257	666.666687011719
7.8600001335144	586.666687011719
7.86999988555908	720
7.88000011444092	546.666687011719
7.8899998664856	613.333312988281
7.90000009536743	606.666687011719
7.90999984741211	713.333312988281
7.92000007629395	753.333312988281
7.92999982833862	720
7.94000005722046	706.666687011719
7.94999980926514	653.333312988281
7.96000003814697	673.333312988281
7.96999979019165	640
7.98000001907349	593.333312988281
7.98999977111816	640
8	713.333312988281
8.01000022888184	713.333312988281
8.02000045776367	753.333312988281
8.02999973297119	606.666687011719
8.03999996185303	573.333312988281
8.05000019073486	613.333312988281
8.0600004196167	633.333312988281
8.06999969482422	606.666687011719
8.07999992370605	613.333312988281
8.09000015258789	620
8.10000038146973	700
8.10999965667725	660
8.11999988555908	620
8.13000011444092	546.666687011719
8.14000034332275	640
8.14999961853027	626.666687011719
8.15999984741211	700
8.17000007629395	660
8.18000030517578	593.333312988281
8.1899995803833	580
8.19999980926514	673.333312988281
8.21000003814697	660
8.22000026702881	613.333312988281
8.22999954223633	693.333312988281
8.23999977111816	640
8.25	780
8.26000022888184	640
8.27000045776367	566.666687011719
8.27999973297119	640
8.28999996185303	580
8.30000019073486	513.333312988281
8.3100004196167	746.666687011719
8.31999969482422	606.666687011719
8.32999992370605	546.666687011719
8.34000015258789	626.666687011719
8.35000038146973	600
8.35999965667725	633.333312988281
8.36999988555908	620
8.38000011444092	680
8.39000034332275	573.333312988281
8.39999961853027	626.666687011719
8.40999984741211	533.333312988281
8.42000007629395	666.666687011719
8.43000030517578	706.666687011719
8.4399995803833	640
8.44999980926514	493.333343505859
8.46000003814697	693.333312988281
8.47000026702881	686.666687011719
8.47999954223633	673.333312988281
8.48999977111816	760
8.5	666.666687011719
8.51000022888184	606.666687011719
8.52000045776367	653.333312988281
8.52999973297119	513.333312988281
8.53999996185303	726.666687011719
8.55000019073486	633.333312988281
8.5600004196167	606.666687011719
8.56999969482422	660
8.57999992370605	533.333312988281
8.59000015258789	633.333312988281
8.60000038146973	700
8.60999965667725	673.333312988281
8.61999988555908	606.666687011719
8.63000011444092	706.666687011719
8.64000034332275	613.333312988281
8.64999961853027	553.333312988281
8.65999984741211	580
8.67000007629395	740
8.68000030517578	606.666687011719
8.6899995803833	653.333312988281
8.69999980926514	680
8.71000003814697	546.666687011719
8.72000026702881	626.666687011719
8.72999954223633	586.666687011719
8.73999977111816	533.333312988281
8.75	600
8.76000022888184	633.333312988281
8.77000045776367	506.666656494141
8.77999973297119	653.333312988281
8.78999996185303	606.666687011719
8.80000019073486	666.666687011719
8.8100004196167	660
8.81999969482422	573.333312988281
8.82999992370605	580
8.84000015258789	533.333312988281
8.85000038146973	620
8.85999965667725	593.333312988281
8.86999988555908	600
8.88000011444092	613.333312988281
8.89000034332275	640
8.89999961853027	626.666687011719
8.90999984741211	526.666687011719
8.92000007629395	446.666656494141
8.93000030517578	526.666687011719
8.9399995803833	686.666687011719
8.94999980926514	666.666687011719
8.96000003814697	580
8.97000026702881	586.666687011719
8.97999954223633	613.333312988281
8.98999977111816	606.666687011719
9	626.666687011719
9.01000022888184	586.666687011719
9.02000045776367	613.333312988281
9.02999973297119	573.333312988281
9.03999996185303	653.333312988281
9.05000019073486	566.666687011719
9.0600004196167	600
9.06999969482422	580
9.07999992370605	433.333343505859
9.09000015258789	646.666687011719
9.10000038146973	620
9.10999965667725	653.333312988281
9.11999988555908	613.333312988281
9.13000011444092	580
9.14000034332275	600
9.14999961853027	640
9.15999984741211	573.333312988281
9.17000007629395	580
9.18000030517578	593.333312988281
9.1899995803833	553.333312988281
9.19999980926514	560
9.21000003814697	560
9.22000026702881	606.666687011719
9.22999954223633	553.333312988281
9.23999977111816	566.666687011719
9.25	540
9.26000022888184	566.666687011719
9.27000045776367	553.333312988281
9.27999973297119	513.333312988281
9.28999996185303	460
9.30000019073486	540
9.3100004196167	613.333312988281
9.31999969482422	540
9.32999992370605	553.333312988281
9.34000015258789	573.333312988281
9.35000038146973	586.666687011719
9.35999965667725	486.666656494141
9.36999988555908	546.666687011719
9.38000011444092	660
9.39000034332275	573.333312988281
9.39999961853027	573.333312988281
9.40999984741211	520
9.42000007629395	566.666687011719
9.43000030517578	613.333312988281
9.4399995803833	546.666687011719
9.44999980926514	526.666687011719
9.46000003814697	540
9.47000026702881	573.333312988281
9.47999954223633	600
9.48999977111816	700
9.5	526.666687011719
9.51000022888184	566.666687011719
9.52000045776367	513.333312988281
9.52999973297119	546.666687011719
9.53999996185303	653.333312988281
9.55000019073486	713.333312988281
9.5600004196167	473.333343505859
9.56999969482422	526.666687011719
9.57999992370605	466.666656494141
9.59000015258789	566.666687011719
9.60000038146973	526.666687011719
9.60999965667725	493.333343505859
9.61999988555908	606.666687011719
9.63000011444092	613.333312988281
9.64000034332275	566.666687011719
9.64999961853027	553.333312988281
9.65999984741211	493.333343505859
9.67000007629395	533.333312988281
9.68000030517578	540
9.6899995803833	526.666687011719
9.69999980926514	486.666656494141
9.71000003814697	486.666656494141
9.72000026702881	513.333312988281
9.72999954223633	560
9.73999977111816	560
9.75	553.333312988281
9.76000022888184	460
9.77000045776367	573.333312988281
9.77999973297119	660
9.78999996185303	500
9.80000019073486	626.666687011719
9.8100004196167	526.666687011719
9.81999969482422	540
9.82999992370605	533.333312988281
9.84000015258789	500
9.85000038146973	586.666687011719
9.85999965667725	546.666687011719
9.86999988555908	413.333343505859
9.88000011444092	506.666656494141
9.89000034332275	480
9.89999961853027	526.666687011719
9.90999984741211	626.666687011719
9.92000007629395	540
9.93000030517578	506.666656494141
9.9399995803833	446.666656494141
9.94999980926514	460
9.96000003814697	520
9.97000026702881	666.666687011719
9.97999954223633	560
9.98999977111816	480
10	460
10.0100002288818	453.333343505859
10.0200004577637	546.666687011719
10.0299997329712	500
10.039999961853	553.333312988281
10.0500001907349	640
10.0600004196167	480
10.0699996948242	553.333312988281
10.0799999237061	486.666656494141
10.0900001525879	513.333312988281
10.1000003814697	533.333312988281
10.1099996566772	560
10.1199998855591	560
10.1300001144409	560
10.1400003433228	473.333343505859
10.1499996185303	466.666656494141
10.1599998474121	513.333312988281
10.1700000762939	486.666656494141
10.1800003051758	506.666656494141
10.1899995803833	513.333312988281
10.1999998092651	466.666656494141
10.210000038147	513.333312988281
10.2200002670288	506.666656494141
10.2299995422363	540
10.2399997711182	600
10.25	506.666656494141
10.2600002288818	500
10.2700004577637	446.666656494141
10.2799997329712	500
10.289999961853	593.333312988281
10.3000001907349	566.666687011719
10.3100004196167	480
10.3199996948242	540
10.3299999237061	520
10.3400001525879	506.666656494141
10.3500003814697	526.666687011719
10.3599996566772	500
10.3699998855591	500
10.3800001144409	540
10.3900003433228	486.666656494141
10.3999996185303	473.333343505859
10.4099998474121	466.666656494141
10.4200000762939	533.333312988281
10.4300003051758	493.333343505859
10.4399995803833	553.333312988281
10.4499998092651	520
10.460000038147	553.333312988281
10.4700002670288	560
10.4799995422363	480
10.4899997711182	473.333343505859
10.5	466.666656494141
10.5100002288818	380
10.5200004577637	526.666687011719
10.5299997329712	553.333312988281
10.539999961853	600
10.5500001907349	586.666687011719
10.5600004196167	433.333343505859
10.5699996948242	486.666656494141
10.5799999237061	473.333343505859
10.5900001525879	493.333343505859
10.6000003814697	480
10.6099996566772	480
10.6199998855591	420
10.6300001144409	446.666656494141
10.6400003433228	500
10.6499996185303	480
10.6599998474121	520
10.6700000762939	466.666656494141
10.6800003051758	373.333343505859
10.6899995803833	446.666656494141
10.6999998092651	473.333343505859
10.710000038147	433.333343505859
10.7200002670288	526.666687011719
10.7299995422363	533.333312988281
10.7399997711182	513.333312988281
10.75	406.666656494141
10.7600002288818	506.666656494141
10.7700004577637	420
10.7799997329712	473.333343505859
10.789999961853	406.666656494141
10.8000001907349	420
10.8100004196167	486.666656494141
10.8199996948242	480
10.8299999237061	460
10.8400001525879	540
10.8500003814697	473.333343505859
10.8599996566772	466.666656494141
10.8699998855591	533.333312988281
10.8800001144409	473.333343505859
10.8900003433228	566.666687011719
10.8999996185303	433.333343505859
10.9099998474121	466.666656494141
10.9200000762939	446.666656494141
10.9300003051758	500
10.9399995803833	433.333343505859
10.9499998092651	473.333343505859
10.960000038147	446.666656494141
10.9700002670288	540
10.9799995422363	520
10.9899997711182	473.333343505859
11	466.666656494141
11.0100002288818	406.666656494141
11.0200004577637	420
11.0299997329712	513.333312988281
11.039999961853	446.666656494141
11.0500001907349	560
11.0600004196167	420
11.0699996948242	413.333343505859
11.0799999237061	506.666656494141
11.0900001525879	486.666656494141
11.1000003814697	506.666656494141
11.1099996566772	526.666687011719
11.1199998855591	413.333343505859
11.1300001144409	420
11.1400003433228	520
11.1499996185303	453.333343505859
11.1599998474121	500
11.1700000762939	413.333343505859
11.1800003051758	526.666687011719
11.1899995803833	480
11.1999998092651	353.333343505859
11.210000038147	486.666656494141
11.2200002670288	466.666656494141
11.2299995422363	500
11.2399997711182	420
11.25	493.333343505859
11.2600002288818	500
11.2700004577637	393.333343505859
11.2799997329712	466.666656494141
11.289999961853	393.333343505859
11.3000001907349	440
11.3100004196167	406.666656494141
11.3199996948242	500
11.3299999237061	420
11.3400001525879	493.333343505859
11.3500003814697	440
11.3599996566772	466.666656494141
11.3699998855591	460
11.3800001144409	406.666656494141
11.3900003433228	473.333343505859
11.3999996185303	500
11.4099998474121	380
11.4200000762939	393.333343505859
11.4300003051758	393.333343505859
11.4399995803833	413.333343505859
11.4499998092651	446.666656494141
11.460000038147	380
11.4700002670288	366.666656494141
11.4799995422363	440
11.4899997711182	493.333343505859
11.5	473.333343505859
11.5100002288818	453.333343505859
11.5200004577637	466.666656494141
11.5299997329712	486.666656494141
11.539999961853	460
11.5500001907349	433.333343505859
11.5600004196167	513.333312988281
11.5699996948242	440
11.5799999237061	480
11.5900001525879	353.333343505859
11.6000003814697	380
11.6099996566772	473.333343505859
11.6199998855591	406.666656494141
11.6300001144409	513.333312988281
11.6400003433228	446.666656494141
11.6499996185303	480
11.6599998474121	486.666656494141
11.6700000762939	500
11.6800003051758	473.333343505859
11.6899995803833	406.666656494141
11.6999998092651	493.333343505859
11.710000038147	506.666656494141
11.7200002670288	486.666656494141
11.7299995422363	440
11.7399997711182	480
11.75	433.333343505859
11.7600002288818	446.666656494141
11.7700004577637	520
11.7799997329712	360
11.789999961853	446.666656494141
11.8000001907349	373.333343505859
11.8100004196167	413.333343505859
11.8199996948242	400
11.8299999237061	400
11.8400001525879	486.666656494141
11.8500003814697	440
11.8599996566772	453.333343505859
11.8699998855591	420
11.8800001144409	400
11.8900003433228	433.333343505859
11.8999996185303	420
11.9099998474121	400
11.9200000762939	500
11.9300003051758	346.666656494141
11.9399995803833	446.666656494141
11.9499998092651	546.666687011719
11.960000038147	433.333343505859
11.9700002670288	373.333343505859
11.9799995422363	493.333343505859
11.9899997711182	493.333343505859
12	460
12.0100002288818	466.666656494141
12.0200004577637	380
12.0299997329712	360
12.039999961853	393.333343505859
12.0500001907349	433.333343505859
12.0600004196167	353.333343505859
12.0699996948242	420
12.0799999237061	486.666656494141
12.0900001525879	446.666656494141
12.1000003814697	446.666656494141
12.1099996566772	400
12.1199998855591	386.666656494141
12.1300001144409	440
12.1400003433228	353.333343505859
12.1499996185303	500
12.1599998474121	473.333343505859
12.1700000762939	460
12.1800003051758	386.666656494141
12.1899995803833	433.333343505859
12.1999998092651	540
12.210000038147	506.666656494141
12.2200002670288	420
12.2299995422363	466.666656494141
12.2399997711182	360
12.25	433.333343505859
12.2600002288818	373.333343505859
12.2700004577637	420
12.2799997329712	473.333343505859
12.289999961853	400
12.3000001907349	306.666656494141
12.3100004196167	326.666656494141
12.3199996948242	500
12.3299999237061	373.333343505859
12.3400001525879	420
12.3500003814697	420
12.3599996566772	346.666656494141
12.3699998855591	326.666656494141
12.3800001144409	460
12.3900003433228	413.333343505859
12.3999996185303	420
12.4099998474121	380
12.4200000762939	400
12.4300003051758	453.333343505859
12.4399995803833	440
12.4499998092651	373.333343505859
12.460000038147	453.333343505859
12.4700002670288	413.333343505859
12.4799995422363	460
12.4899997711182	486.666656494141
12.5	393.333343505859
12.5100002288818	326.666656494141
12.5200004577637	420
12.5299997329712	420
12.539999961853	326.666656494141
12.5500001907349	393.333343505859
12.5600004196167	386.666656494141
12.5699996948242	353.333343505859
12.5799999237061	346.666656494141
12.5900001525879	326.666656494141
12.6000003814697	353.333343505859
12.6099996566772	453.333343505859
12.6199998855591	486.666656494141
12.6300001144409	433.333343505859
12.6400003433228	260
12.6499996185303	406.666656494141
12.6599998474121	353.333343505859
12.6700000762939	406.666656494141
12.6800003051758	440
12.6899995803833	386.666656494141
12.6999998092651	473.333343505859
12.710000038147	433.333343505859
12.7200002670288	393.333343505859
12.7299995422363	373.333343505859
12.7399997711182	366.666656494141
12.75	420
12.7600002288818	446.666656494141
12.7700004577637	453.333343505859
12.7799997329712	306.666656494141
12.789999961853	400
12.8000001907349	360
12.8100004196167	353.333343505859
12.8199996948242	526.666687011719
12.8299999237061	486.666656494141
12.8400001525879	366.666656494141
12.8500003814697	380
12.8599996566772	320
12.8699998855591	326.666656494141
12.8800001144409	346.666656494141
12.8900003433228	366.666656494141
12.8999996185303	320
12.9099998474121	400
12.9200000762939	453.333343505859
12.9300003051758	386.666656494141
12.9399995803833	386.666656494141
12.9499998092651	393.333343505859
12.960000038147	366.666656494141
12.9700002670288	366.666656494141
12.9799995422363	340
12.9899997711182	473.333343505859
13	366.666656494141
13.0100002288818	400
13.0200004577637	406.666656494141
13.0299997329712	366.666656494141
13.039999961853	306.666656494141
13.0500001907349	440
13.0600004196167	393.333343505859
13.0699996948242	373.333343505859
13.0799999237061	340
13.0900001525879	446.666656494141
13.1000003814697	333.333343505859
13.1099996566772	353.333343505859
13.1199998855591	366.666656494141
13.1300001144409	373.333343505859
13.1400003433228	373.333343505859
13.1499996185303	340
13.1599998474121	260
13.1700000762939	366.666656494141
13.1800003051758	433.333343505859
13.1899995803833	373.333343505859
13.1999998092651	453.333343505859
13.210000038147	340
13.2200002670288	480
13.2299995422363	406.666656494141
13.2399997711182	393.333343505859
13.25	413.333343505859
13.2600002288818	273.333343505859
13.2700004577637	353.333343505859
13.2799997329712	360
13.289999961853	373.333343505859
13.3000001907349	406.666656494141
13.3100004196167	353.333343505859
13.3199996948242	280
13.3299999237061	420
13.3400001525879	380
13.3500003814697	386.666656494141
13.3599996566772	340
13.3699998855591	313.333343505859
13.3800001144409	340
13.3900003433228	353.333343505859
13.3999996185303	400
13.4099998474121	400
13.4200000762939	360
13.4300003051758	353.333343505859
13.4399995803833	453.333343505859
13.4499998092651	440
13.460000038147	446.666656494141
13.4700002670288	326.666656494141
13.4799995422363	406.666656494141
13.4899997711182	300
13.5	406.666656494141
13.5100002288818	353.333343505859
13.5200004577637	360
13.5299997329712	440
13.539999961853	413.333343505859
13.5500001907349	360
13.5600004196167	373.333343505859
13.5699996948242	273.333343505859
13.5799999237061	333.333343505859
13.5900001525879	440
13.6000003814697	360
13.6099996566772	433.333343505859
13.6199998855591	380
13.6300001144409	373.333343505859
13.6400003433228	280
13.6499996185303	373.333343505859
13.6599998474121	420
13.6700000762939	346.666656494141
13.6800003051758	366.666656494141
13.6899995803833	313.333343505859
13.6999998092651	360
13.710000038147	460
13.7200002670288	453.333343505859
13.7299995422363	393.333343505859
13.7399997711182	340
13.75	353.333343505859
13.7600002288818	393.333343505859
13.7700004577637	353.333343505859
13.7799997329712	446.666656494141
13.789999961853	326.666656494141
13.8000001907349	346.666656494141
13.8100004196167	320
13.8199996948242	433.333343505859
13.8299999237061	393.333343505859
13.8400001525879	366.666656494141
13.8500003814697	266.666656494141
13.8599996566772	406.666656494141
13.8699998855591	313.333343505859
13.8800001144409	393.333343505859
13.8900003433228	373.333343505859
13.8999996185303	386.666656494141
13.9099998474121	440
13.9200000762939	320
13.9300003051758	326.666656494141
13.9399995803833	346.666656494141
13.9499998092651	420
13.960000038147	486.666656494141
13.9700002670288	286.666656494141
13.9799995422363	346.666656494141
13.9899997711182	360
14	360
14.0100002288818	366.666656494141
14.0200004577637	433.333343505859
14.0299997329712	406.666656494141
14.039999961853	300
14.0500001907349	413.333343505859
14.0600004196167	440
14.0699996948242	400
14.0799999237061	366.666656494141
14.0900001525879	386.666656494141
14.1000003814697	353.333343505859
14.1099996566772	293.333343505859
14.1199998855591	340
14.1300001144409	466.666656494141
14.1400003433228	340
14.1499996185303	280
14.1599998474121	280
14.1700000762939	380
14.1800003051758	353.333343505859
14.1899995803833	360
14.1999998092651	433.333343505859
14.210000038147	380
14.2200002670288	420
14.2299995422363	420
14.2399997711182	393.333343505859
14.25	413.333343505859
14.2600002288818	420
14.2700004577637	353.333343505859
14.2799997329712	400
14.289999961853	340
14.3000001907349	326.666656494141
14.3100004196167	333.333343505859
14.3199996948242	360
14.3299999237061	346.666656494141
14.3400001525879	386.666656494141
14.3500003814697	326.666656494141
14.3599996566772	360
14.3699998855591	360
14.3800001144409	340
14.3900003433228	333.333343505859
14.3999996185303	313.333343505859
14.4099998474121	380
14.4200000762939	346.666656494141
14.4300003051758	440
14.4399995803833	333.333343505859
14.4499998092651	340
14.460000038147	360
14.4700002670288	360
14.4799995422363	326.666656494141
14.4899997711182	306.666656494141
14.5	400
14.5100002288818	320
14.5200004577637	360
14.5299997329712	333.333343505859
14.539999961853	400
14.5500001907349	386.666656494141
14.5600004196167	313.333343505859
14.5699996948242	360
14.5799999237061	266.666656494141
14.5900001525879	366.666656494141
14.6000003814697	413.333343505859
14.6099996566772	366.666656494141
14.6199998855591	393.333343505859
14.6300001144409	406.666656494141
14.6400003433228	353.333343505859
14.6499996185303	333.333343505859
14.6599998474121	380
14.6700000762939	340
14.6800003051758	420
14.6899995803833	346.666656494141
14.6999998092651	266.666656494141
14.710000038147	400
14.7200002670288	380
14.7299995422363	433.333343505859
14.7399997711182	406.666656494141
14.75	313.333343505859
14.7600002288818	333.333343505859
14.7700004577637	293.333343505859
14.7799997329712	313.333343505859
14.789999961853	360
14.8000001907349	360
14.8100004196167	413.333343505859
14.8199996948242	306.666656494141
14.8299999237061	293.333343505859
14.8400001525879	313.333343505859
14.8500003814697	366.666656494141
14.8599996566772	366.666656494141
14.8699998855591	333.333343505859
14.8800001144409	380
14.8900003433228	300
14.8999996185303	360
14.9099998474121	420
14.9200000762939	366.666656494141
14.9300003051758	353.333343505859
14.9399995803833	346.666656494141
14.9499998092651	346.666656494141
14.960000038147	433.333343505859
14.9700002670288	286.666656494141
14.9799995422363	320
14.9899997711182	400
15	386.666656494141
15.0100002288818	406.666656494141
15.0200004577637	346.666656494141
15.0299997329712	366.666656494141
15.039999961853	300
15.0500001907349	360
15.0600004196167	400
15.0699996948242	213.33332824707
15.0799999237061	313.333343505859
15.0900001525879	400
15.1000003814697	373.333343505859
15.1099996566772	293.333343505859
15.1199998855591	420
15.1300001144409	306.666656494141
15.1400003433228	460
15.1499996185303	340
15.1599998474121	393.333343505859
15.1700000762939	326.666656494141
15.1800003051758	373.333343505859
15.1899995803833	233.33332824707
15.1999998092651	360
15.210000038147	326.666656494141
15.2200002670288	313.333343505859
15.2299995422363	386.666656494141
15.2399997711182	400
15.25	320
15.2600002288818	373.333343505859
15.2700004577637	353.333343505859
15.2799997329712	313.333343505859
15.289999961853	300
15.3000001907349	273.333343505859
15.3100004196167	340
15.3199996948242	340
15.3299999237061	280
15.3400001525879	333.333343505859
15.3500003814697	360
15.3599996566772	393.333343505859
15.3699998855591	353.333343505859
15.3800001144409	440
15.3900003433228	353.333343505859
15.3999996185303	333.333343505859
15.4099998474121	320
15.4200000762939	373.333343505859
15.4300003051758	340
15.4399995803833	360
15.4499998092651	306.666656494141
15.460000038147	320
15.4700002670288	400
15.4799995422363	380
15.4899997711182	386.666656494141
15.5	386.666656494141
15.5100002288818	333.333343505859
15.5200004577637	373.333343505859
15.5299997329712	346.666656494141
15.539999961853	313.333343505859
15.5500001907349	373.333343505859
15.5600004196167	300
15.5699996948242	366.666656494141
15.5799999237061	306.666656494141
15.5900001525879	266.666656494141
15.6000003814697	320
15.6099996566772	360
15.6199998855591	333.333343505859
15.6300001144409	380
15.6400003433228	366.666656494141
15.6499996185303	320
15.6599998474121	340
15.6700000762939	353.333343505859
15.6800003051758	400
15.6899995803833	293.333343505859
15.6999998092651	373.333343505859
15.710000038147	353.333343505859
15.7200002670288	293.333343505859
15.7299995422363	346.666656494141
15.7399997711182	406.666656494141
15.75	346.666656494141
15.7600002288818	320
15.7700004577637	393.333343505859
15.7799997329712	366.666656494141
15.789999961853	393.333343505859
15.8000001907349	360
15.8100004196167	333.333343505859
15.8199996948242	300
15.8299999237061	313.333343505859
15.8400001525879	353.333343505859
15.8500003814697	446.666656494141
15.8599996566772	320
15.8699998855591	313.333343505859
15.8800001144409	320
15.8900003433228	286.666656494141
15.8999996185303	360
15.9099998474121	373.333343505859
15.9200000762939	300
15.9300003051758	353.333343505859
15.9399995803833	333.333343505859
15.9499998092651	326.666656494141
15.960000038147	346.666656494141
15.9700002670288	346.666656494141
15.9799995422363	300
15.9899997711182	320
16	420
16.0100002288818	353.333343505859
16.0200004577637	313.333343505859
16.0300006866455	373.333343505859
16.0400009155273	333.333343505859
16.0499992370605	313.333343505859
16.0599994659424	286.666656494141
16.0699996948242	366.666656494141
16.0799999237061	393.333343505859
16.0900001525879	326.666656494141
16.1000003814697	346.666656494141
16.1100006103516	360
16.1200008392334	293.333343505859
16.1299991607666	406.666656494141
16.1399993896484	306.666656494141
16.1499996185303	380
16.1599998474121	393.333343505859
16.1700000762939	386.666656494141
16.1800003051758	313.333343505859
16.1900005340576	340
16.2000007629395	380
16.2099990844727	433.333343505859
16.2199993133545	306.666656494141
16.2299995422363	333.333343505859
16.2399997711182	366.666656494141
16.25	320
16.2600002288818	393.333343505859
16.2700004577637	253.33332824707
16.2800006866455	266.666656494141
16.2900009155273	346.666656494141
16.2999992370605	293.333343505859
16.3099994659424	260
16.3199996948242	326.666656494141
16.3299999237061	326.666656494141
16.3400001525879	313.333343505859
16.3500003814697	280
16.3600006103516	306.666656494141
16.3700008392334	293.333343505859
16.3799991607666	320
16.3899993896484	313.333343505859
16.3999996185303	366.666656494141
16.4099998474121	313.333343505859
16.4200000762939	326.666656494141
16.4300003051758	273.333343505859
16.4400005340576	293.333343505859
16.4500007629395	306.666656494141
16.4599990844727	380
16.4699993133545	340
16.4799995422363	346.666656494141
16.4899997711182	433.333343505859
16.5	360
16.5100002288818	220
16.5200004577637	366.666656494141
16.5300006866455	266.666656494141
16.5400009155273	353.333343505859
16.5499992370605	360
16.5599994659424	380
16.5699996948242	346.666656494141
16.5799999237061	366.666656494141
16.5900001525879	266.666656494141
16.6000003814697	306.666656494141
16.6100006103516	340
16.6200008392334	300
16.6299991607666	260
16.6399993896484	333.333343505859
16.6499996185303	280
16.6599998474121	333.333343505859
16.6700000762939	346.666656494141
16.6800003051758	266.666656494141
16.6900005340576	333.333343505859
16.7000007629395	300
16.7099990844727	260
16.7199993133545	340
16.7299995422363	320
16.7399997711182	306.666656494141
16.75	253.33332824707
16.7600002288818	253.33332824707
16.7700004577637	340
16.7800006866455	360
16.7900009155273	266.666656494141
16.7999992370605	260
16.8099994659424	393.333343505859
16.8199996948242	340
16.8299999237061	353.333343505859
16.8400001525879	326.666656494141
16.8500003814697	360
16.8600006103516	340
16.8700008392334	293.333343505859
16.8799991607666	266.666656494141
16.8899993896484	353.333343505859
16.8999996185303	273.333343505859
16.9099998474121	300
16.9200000762939	266.666656494141
16.9300003051758	313.333343505859
16.9400005340576	400
16.9500007629395	293.333343505859
16.9599990844727	313.333343505859
16.9699993133545	300
16.9799995422363	280
16.9899997711182	306.666656494141
17	306.666656494141
17.0100002288818	366.666656494141
17.0200004577637	313.333343505859
17.0300006866455	246.66667175293
17.0400009155273	286.666656494141
17.0499992370605	293.333343505859
17.0599994659424	226.66667175293
17.0699996948242	266.666656494141
17.0799999237061	360
17.0900001525879	306.666656494141
17.1000003814697	220
17.1100006103516	340
17.1200008392334	213.33332824707
17.1299991607666	373.333343505859
17.1399993896484	346.666656494141
17.1499996185303	433.333343505859
17.1599998474121	326.666656494141
17.1700000762939	293.333343505859
17.1800003051758	300
17.1900005340576	326.666656494141
17.2000007629395	346.666656494141
17.2099990844727	320
17.2199993133545	273.333343505859
17.2299995422363	320
17.2399997711182	253.33332824707
17.25	313.333343505859
17.2600002288818	300
17.2700004577637	333.333343505859
17.2800006866455	326.666656494141
17.2900009155273	246.66667175293
17.2999992370605	300
17.3099994659424	333.333343505859
17.3199996948242	326.666656494141
17.3299999237061	360
17.3400001525879	373.333343505859
17.3500003814697	253.33332824707
17.3600006103516	286.666656494141
17.3700008392334	313.333343505859
17.3799991607666	220
17.3899993896484	313.333343505859
17.3999996185303	266.666656494141
17.4099998474121	266.666656494141
17.4200000762939	320
17.4300003051758	380
17.4400005340576	340
17.4500007629395	326.666656494141
17.4599990844727	326.666656494141
17.4699993133545	306.666656494141
17.4799995422363	326.666656494141
17.4899997711182	300
17.5	280
17.5100002288818	306.666656494141
17.5200004577637	280
17.5300006866455	273.333343505859
17.5400009155273	313.333343505859
17.5499992370605	293.333343505859
17.5599994659424	286.666656494141
17.5699996948242	300
17.5799999237061	320
17.5900001525879	280
17.6000003814697	253.33332824707
17.6100006103516	286.666656494141
17.6200008392334	320
17.6299991607666	273.333343505859
17.6399993896484	246.66667175293
17.6499996185303	286.666656494141
17.6599998474121	280
17.6700000762939	313.333343505859
17.6800003051758	333.333343505859
17.6900005340576	333.333343505859
17.7000007629395	313.333343505859
17.7099990844727	266.666656494141
17.7199993133545	246.66667175293
17.7299995422363	366.666656494141
17.7399997711182	280
17.75	293.333343505859
17.7600002288818	280
17.7700004577637	266.666656494141
17.7800006866455	273.333343505859
17.7900009155273	340
17.7999992370605	260
17.8099994659424	340
17.8199996948242	320
17.8299999237061	266.666656494141
17.8400001525879	273.333343505859
17.8500003814697	346.666656494141
17.8600006103516	286.666656494141
17.8700008392334	226.66667175293
17.8799991607666	346.666656494141
17.8899993896484	260
17.8999996185303	253.33332824707
17.9099998474121	260
17.9200000762939	293.333343505859
17.9300003051758	366.666656494141
17.9400005340576	326.666656494141
17.9500007629395	340
17.9599990844727	313.333343505859
17.9699993133545	280
17.9799995422363	273.333343505859
17.9899997711182	320
18	306.666656494141
18.0100002288818	346.666656494141
18.0200004577637	313.333343505859
18.0300006866455	260
18.0400009155273	246.66667175293
18.0499992370605	386.666656494141
18.0599994659424	366.666656494141
18.0699996948242	320
18.0799999237061	326.666656494141
18.0900001525879	373.333343505859
18.1000003814697	313.333343505859
18.1100006103516	300
18.1200008392334	320
18.1299991607666	260
18.1399993896484	266.666656494141
18.1499996185303	240
18.1599998474121	293.333343505859
18.1700000762939	293.333343505859
18.1800003051758	306.666656494141
18.1900005340576	266.666656494141
18.2000007629395	273.333343505859
18.2099990844727	233.33332824707
18.2199993133545	246.66667175293
18.2299995422363	386.666656494141
18.2399997711182	260
18.25	346.666656494141
18.2600002288818	353.333343505859
18.2700004577637	293.333343505859
18.2800006866455	286.666656494141
18.2900009155273	300
18.2999992370605	300
18.3099994659424	373.333343505859
18.3199996948242	333.333343505859
18.3299999237061	286.666656494141
18.3400001525879	313.333343505859
18.3500003814697	240
18.3600006103516	286.666656494141
18.3700008392334	326.666656494141
18.3799991607666	340
18.3899993896484	320
18.3999996185303	313.333343505859
18.4099998474121	306.666656494141
18.4200000762939	300
18.4300003051758	293.333343505859
18.4400005340576	280
18.4500007629395	260
18.4599990844727	266.666656494141
18.4699993133545	306.666656494141
18.4799995422363	360
18.4899997711182	313.333343505859
18.5	326.666656494141
18.5100002288818	320
18.5200004577637	260
18.5300006866455	320
18.5400009155273	333.333343505859
18.5499992370605	313.333343505859
18.5599994659424	266.666656494141
18.5699996948242	366.666656494141
18.5799999237061	420
18.5900001525879	306.666656494141
18.6000003814697	300
18.6100006103516	366.666656494141
18.6200008392334	306.666656494141
18.6299991607666	346.666656494141
18.6399993896484	380
18.6499996185303	286.666656494141
18.6599998474121	253.33332824707
18.6700000762939	300
18.6800003051758	286.666656494141
18.6900005340576	360
18.7000007629395	313.333343505859
18.7099990844727	313.333343505859
18.7199993133545	306.666656494141
18.7299995422363	240
18.7399997711182	286.666656494141
18.75	280
18.7600002288818	273.333343505859
18.7700004577637	353.333343505859
18.7800006866455	326.666656494141
18.7900009155273	386.666656494141
18.7999992370605	340
18.8099994659424	366.666656494141
18.8199996948242	326.666656494141
18.8299999237061	300
18.8400001525879	340
18.8500003814697	273.333343505859
18.8600006103516	346.666656494141
18.8700008392334	286.666656494141
18.8799991607666	320
18.8899993896484	300
18.8999996185303	286.666656494141
18.9099998474121	313.333343505859
18.9200000762939	300
18.9300003051758	313.333343505859
18.9400005340576	333.333343505859
18.9500007629395	340
18.9599990844727	273.333343505859
18.9699993133545	313.333343505859
18.9799995422363	306.666656494141
18.9899997711182	253.33332824707
19	280
19.0100002288818	293.333343505859
19.0200004577637	326.666656494141
19.0300006866455	340
19.0400009155273	320
19.0499992370605	313.333343505859
19.0599994659424	293.333343505859
19.0699996948242	326.666656494141
19.0799999237061	313.333343505859
19.0900001525879	266.666656494141
19.1000003814697	286.666656494141
19.1100006103516	326.666656494141
19.1200008392334	320
19.1299991607666	280
19.1399993896484	266.666656494141
19.1499996185303	366.666656494141
19.1599998474121	260
19.1700000762939	366.666656494141
19.1800003051758	293.333343505859
19.1900005340576	306.666656494141
19.2000007629395	293.333343505859
19.2099990844727	300
19.2199993133545	306.666656494141
19.2299995422363	246.66667175293
19.2399997711182	266.666656494141
19.25	346.666656494141
19.2600002288818	253.33332824707
19.2700004577637	193.33332824707
19.2800006866455	260
19.2900009155273	246.66667175293
19.2999992370605	260
19.3099994659424	313.333343505859
19.3199996948242	306.666656494141
19.3299999237061	326.666656494141
19.3400001525879	200
19.3500003814697	300
19.3600006103516	253.33332824707
19.3700008392334	226.66667175293
19.3799991607666	300
19.3899993896484	233.33332824707
19.3999996185303	320
19.4099998474121	273.333343505859
19.4200000762939	233.33332824707
19.4300003051758	226.66667175293
19.4400005340576	300
19.4500007629395	280
19.4599990844727	393.333343505859
19.4699993133545	273.333343505859
19.4799995422363	246.66667175293
19.4899997711182	240
19.5	326.666656494141
19.5100002288818	240
19.5200004577637	326.666656494141
19.5300006866455	353.333343505859
19.5400009155273	366.666656494141
19.5499992370605	240
19.5599994659424	226.66667175293
19.5699996948242	266.666656494141
19.5799999237061	246.66667175293
19.5900001525879	300
19.6000003814697	400
19.6100006103516	286.666656494141
19.6200008392334	340
19.6299991607666	293.333343505859
19.6399993896484	286.666656494141
19.6499996185303	313.333343505859
19.6599998474121	220
19.6700000762939	246.66667175293
19.6800003051758	220
19.6900005340576	326.666656494141
19.7000007629395	280
19.7099990844727	300
19.7199993133545	206.66667175293
19.7299995422363	280
19.7399997711182	320
19.75	286.666656494141
19.7600002288818	280
19.7700004577637	293.333343505859
19.7800006866455	353.333343505859
19.7900009155273	326.666656494141
19.7999992370605	313.333343505859
19.8099994659424	306.666656494141
19.8199996948242	253.33332824707
19.8299999237061	353.333343505859
19.8400001525879	306.666656494141
19.8500003814697	286.666656494141
19.8600006103516	300
19.8700008392334	300
19.8799991607666	293.333343505859
19.8899993896484	260
19.8999996185303	326.666656494141
19.9099998474121	293.333343505859
19.9200000762939	326.666656494141
19.9300003051758	293.333343505859
19.9400005340576	286.666656494141
19.9500007629395	300
19.9599990844727	313.333343505859
19.9699993133545	300
19.9799995422363	240
19.9899997711182	280
20	280
20.0100002288818	346.666656494141
20.0200004577637	353.333343505859
20.0300006866455	326.666656494141
20.0400009155273	306.666656494141
20.0499992370605	333.333343505859
20.0599994659424	293.333343505859
20.0699996948242	260
20.0799999237061	280
20.0900001525879	366.666656494141
20.1000003814697	280
20.1100006103516	326.666656494141
20.1200008392334	353.333343505859
20.1299991607666	273.333343505859
20.1399993896484	266.666656494141
20.1499996185303	320
20.1599998474121	273.333343505859
20.1700000762939	333.333343505859
20.1800003051758	233.33332824707
20.1900005340576	280
20.2000007629395	286.666656494141
20.2099990844727	293.333343505859
20.2199993133545	286.666656494141
20.2299995422363	380
20.2399997711182	340
20.25	253.33332824707
20.2600002288818	286.666656494141
20.2700004577637	260
20.2800006866455	253.33332824707
20.2900009155273	286.666656494141
20.2999992370605	306.666656494141
20.3099994659424	266.666656494141
20.3199996948242	253.33332824707
20.3299999237061	326.666656494141
20.3400001525879	326.666656494141
20.3500003814697	253.33332824707
20.3600006103516	333.333343505859
20.3700008392334	260
20.3799991607666	273.333343505859
20.3899993896484	326.666656494141
20.3999996185303	286.666656494141
20.4099998474121	346.666656494141
20.4200000762939	260
20.4300003051758	286.666656494141
20.4400005340576	273.333343505859
20.4500007629395	293.333343505859
20.4599990844727	340
20.4699993133545	220
20.4799995422363	220
20.4899997711182	300
20.5	320
20.5100002288818	253.33332824707
20.5200004577637	333.333343505859
20.5300006866455	240
20.5400009155273	266.666656494141
20.5499992370605	253.33332824707
20.5599994659424	266.666656494141
20.5699996948242	286.666656494141
20.5799999237061	246.66667175293
20.5900001525879	280
20.6000003814697	353.333343505859
20.6100006103516	326.666656494141
20.6200008392334	333.333343505859
20.6299991607666	373.333343505859
20.6399993896484	240
20.6499996185303	260
20.6599998474121	233.33332824707
20.6700000762939	280
20.6800003051758	380
20.6900005340576	293.333343505859
20.7000007629395	260
20.7099990844727	273.333343505859
20.7199993133545	266.666656494141
20.7299995422363	320
20.7399997711182	286.666656494141
20.75	326.666656494141
20.7600002288818	300
20.7700004577637	266.666656494141
20.7800006866455	280
20.7900009155273	253.33332824707
20.7999992370605	306.666656494141
20.8099994659424	253.33332824707
20.8199996948242	293.333343505859
20.8299999237061	320
20.8400001525879	320
20.8500003814697	260
20.8600006103516	313.333343505859
20.8700008392334	206.66667175293
20.8799991607666	193.33332824707
20.8899993896484	300
20.8999996185303	293.333343505859
20.9099998474121	353.333343505859
20.9200000762939	206.66667175293
20.9300003051758	313.333343505859
20.9400005340576	293.333343505859
20.9500007629395	286.666656494141
20.9599990844727	313.333343505859
20.9699993133545	306.666656494141
20.9799995422363	220
20.9899997711182	280
21	266.666656494141
21.0100002288818	300
21.0200004577637	253.33332824707
21.0300006866455	293.333343505859
21.0400009155273	246.66667175293
21.0499992370605	280
21.0599994659424	280
21.0699996948242	360
21.0799999237061	266.666656494141
21.0900001525879	293.333343505859
21.1000003814697	300
21.1100006103516	273.333343505859
21.1200008392334	286.666656494141
21.1299991607666	280
21.1399993896484	306.666656494141
21.1499996185303	273.333343505859
21.1599998474121	273.333343505859
21.1700000762939	286.666656494141
21.1800003051758	240
21.1900005340576	260
21.2000007629395	280
21.2099990844727	213.33332824707
21.2199993133545	293.333343505859
21.2299995422363	273.333343505859
21.2399997711182	193.33332824707
21.25	246.66667175293
21.2600002288818	353.333343505859
21.2700004577637	300
21.2800006866455	333.333343505859
21.2900009155273	213.33332824707
21.2999992370605	286.666656494141
21.3099994659424	300
21.3199996948242	293.333343505859
21.3299999237061	266.666656494141
21.3400001525879	233.33332824707
21.3500003814697	313.333343505859
21.3600006103516	306.666656494141
21.3700008392334	286.666656494141
21.3799991607666	253.33332824707
21.3899993896484	320
21.3999996185303	266.666656494141
21.4099998474121	266.666656494141
21.4200000762939	413.333343505859
21.4300003051758	286.666656494141
21.4400005340576	280
21.4500007629395	233.33332824707
21.4599990844727	200
21.4699993133545	306.666656494141
21.4799995422363	333.333343505859
21.4899997711182	286.666656494141
21.5	226.66667175293
21.5100002288818	233.33332824707
21.5200004577637	246.66667175293
21.5300006866455	293.333343505859
21.5400009155273	306.666656494141
21.5499992370605	293.333343505859
21.5599994659424	260
21.5699996948242	320
21.5799999237061	260
21.5900001525879	253.33332824707
21.6000003814697	320
21.6100006103516	266.666656494141
21.6200008392334	246.66667175293
21.6299991607666	340
21.6399993896484	306.666656494141
21.6499996185303	326.666656494141
21.6599998474121	266.666656494141
21.6700000762939	246.66667175293
21.6800003051758	280
21.6900005340576	273.333343505859
21.7000007629395	213.33332824707
21.7099990844727	246.66667175293
21.7199993133545	213.33332824707
21.7299995422363	233.33332824707
21.7399997711182	320
21.75	206.66667175293
21.7600002288818	266.666656494141
21.7700004577637	353.333343505859
21.7800006866455	333.333343505859
21.7900009155273	340
21.7999992370605	220
21.8099994659424	340
21.8199996948242	273.333343505859
21.8299999237061	340
21.8400001525879	240
21.8500003814697	200
21.8600006103516	306.666656494141
21.8700008392334	326.666656494141
21.8799991607666	280
21.8899993896484	353.333343505859
21.8999996185303	286.666656494141
21.9099998474121	300
21.9200000762939	273.333343505859
21.9300003051758	346.666656494141
21.9400005340576	320
21.9500007629395	306.666656494141
21.9599990844727	253.33332824707
21.9699993133545	280
21.9799995422363	246.66667175293
21.9899997711182	286.666656494141
22	266.666656494141
22.0100002288818	306.666656494141
22.0200004577637	286.666656494141
22.0300006866455	240
22.0400009155273	280
22.0499992370605	326.666656494141
22.0599994659424	373.333343505859
22.0699996948242	366.666656494141
22.0799999237061	280
22.0900001525879	293.333343505859
22.1000003814697	326.666656494141
22.1100006103516	366.666656494141
22.1200008392334	273.333343505859
22.1299991607666	240
22.1399993896484	273.333343505859
22.1499996185303	373.333343505859
22.1599998474121	293.333343505859
22.1700000762939	280
22.1800003051758	320
22.1900005340576	273.333343505859
22.2000007629395	340
22.2099990844727	306.666656494141
22.2199993133545	340
22.2299995422363	280
22.2399997711182	286.666656494141
22.25	280
22.2600002288818	280
22.2700004577637	320
22.2800006866455	240
22.2900009155273	326.666656494141
22.2999992370605	273.333343505859
22.3099994659424	300
22.3199996948242	306.666656494141
22.3299999237061	300
22.3400001525879	380
22.3500003814697	293.333343505859
22.3600006103516	240
22.3700008392334	286.666656494141
22.3799991607666	340
22.3899993896484	346.666656494141
22.3999996185303	280
22.4099998474121	313.333343505859
22.4200000762939	246.66667175293
22.4300003051758	273.333343505859
22.4400005340576	346.666656494141
22.4500007629395	253.33332824707
22.4599990844727	286.666656494141
22.4699993133545	466.666656494141
22.4799995422363	333.333343505859
22.4899997711182	320
22.5	293.333343505859
22.5100002288818	213.33332824707
22.5200004577637	220
22.5300006866455	226.66667175293
22.5400009155273	280
22.5499992370605	273.333343505859
22.5599994659424	246.66667175293
22.5699996948242	340
22.5799999237061	346.666656494141
22.5900001525879	300
22.6000003814697	260
22.6100006103516	240
22.6200008392334	286.666656494141
22.6299991607666	260
22.6399993896484	266.666656494141
22.6499996185303	333.333343505859
22.6599998474121	320
22.6700000762939	333.333343505859
22.6800003051758	280
22.6900005340576	280
22.7000007629395	206.66667175293
22.7099990844727	333.333343505859
22.7199993133545	273.333343505859
22.7299995422363	313.333343505859
22.7399997711182	260
22.75	293.333343505859
22.7600002288818	340
22.7700004577637	200
22.7800006866455	193.33332824707
22.7900009155273	246.66667175293
22.7999992370605	260
22.8099994659424	280
22.8199996948242	220
22.8299999237061	280
22.8400001525879	300
22.8500003814697	266.666656494141
22.8600006103516	233.33332824707
22.8700008392334	360
22.8799991607666	280
22.8899993896484	300
22.8999996185303	353.333343505859
22.9099998474121	340
22.9200000762939	286.666656494141
22.9300003051758	340
22.9400005340576	246.66667175293
22.9500007629395	313.333343505859
22.9599990844727	320
22.9699993133545	300
22.9799995422363	286.666656494141
22.9899997711182	233.33332824707
23	293.333343505859
23.0100002288818	306.666656494141
23.0200004577637	253.33332824707
23.0300006866455	246.66667175293
23.0400009155273	293.333343505859
23.0499992370605	360
23.0599994659424	313.333343505859
23.0699996948242	273.333343505859
23.0799999237061	313.333343505859
23.0900001525879	293.333343505859
23.1000003814697	240
23.1100006103516	286.666656494141
23.1200008392334	386.666656494141
23.1299991607666	300
23.1399993896484	286.666656494141
23.1499996185303	346.666656494141
23.1599998474121	273.333343505859
23.1700000762939	320
23.1800003051758	213.33332824707
23.1900005340576	313.333343505859
23.2000007629395	326.666656494141
23.2099990844727	320
23.2199993133545	280
23.2299995422363	300
23.2399997711182	286.666656494141
23.25	260
23.2600002288818	293.333343505859
23.2700004577637	306.666656494141
23.2800006866455	260
23.2900009155273	273.333343505859
23.2999992370605	273.333343505859
23.3099994659424	280
23.3199996948242	286.666656494141
23.3299999237061	233.33332824707
23.3400001525879	306.666656494141
23.3500003814697	213.33332824707
23.3600006103516	253.33332824707
23.3700008392334	300
23.3799991607666	306.666656494141
23.3899993896484	240
23.3999996185303	193.33332824707
23.4099998474121	320
23.4200000762939	340
23.4300003051758	333.333343505859
23.4400005340576	280
23.4500007629395	373.333343505859
23.4599990844727	280
23.4699993133545	260
23.4799995422363	333.333343505859
23.4899997711182	226.66667175293
23.5	273.333343505859
23.5100002288818	306.666656494141
23.5200004577637	306.666656494141
23.5300006866455	213.33332824707
23.5400009155273	346.666656494141
23.5499992370605	373.333343505859
23.5599994659424	340
23.5699996948242	333.333343505859
23.5799999237061	360
23.5900001525879	266.666656494141
23.6000003814697	273.333343505859
23.6100006103516	326.666656494141
23.6200008392334	300
23.6299991607666	300
23.6399993896484	366.666656494141
23.6499996185303	333.333343505859
23.6599998474121	340
23.6700000762939	346.666656494141
23.6800003051758	273.333343505859
23.6900005340576	373.333343505859
23.7000007629395	260
23.7099990844727	253.33332824707
23.7199993133545	313.333343505859
23.7299995422363	266.666656494141
23.7399997711182	253.33332824707
23.75	253.33332824707
23.7600002288818	293.333343505859
23.7700004577637	293.333343505859
23.7800006866455	246.66667175293
23.7900009155273	313.333343505859
23.7999992370605	333.333343505859
23.8099994659424	293.333343505859
23.8199996948242	306.666656494141
23.8299999237061	326.666656494141
23.8400001525879	266.666656494141
23.8500003814697	300
23.8600006103516	280
23.8700008392334	353.333343505859
23.8799991607666	326.666656494141
23.8899993896484	366.666656494141
23.8999996185303	253.33332824707
23.9099998474121	280
23.9200000762939	213.33332824707
23.9300003051758	246.66667175293
23.9400005340576	306.666656494141
23.9500007629395	306.666656494141
23.9599990844727	300
23.9699993133545	386.666656494141
23.9799995422363	300
23.9899997711182	300
24	293.333343505859
24.0100002288818	213.33332824707
24.0200004577637	273.333343505859
24.0300006866455	273.333343505859
24.0400009155273	306.666656494141
24.0499992370605	273.333343505859
24.0599994659424	333.333343505859
24.0699996948242	260
24.0799999237061	206.66667175293
24.0900001525879	253.33332824707
24.1000003814697	260
24.1100006103516	306.666656494141
24.1200008392334	300
24.1299991607666	333.333343505859
24.1399993896484	266.666656494141
24.1499996185303	346.666656494141
24.1599998474121	266.666656494141
24.1700000762939	320
24.1800003051758	273.333343505859
24.1900005340576	340
24.2000007629395	313.333343505859
24.2099990844727	313.333343505859
24.2199993133545	286.666656494141
24.2299995422363	340
24.2399997711182	220
24.25	300
24.2600002288818	273.333343505859
24.2700004577637	320
24.2800006866455	326.666656494141
24.2900009155273	353.333343505859
24.2999992370605	333.333343505859
24.3099994659424	313.333343505859
24.3199996948242	300
24.3299999237061	373.333343505859
24.3400001525879	366.666656494141
24.3500003814697	386.666656494141
24.3600006103516	326.666656494141
24.3700008392334	340
24.3799991607666	346.666656494141
24.3899993896484	360
24.3999996185303	280
24.4099998474121	260
24.4200000762939	273.333343505859
24.4300003051758	286.666656494141
24.4400005340576	333.333343505859
24.4500007629395	313.333343505859
24.4599990844727	320
24.4699993133545	280
24.4799995422363	306.666656494141
24.4899997711182	320
24.5	353.333343505859
24.5100002288818	360
24.5200004577637	293.333343505859
24.5300006866455	293.333343505859
24.5400009155273	320
24.5499992370605	340
24.5599994659424	340
24.5699996948242	293.333343505859
24.5799999237061	253.33332824707
24.5900001525879	280
24.6000003814697	300
24.6100006103516	273.333343505859
24.6200008392334	286.666656494141
24.6299991607666	400
24.6399993896484	380
24.6499996185303	320
24.6599998474121	326.666656494141
24.6700000762939	420
24.6800003051758	293.333343505859
24.6900005340576	366.666656494141
24.7000007629395	333.333343505859
24.7099990844727	380
24.7199993133545	260
24.7299995422363	313.333343505859
24.7399997711182	333.333343505859
24.75	333.333343505859
24.7600002288818	346.666656494141
24.7700004577637	293.333343505859
24.7800006866455	386.666656494141
24.7900009155273	286.666656494141
24.7999992370605	366.666656494141
24.8099994659424	433.333343505859
24.8199996948242	360
24.8299999237061	266.666656494141
24.8400001525879	353.333343505859
24.8500003814697	326.666656494141
24.8600006103516	293.333343505859
24.8700008392334	280
24.8799991607666	340
24.8899993896484	306.666656494141
24.8999996185303	306.666656494141
24.9099998474121	300
24.9200000762939	353.333343505859
24.9300003051758	360
24.9400005340576	333.333343505859
24.9500007629395	260
24.9599990844727	340
24.9699993133545	313.333343505859
24.9799995422363	293.333343505859
24.9899997711182	386.666656494141
25	366.666656494141
25.0100002288818	326.666656494141
25.0200004577637	340
25.0300006866455	326.666656494141
25.0400009155273	300
25.0499992370605	413.333343505859
25.0599994659424	280
25.0699996948242	366.666656494141
25.0799999237061	333.333343505859
25.0900001525879	386.666656494141
25.1000003814697	440
25.1100006103516	393.333343505859
25.1200008392334	353.333343505859
25.1299991607666	306.666656494141
25.1399993896484	333.333343505859
25.1499996185303	280
25.1599998474121	326.666656494141
25.1700000762939	386.666656494141
25.1800003051758	293.333343505859
25.1900005340576	420
25.2000007629395	386.666656494141
25.2099990844727	293.333343505859
25.2199993133545	326.666656494141
25.2299995422363	340
25.2399997711182	320
25.25	353.333343505859
25.2600002288818	306.666656494141
25.2700004577637	346.666656494141
25.2800006866455	386.666656494141
25.2900009155273	320
25.2999992370605	340
25.3099994659424	326.666656494141
25.3199996948242	320
25.3299999237061	386.666656494141
25.3400001525879	366.666656494141
25.3500003814697	373.333343505859
25.3600006103516	326.666656494141
25.3700008392334	300
25.3799991607666	293.333343505859
25.3899993896484	453.333343505859
25.3999996185303	393.333343505859
25.4099998474121	366.666656494141
25.4200000762939	353.333343505859
25.4300003051758	393.333343505859
25.4400005340576	380
25.4500007629395	320
25.4599990844727	366.666656494141
25.4699993133545	346.666656494141
25.4799995422363	360
25.4899997711182	346.666656494141
25.5	473.333343505859
25.5100002288818	333.333343505859
25.5200004577637	386.666656494141
25.5300006866455	433.333343505859
25.5400009155273	413.333343505859
25.5499992370605	373.333343505859
25.5599994659424	393.333343505859
25.5699996948242	273.333343505859
25.5799999237061	240
25.5900001525879	333.333343505859
25.6000003814697	433.333343505859
25.6100006103516	353.333343505859
25.6200008392334	333.333343505859
25.6299991607666	293.333343505859
25.6399993896484	366.666656494141
25.6499996185303	340
25.6599998474121	386.666656494141
25.6700000762939	333.333343505859
25.6800003051758	306.666656494141
25.6900005340576	353.333343505859
25.7000007629395	380
25.7099990844727	373.333343505859
25.7199993133545	393.333343505859
25.7299995422363	340
25.7399997711182	373.333343505859
25.75	360
25.7600002288818	393.333343505859
25.7700004577637	353.333343505859
25.7800006866455	326.666656494141
25.7900009155273	333.333343505859
25.7999992370605	360
25.8099994659424	420
25.8199996948242	346.666656494141
25.8299999237061	393.333343505859
25.8400001525879	420
25.8500003814697	413.333343505859
25.8600006103516	340
25.8700008392334	473.333343505859
25.8799991607666	373.333343505859
25.8899993896484	480
25.8999996185303	360
25.9099998474121	346.666656494141
25.9200000762939	400
25.9300003051758	373.333343505859
25.9400005340576	466.666656494141
25.9500007629395	353.333343505859
25.9599990844727	406.666656494141
25.9699993133545	366.666656494141
25.9799995422363	373.333343505859
25.9899997711182	446.666656494141
26	420
26.0100002288818	420
26.0200004577637	413.333343505859
26.0300006866455	386.666656494141
26.0400009155273	366.666656494141
26.0499992370605	406.666656494141
26.0599994659424	360
26.0699996948242	413.333343505859
26.0799999237061	433.333343505859
26.0900001525879	373.333343505859
26.1000003814697	326.666656494141
26.1100006103516	346.666656494141
26.1200008392334	400
26.1299991607666	393.333343505859
26.1399993896484	366.666656494141
26.1499996185303	353.333343505859
26.1599998474121	466.666656494141
26.1700000762939	440
26.1800003051758	293.333343505859
26.1900005340576	380
26.2000007629395	346.666656494141
26.2099990844727	440
26.2199993133545	380
26.2299995422363	366.666656494141
26.2399997711182	360
26.25	520
26.2600002288818	433.333343505859
26.2700004577637	473.333343505859
26.2800006866455	466.666656494141
26.2900009155273	460
26.2999992370605	513.333312988281
26.3099994659424	400
26.3199996948242	553.333312988281
26.3299999237061	393.333343505859
26.3400001525879	366.666656494141
26.3500003814697	453.333343505859
26.3600006103516	493.333343505859
26.3700008392334	373.333343505859
26.3799991607666	506.666656494141
26.3899993896484	440
26.3999996185303	380
26.4099998474121	386.666656494141
26.4200000762939	440
26.4300003051758	566.666687011719
26.4400005340576	413.333343505859
26.4500007629395	420
26.4599990844727	380
26.4699993133545	406.666656494141
26.4799995422363	460
26.4899997711182	513.333312988281
26.5	373.333343505859
26.5100002288818	373.333343505859
26.5200004577637	420
26.5300006866455	440
26.5400009155273	373.333343505859
26.5499992370605	460
26.5599994659424	433.333343505859
26.5699996948242	480
26.5799999237061	573.333312988281
26.5900001525879	533.333312988281
26.6000003814697	600
26.6100006103516	466.666656494141
26.6200008392334	460
26.6299991607666	440
26.6399993896484	526.666687011719
26.6499996185303	540
26.6599998474121	573.333312988281
26.6700000762939	593.333312988281
26.6800003051758	586.666687011719
26.6900005340576	460
26.7000007629395	520
26.7099990844727	526.666687011719
26.7199993133545	520
26.7299995422363	460
26.7399997711182	393.333343505859
26.75	473.333343505859
26.7600002288818	566.666687011719
26.7700004577637	560
26.7800006866455	586.666687011719
26.7900009155273	600
26.7999992370605	646.666687011719
26.8099994659424	393.333343505859
26.8199996948242	380
26.8299999237061	500
26.8400001525879	573.333312988281
26.8500003814697	486.666656494141
26.8600006103516	460
26.8700008392334	486.666656494141
26.8799991607666	506.666656494141
26.8899993896484	573.333312988281
26.8999996185303	500
26.9099998474121	626.666687011719
26.9200000762939	466.666656494141
26.9300003051758	466.666656494141
26.9400005340576	506.666656494141
26.9500007629395	540
26.9599990844727	646.666687011719
26.9699993133545	640
26.9799995422363	486.666656494141
26.9899997711182	600
27	573.333312988281
27.0100002288818	520
27.0200004577637	606.666687011719
27.0300006866455	640
27.0400009155273	600
27.0499992370605	566.666687011719
27.0599994659424	640
27.0699996948242	526.666687011719
27.0799999237061	560
27.0900001525879	513.333312988281
27.1000003814697	613.333312988281
27.1100006103516	580
27.1200008392334	493.333343505859
27.1299991607666	653.333312988281
27.1399993896484	653.333312988281
27.1499996185303	553.333312988281
27.1599998474121	600
27.1700000762939	573.333312988281
27.1800003051758	493.333343505859
27.1900005340576	706.666687011719
27.2000007629395	766.666687011719
27.2099990844727	633.333312988281
27.2199993133545	566.666687011719
27.2299995422363	560
27.2399997711182	606.666687011719
27.25	580
27.2600002288818	640
27.2700004577637	686.666687011719
27.2800006866455	566.666687011719
27.2900009155273	566.666687011719
27.2999992370605	700
27.3099994659424	760
27.3199996948242	666.666687011719
27.3299999237061	726.666687011719
27.3400001525879	680
27.3500003814697	513.333312988281
27.3600006103516	600
27.3700008392334	640
27.3799991607666	646.666687011719
27.3899993896484	706.666687011719
27.3999996185303	593.333312988281
27.4099998474121	553.333312988281
27.4200000762939	640
27.4300003051758	593.333312988281
27.4400005340576	646.666687011719
27.4500007629395	693.333312988281
27.4599990844727	706.666687011719
27.4699993133545	733.333312988281
27.4799995422363	726.666687011719
27.4899997711182	640
27.5	640
27.5100002288818	680
27.5200004577637	680
27.5300006866455	606.666687011719
27.5400009155273	700
27.5499992370605	626.666687011719
27.5599994659424	700
27.5699996948242	706.666687011719
27.5799999237061	626.666687011719
27.5900001525879	686.666687011719
27.6000003814697	620
27.6100006103516	700
27.6200008392334	633.333312988281
27.6299991607666	626.666687011719
27.6399993896484	626.666687011719
27.6499996185303	560
27.6599998474121	713.333312988281
27.6700000762939	593.333312988281
27.6800003051758	593.333312988281
27.6900005340576	700
27.7000007629395	653.333312988281
27.7099990844727	560
27.7199993133545	573.333312988281
27.7299995422363	693.333312988281
27.7399997711182	700
27.75	633.333312988281
27.7600002288818	640
27.7700004577637	640
27.7800006866455	586.666687011719
27.7900009155273	593.333312988281
27.7999992370605	600
27.8099994659424	580
27.8199996948242	633.333312988281
27.8299999237061	680
27.8400001525879	533.333312988281
27.8500003814697	513.333312988281
27.8600006103516	646.666687011719
27.8700008392334	533.333312988281
27.8799991607666	673.333312988281
27.8899993896484	580
27.8999996185303	580
27.9099998474121	546.666687011719
27.9200000762939	520
27.9300003051758	500
27.9400005340576	740
27.9500007629395	620
27.9599990844727	493.333343505859
27.9699993133545	493.333343505859
27.9799995422363	713.333312988281
27.9899997711182	486.666656494141
28	553.333312988281
28.0100002288818	493.333343505859
28.0200004577637	560
28.0300006866455	486.666656494141
28.0400009155273	513.333312988281
28.0499992370605	540
28.0599994659424	486.666656494141
28.0699996948242	606.666687011719
28.0799999237061	540
28.0900001525879	513.333312988281
28.1000003814697	540
28.1100006103516	513.333312988281
28.1200008392334	453.333343505859
28.1299991607666	533.333312988281
28.1399993896484	500
28.1499996185303	493.333343505859
28.1599998474121	573.333312988281
28.1700000762939	486.666656494141
28.1800003051758	633.333312988281
28.1900005340576	593.333312988281
28.2000007629395	540
28.2099990844727	553.333312988281
28.2199993133545	533.333312988281
28.2299995422363	506.666656494141
28.2399997711182	580
28.25	546.666687011719
28.2600002288818	526.666687011719
28.2700004577637	520
28.2800006866455	526.666687011719
28.2900009155273	560
28.2999992370605	466.666656494141
28.3099994659424	393.333343505859
28.3199996948242	533.333312988281
28.3299999237061	473.333343505859
28.3400001525879	446.666656494141
28.3500003814697	466.666656494141
28.3600006103516	386.666656494141
28.3700008392334	500
28.3799991607666	513.333312988281
28.3899993896484	466.666656494141
28.3999996185303	480
28.4099998474121	413.333343505859
28.4200000762939	580
28.4300003051758	473.333343505859
28.4400005340576	406.666656494141
28.4500007629395	413.333343505859
28.4599990844727	540
28.4699993133545	360
28.4799995422363	520
28.4899997711182	446.666656494141
28.5	366.666656494141
28.5100002288818	406.666656494141
28.5200004577637	406.666656494141
28.5300006866455	433.333343505859
28.5400009155273	453.333343505859
28.5499992370605	446.666656494141
28.5599994659424	493.333343505859
28.5699996948242	466.666656494141
28.5799999237061	486.666656494141
28.5900001525879	406.666656494141
28.6000003814697	420
28.6100006103516	413.333343505859
28.6200008392334	406.666656494141
28.6299991607666	400
28.6399993896484	473.333343505859
28.6499996185303	453.333343505859
28.6599998474121	413.333343505859
28.6700000762939	440
28.6800003051758	406.666656494141
28.6900005340576	406.666656494141
28.7000007629395	386.666656494141
28.7099990844727	373.333343505859
28.7199993133545	440
28.7299995422363	533.333312988281
28.7399997711182	440
28.75	440
28.7600002288818	433.333343505859
28.7700004577637	460
28.7800006866455	413.333343505859
28.7900009155273	386.666656494141
28.7999992370605	346.666656494141
28.8099994659424	373.333343505859
28.8199996948242	400
28.8299999237061	433.333343505859
28.8400001525879	446.666656494141
28.8500003814697	400
28.8600006103516	313.333343505859
28.8700008392334	373.333343505859
28.8799991607666	366.666656494141
28.8899993896484	373.333343505859
28.8999996185303	473.333343505859
28.9099998474121	453.333343505859
28.9200000762939	373.333343505859
28.9300003051758	446.666656494141
28.9400005340576	400
28.9500007629395	513.333312988281
28.9599990844727	526.666687011719
28.9699993133545	393.333343505859
28.9799995422363	400
28.9899997711182	393.333343505859
29	393.333343505859
29.0100002288818	400
29.0200004577637	326.666656494141
29.0300006866455	353.333343505859
29.0400009155273	460
29.0499992370605	373.333343505859
29.0599994659424	400
29.0699996948242	440
29.0799999237061	433.333343505859
29.0900001525879	366.666656494141
29.1000003814697	366.666656494141
29.1100006103516	360
29.1200008392334	373.333343505859
29.1299991607666	360
29.1399993896484	333.333343505859
29.1499996185303	273.333343505859
29.1599998474121	446.666656494141
29.1700000762939	366.666656494141
29.1800003051758	406.666656494141
29.1900005340576	393.333343505859
29.2000007629395	386.666656494141
29.2099990844727	486.666656494141
29.2199993133545	413.333343505859
29.2299995422363	333.333343505859
29.2399997711182	366.666656494141
29.25	360
29.2600002288818	373.333343505859
29.2700004577637	380
29.2800006866455	433.333343505859
29.2900009155273	373.333343505859
29.2999992370605	413.333343505859
29.3099994659424	360
29.3199996948242	386.666656494141
29.3299999237061	320
29.3400001525879	400
29.3500003814697	306.666656494141
29.3600006103516	320
29.3700008392334	306.666656494141
29.3799991607666	333.333343505859
29.3899993896484	393.333343505859
29.3999996185303	366.666656494141
29.4099998474121	320
29.4200000762939	413.333343505859
29.4300003051758	460
29.4400005340576	400
29.4500007629395	433.333343505859
29.4599990844727	346.666656494141
29.4699993133545	346.666656494141
29.4799995422363	346.666656494141
29.4899997711182	353.333343505859
29.5	473.333343505859
29.5100002288818	366.666656494141
29.5200004577637	380
29.5300006866455	313.333343505859
29.5400009155273	313.333343505859
29.5499992370605	313.333343505859
29.5599994659424	306.666656494141
29.5699996948242	280
29.5799999237061	313.333343505859
29.5900001525879	320
29.6000003814697	380
29.6100006103516	293.333343505859
29.6200008392334	380
29.6299991607666	360
29.6399993896484	400
29.6499996185303	353.333343505859
29.6599998474121	346.666656494141
29.6700000762939	420
29.6800003051758	353.333343505859
29.6900005340576	340
29.7000007629395	386.666656494141
29.7099990844727	380
29.7199993133545	340
29.7299995422363	406.666656494141
29.7399997711182	313.333343505859
29.75	313.333343505859
29.7600002288818	340
29.7700004577637	400
29.7800006866455	353.333343505859
29.7900009155273	333.333343505859
29.7999992370605	333.333343505859
29.8099994659424	353.333343505859
29.8199996948242	313.333343505859
29.8299999237061	346.666656494141
29.8400001525879	360
29.8500003814697	313.333343505859
29.8600006103516	320
29.8700008392334	386.666656494141
29.8799991607666	360
29.8899993896484	333.333343505859
29.8999996185303	346.666656494141
29.9099998474121	393.333343505859
29.9200000762939	393.333343505859
29.9300003051758	360
29.9400005340576	346.666656494141
29.9500007629395	293.333343505859
29.9599990844727	366.666656494141
29.9699993133545	360
29.9799995422363	320
29.9899997711182	280
30	326.666656494141
30.0100002288818	333.333343505859
30.0200004577637	286.666656494141
30.0300006866455	320
30.0400009155273	340
30.0499992370605	253.33332824707
30.0599994659424	326.666656494141
30.0699996948242	393.333343505859
30.0799999237061	353.333343505859
30.0900001525879	360
30.1000003814697	326.666656494141
30.1100006103516	306.666656494141
30.1200008392334	360
30.1299991607666	306.666656494141
30.1399993896484	340
30.1499996185303	340
30.1599998474121	366.666656494141
30.1700000762939	353.333343505859
30.1800003051758	340
30.1900005340576	300
30.2000007629395	280
30.2099990844727	266.666656494141
30.2199993133545	380
30.2299995422363	333.333343505859
30.2399997711182	320
30.25	353.333343505859
30.2600002288818	380
30.2700004577637	413.333343505859
30.2800006866455	246.66667175293
30.2900009155273	366.666656494141
30.2999992370605	360
30.3099994659424	360
30.3199996948242	300
30.3299999237061	346.666656494141
30.3400001525879	360
30.3500003814697	320
30.3600006103516	420
30.3700008392334	373.333343505859
30.3799991607666	433.333343505859
30.3899993896484	366.666656494141
30.3999996185303	306.666656494141
30.4099998474121	393.333343505859
30.4200000762939	400
30.4300003051758	326.666656494141
30.4400005340576	246.66667175293
30.4500007629395	333.333343505859
30.4599990844727	280
30.4699993133545	266.666656494141
30.4799995422363	273.333343505859
30.4899997711182	280
30.5	260
30.5100002288818	326.666656494141
30.5200004577637	346.666656494141
30.5300006866455	313.333343505859
30.5400009155273	400
30.5499992370605	306.666656494141
30.5599994659424	300
30.5699996948242	333.333343505859
30.5799999237061	380
30.5900001525879	373.333343505859
30.6000003814697	286.666656494141
30.6100006103516	306.666656494141
30.6200008392334	293.333343505859
30.6299991607666	320
30.6399993896484	266.666656494141
30.6499996185303	386.666656494141
30.6599998474121	326.666656494141
30.6700000762939	366.666656494141
30.6800003051758	293.333343505859
30.6900005340576	373.333343505859
30.7000007629395	320
30.7099990844727	380
30.7199993133545	293.333343505859
30.7299995422363	293.333343505859
30.7399997711182	260
30.75	300
30.7600002288818	386.666656494141
30.7700004577637	380
30.7800006866455	246.66667175293
30.7900009155273	253.33332824707
30.7999992370605	333.333343505859
30.8099994659424	393.333343505859
30.8199996948242	286.666656494141
30.8299999237061	326.666656494141
30.8400001525879	366.666656494141
30.8500003814697	266.666656494141
30.8600006103516	273.333343505859
30.8700008392334	333.333343505859
30.8799991607666	326.666656494141
30.8899993896484	306.666656494141
30.8999996185303	326.666656494141
30.9099998474121	293.333343505859
30.9200000762939	360
30.9300003051758	333.333343505859
30.9400005340576	326.666656494141
30.9500007629395	260
30.9599990844727	326.666656494141
30.9699993133545	300
30.9799995422363	326.666656494141
30.9899997711182	333.333343505859
31	300
31.0100002288818	293.333343505859
31.0200004577637	360
31.0300006866455	300
31.0400009155273	373.333343505859
31.0499992370605	280
31.0599994659424	326.666656494141
31.0699996948242	346.666656494141
31.0799999237061	273.333343505859
31.0900001525879	273.333343505859
31.1000003814697	346.666656494141
31.1100006103516	320
31.1200008392334	360
31.1299991607666	366.666656494141
31.1399993896484	320
31.1499996185303	340
31.1599998474121	286.666656494141
31.1700000762939	373.333343505859
31.1800003051758	340
31.1900005340576	240
31.2000007629395	320
31.2099990844727	273.333343505859
31.2199993133545	280
31.2299995422363	240
31.2399997711182	260
31.25	233.33332824707
31.2600002288818	260
31.2700004577637	293.333343505859
31.2800006866455	346.666656494141
31.2900009155273	326.666656494141
31.2999992370605	266.666656494141
31.3099994659424	326.666656494141
31.3199996948242	253.33332824707
31.3299999237061	313.333343505859
31.3400001525879	306.666656494141
31.3500003814697	320
31.3600006103516	320
31.3700008392334	286.666656494141
31.3799991607666	273.333343505859
31.3899993896484	326.666656494141
31.3999996185303	306.666656494141
31.4099998474121	400
31.4200000762939	326.666656494141
31.4300003051758	286.666656494141
31.4400005340576	313.333343505859
31.4500007629395	366.666656494141
31.4599990844727	260
31.4699993133545	280
31.4799995422363	360
31.4899997711182	313.333343505859
31.5	273.333343505859
31.5100002288818	373.333343505859
31.5200004577637	293.333343505859
31.5300006866455	280
31.5400009155273	333.333343505859
31.5499992370605	286.666656494141
31.5599994659424	273.333343505859
31.5699996948242	280
31.5799999237061	246.66667175293
31.5900001525879	280
31.6000003814697	333.333343505859
31.6100006103516	226.66667175293
31.6200008392334	406.666656494141
31.6299991607666	366.666656494141
31.6399993896484	340
31.6499996185303	333.333343505859
31.6599998474121	286.666656494141
31.6700000762939	326.666656494141
31.6800003051758	293.333343505859
31.6900005340576	293.333343505859
31.7000007629395	293.333343505859
31.7099990844727	306.666656494141
31.7199993133545	313.333343505859
31.7299995422363	300
31.7399997711182	406.666656494141
31.75	333.333343505859
31.7600002288818	340
31.7700004577637	293.333343505859
31.7800006866455	313.333343505859
31.7900009155273	300
31.7999992370605	286.666656494141
31.8099994659424	246.66667175293
31.8199996948242	293.333343505859
31.8299999237061	293.333343505859
31.8400001525879	326.666656494141
31.8500003814697	286.666656494141
31.8600006103516	340
31.8700008392334	313.333343505859
31.8799991607666	373.333343505859
31.8899993896484	300
31.8999996185303	313.333343505859
31.9099998474121	326.666656494141
31.9200000762939	246.66667175293
31.9300003051758	320
31.9400005340576	340
31.9500007629395	386.666656494141
31.9599990844727	240
31.9699993133545	340
31.9799995422363	240
31.9899997711182	293.333343505859
32	326.666656494141
32.0099983215332	246.66667175293
32.0200004577637	353.333343505859
32.0299987792969	320
32.0400009155273	326.666656494141
32.0499992370605	346.666656494141
32.060001373291	326.666656494141
32.0699996948242	273.333343505859
32.0800018310547	293.333343505859
32.0900001525879	320
32.0999984741211	286.666656494141
32.1100006103516	306.666656494141
32.1199989318848	306.666656494141
32.1300010681152	333.333343505859
32.1399993896484	320
32.1500015258789	246.66667175293
32.1599998474121	320
32.1699981689453	293.333343505859
32.1800003051758	306.666656494141
32.189998626709	306.666656494141
32.2000007629395	280
32.2099990844727	360
32.2200012207031	280
32.2299995422363	306.666656494141
32.2400016784668	340
32.25	226.66667175293
32.2599983215332	286.666656494141
32.2700004577637	326.666656494141
32.2799987792969	286.666656494141
32.2900009155273	320
32.2999992370605	293.333343505859
32.310001373291	326.666656494141
32.3199996948242	266.666656494141
32.3300018310547	280
32.3400001525879	246.66667175293
32.3499984741211	240
32.3600006103516	266.666656494141
32.3699989318848	360
32.3800010681152	320
32.3899993896484	320
32.4000015258789	273.333343505859
32.4099998474121	413.333343505859
32.4199981689453	400
32.4300003051758	320
32.439998626709	253.33332824707
32.4500007629395	253.33332824707
32.4599990844727	306.666656494141
32.4700012207031	280
32.4799995422363	320
32.4900016784668	260
32.5	333.333343505859
32.5099983215332	366.666656494141
32.5200004577637	306.666656494141
32.5299987792969	273.333343505859
32.5400009155273	293.333343505859
32.5499992370605	333.333343505859
32.560001373291	353.333343505859
32.5699996948242	266.666656494141
32.5800018310547	300
32.5900001525879	300
32.5999984741211	240
32.6100006103516	293.333343505859
32.6199989318848	313.333343505859
32.6300010681152	273.333343505859
32.6399993896484	280
32.6500015258789	240
32.6599998474121	253.33332824707
32.6699981689453	406.666656494141
32.6800003051758	333.333343505859
32.689998626709	266.666656494141
32.7000007629395	306.666656494141
32.7099990844727	340
32.7200012207031	300
32.7299995422363	246.66667175293
32.7400016784668	280
32.75	306.666656494141
32.7599983215332	326.666656494141
32.7700004577637	360
32.7799987792969	320
32.7900009155273	280
32.7999992370605	293.333343505859
32.810001373291	253.33332824707
32.8199996948242	206.66667175293
32.8300018310547	293.333343505859
32.8400001525879	300
32.8499984741211	240
32.8600006103516	333.333343505859
32.8699989318848	260
32.8800010681152	286.666656494141
32.8899993896484	326.666656494141
32.9000015258789	286.666656494141
32.9099998474121	306.666656494141
32.9199981689453	280
32.9300003051758	253.33332824707
32.939998626709	293.333343505859
32.9500007629395	286.666656494141
32.9599990844727	266.666656494141
32.9700012207031	253.33332824707
32.9799995422363	326.666656494141
32.9900016784668	260
33	326.666656494141
33.0099983215332	280
33.0200004577637	253.33332824707
33.0299987792969	320
33.0400009155273	320
33.0499992370605	206.66667175293
33.060001373291	313.333343505859
33.0699996948242	386.666656494141
33.0800018310547	313.333343505859
33.0900001525879	240
33.0999984741211	293.333343505859
33.1100006103516	280
33.1199989318848	273.333343505859
33.1300010681152	286.666656494141
33.1399993896484	280
33.1500015258789	213.33332824707
33.1599998474121	346.666656494141
33.1699981689453	346.666656494141
33.1800003051758	313.333343505859
33.189998626709	353.333343505859
33.2000007629395	360
33.2099990844727	300
33.2200012207031	293.333343505859
33.2299995422363	320
33.2400016784668	333.333343505859
33.25	313.333343505859
33.2599983215332	300
33.2700004577637	380
33.2799987792969	373.333343505859
33.2900009155273	340
33.2999992370605	326.666656494141
33.310001373291	360
33.3199996948242	300
33.3300018310547	246.66667175293
33.3400001525879	273.333343505859
33.3499984741211	320
33.3600006103516	266.666656494141
33.3699989318848	286.666656494141
33.3800010681152	266.666656494141
33.3899993896484	306.666656494141
33.4000015258789	333.333343505859
33.4099998474121	306.666656494141
33.4199981689453	306.666656494141
33.4300003051758	306.666656494141
33.439998626709	286.666656494141
33.4500007629395	326.666656494141
33.4599990844727	266.666656494141
33.4700012207031	293.333343505859
33.4799995422363	253.33332824707
33.4900016784668	213.33332824707
33.5	300
33.5099983215332	346.666656494141
33.5200004577637	293.333343505859
33.5299987792969	333.333343505859
33.5400009155273	300
33.5499992370605	306.666656494141
33.560001373291	266.666656494141
33.5699996948242	353.333343505859
33.5800018310547	353.333343505859
33.5900001525879	306.666656494141
33.5999984741211	273.333343505859
33.6100006103516	293.333343505859
33.6199989318848	300
33.6300010681152	180
33.6399993896484	320
33.6500015258789	326.666656494141
33.6599998474121	366.666656494141
33.6699981689453	273.333343505859
33.6800003051758	280
33.689998626709	313.333343505859
33.7000007629395	320
33.7099990844727	320
33.7200012207031	293.333343505859
33.7299995422363	286.666656494141
33.7400016784668	306.666656494141
33.75	333.333343505859
33.7599983215332	293.333343505859
33.7700004577637	300
33.7799987792969	340
33.7900009155273	233.33332824707
33.7999992370605	253.33332824707
33.810001373291	306.666656494141
33.8199996948242	340
33.8300018310547	346.666656494141
33.8400001525879	300
33.8499984741211	353.333343505859
33.8600006103516	373.333343505859
33.8699989318848	293.333343505859
33.8800010681152	220
33.8899993896484	360
33.9000015258789	240
33.9099998474121	273.333343505859
33.9199981689453	326.666656494141
33.9300003051758	293.333343505859
33.939998626709	333.333343505859
33.9500007629395	306.666656494141
33.9599990844727	333.333343505859
33.9700012207031	306.666656494141
33.9799995422363	306.666656494141
33.9900016784668	320
34	373.333343505859
34.0099983215332	413.333343505859
34.0200004577637	300
34.0299987792969	253.33332824707
34.0400009155273	260
34.0499992370605	353.333343505859
34.060001373291	286.666656494141
34.0699996948242	320
34.0800018310547	313.333343505859
34.0900001525879	286.666656494141
34.0999984741211	273.333343505859
34.1100006103516	233.33332824707
34.1199989318848	253.33332824707
34.1300010681152	326.666656494141
34.1399993896484	326.666656494141
34.1500015258789	320
34.1599998474121	293.333343505859
34.1699981689453	260
34.1800003051758	313.333343505859
34.189998626709	366.666656494141
34.2000007629395	306.666656494141
34.2099990844727	320
34.2200012207031	233.33332824707
34.2299995422363	306.666656494141
34.2400016784668	400
34.25	233.33332824707
34.2599983215332	233.33332824707
34.2700004577637	293.333343505859
34.2799987792969	260
34.2900009155273	260
34.2999992370605	293.333343505859
34.310001373291	326.666656494141
34.3199996948242	266.666656494141
34.3300018310547	293.333343505859
34.3400001525879	286.666656494141
34.3499984741211	366.666656494141
34.3600006103516	313.333343505859
34.3699989318848	353.333343505859
34.3800010681152	286.666656494141
34.3899993896484	320
34.4000015258789	293.333343505859
34.4099998474121	306.666656494141
34.4199981689453	253.33332824707
34.4300003051758	260
34.439998626709	293.333343505859
34.4500007629395	253.33332824707
34.4599990844727	313.333343505859
34.4700012207031	320
34.4799995422363	273.333343505859
34.4900016784668	266.666656494141
34.5	346.666656494141
34.5099983215332	386.666656494141
34.5200004577637	286.666656494141
34.5299987792969	386.666656494141
34.5400009155273	340
34.5499992370605	393.333343505859
34.560001373291	360
34.5699996948242	333.333343505859
34.5800018310547	326.666656494141
34.5900001525879	280
34.5999984741211	306.666656494141
34.6100006103516	346.666656494141
34.6199989318848	293.333343505859
34.6300010681152	300
34.6399993896484	293.333343505859
34.6500015258789	280
34.6599998474121	306.666656494141
34.6699981689453	300
34.6800003051758	340
34.689998626709	280
34.7000007629395	226.66667175293
34.7099990844727	293.333343505859
34.7200012207031	313.333343505859
34.7299995422363	306.666656494141
34.7400016784668	300
34.75	353.333343505859
34.7599983215332	406.666656494141
34.7700004577637	346.666656494141
34.7799987792969	313.333343505859
34.7900009155273	340
34.7999992370605	306.666656494141
34.810001373291	300
34.8199996948242	306.666656494141
34.8300018310547	446.666656494141
34.8400001525879	333.333343505859
34.8499984741211	420
34.8600006103516	286.666656494141
34.8699989318848	400
34.8800010681152	300
34.8899993896484	393.333343505859
34.9000015258789	340
34.9099998474121	493.333343505859
34.9199981689453	440
34.9300003051758	333.333343505859
34.939998626709	420
34.9500007629395	500
34.9599990844727	473.333343505859
34.9700012207031	460
34.9799995422363	500
34.9900016784668	493.333343505859
35	586.666687011719
35.0099983215332	566.666687011719
35.0200004577637	580
35.0299987792969	593.333312988281
35.0400009155273	566.666687011719
35.0499992370605	593.333312988281
35.060001373291	600
35.0699996948242	606.666687011719
35.0800018310547	726.666687011719
35.0900001525879	673.333312988281
35.0999984741211	593.333312988281
35.1100006103516	520
35.1199989318848	613.333312988281
35.1300010681152	606.666687011719
35.1399993896484	633.333312988281
35.1500015258789	646.666687011719
35.1599998474121	466.666656494141
35.1699981689453	560
35.1800003051758	493.333343505859
35.189998626709	506.666656494141
35.2000007629395	406.666656494141
35.2099990844727	500
35.2200012207031	546.666687011719
35.2299995422363	473.333343505859
35.2400016784668	446.666656494141
35.25	460
35.2599983215332	393.333343505859
35.2700004577637	413.333343505859
35.2799987792969	393.333343505859
35.2900009155273	460
35.2999992370605	380
35.310001373291	486.666656494141
35.3199996948242	393.333343505859
35.3300018310547	446.666656494141
35.3400001525879	366.666656494141
35.3499984741211	380
35.3600006103516	346.666656494141
35.3699989318848	326.666656494141
35.3800010681152	393.333343505859
35.3899993896484	393.333343505859
35.4000015258789	353.333343505859
35.4099998474121	393.333343505859
35.4199981689453	413.333343505859
35.4300003051758	366.666656494141
35.439998626709	393.333343505859
35.4500007629395	400
35.4599990844727	453.333343505859
35.4700012207031	446.666656494141
35.4799995422363	400
35.4900016784668	393.333343505859
35.5	420
35.5099983215332	400
35.5200004577637	346.666656494141
35.5299987792969	446.666656494141
35.5400009155273	393.333343505859
35.5499992370605	420
35.560001373291	340
35.5699996948242	406.666656494141
35.5800018310547	466.666656494141
35.5900001525879	486.666656494141
35.5999984741211	440
35.6100006103516	346.666656494141
35.6199989318848	386.666656494141
35.6300010681152	460
35.6399993896484	406.666656494141
35.6500015258789	406.666656494141
35.6599998474121	406.666656494141
35.6699981689453	460
35.6800003051758	486.666656494141
35.689998626709	380
35.7000007629395	513.333312988281
35.7099990844727	393.333343505859
35.7200012207031	493.333343505859
35.7299995422363	480
35.7400016784668	413.333343505859
35.75	393.333343505859
35.7599983215332	386.666656494141
35.7700004577637	446.666656494141
35.7799987792969	500
35.7900009155273	460
35.7999992370605	433.333343505859
35.810001373291	500
35.8199996948242	460
35.8300018310547	506.666656494141
35.8400001525879	453.333343505859
35.8499984741211	453.333343505859
35.8600006103516	473.333343505859
35.8699989318848	420
35.8800010681152	446.666656494141
35.8899993896484	513.333312988281
35.9000015258789	540
35.9099998474121	453.333343505859
35.9199981689453	480
35.9300003051758	366.666656494141
35.939998626709	493.333343505859
35.9500007629395	366.666656494141
35.9599990844727	513.333312988281
35.9700012207031	526.666687011719
35.9799995422363	446.666656494141
35.9900016784668	486.666656494141
36	500
36.0099983215332	573.333312988281
36.0200004577637	500
36.0299987792969	546.666687011719
36.0400009155273	506.666656494141
36.0499992370605	493.333343505859
36.060001373291	486.666656494141
36.0699996948242	560
36.0800018310547	500
36.0900001525879	440
36.0999984741211	413.333343505859
36.1100006103516	466.666656494141
36.1199989318848	493.333343505859
36.1300010681152	446.666656494141
36.1399993896484	406.666656494141
36.1500015258789	480
36.1599998474121	466.666656494141
36.1699981689453	473.333343505859
36.1800003051758	366.666656494141
36.189998626709	453.333343505859
36.2000007629395	413.333343505859
36.2099990844727	380
36.2200012207031	400
36.2299995422363	466.666656494141
36.2400016784668	413.333343505859
36.25	420
36.2599983215332	386.666656494141
36.2700004577637	446.666656494141
36.2799987792969	526.666687011719
36.2900009155273	360
36.2999992370605	413.333343505859
36.310001373291	466.666656494141
36.3199996948242	386.666656494141
36.3300018310547	333.333343505859
36.3400001525879	360
36.3499984741211	366.666656494141
36.3600006103516	340
36.3699989318848	320
36.3800010681152	406.666656494141
36.3899993896484	366.666656494141
36.4000015258789	346.666656494141
36.4099998474121	293.333343505859
36.4199981689453	366.666656494141
36.4300003051758	420
36.439998626709	366.666656494141
36.4500007629395	366.666656494141
36.4599990844727	433.333343505859
36.4700012207031	340
36.4799995422363	286.666656494141
36.4900016784668	386.666656494141
36.5	393.333343505859
36.5099983215332	360
36.5200004577637	446.666656494141
36.5299987792969	393.333343505859
36.5400009155273	320
36.5499992370605	400
36.560001373291	353.333343505859
36.5699996948242	413.333343505859
36.5800018310547	346.666656494141
36.5900001525879	320
36.5999984741211	366.666656494141
36.6100006103516	313.333343505859
36.6199989318848	333.333343505859
36.6300010681152	240
36.6399993896484	326.666656494141
36.6500015258789	293.333343505859
36.6599998474121	300
36.6699981689453	313.333343505859
36.6800003051758	300
36.689998626709	326.666656494141
36.7000007629395	320
36.7099990844727	353.333343505859
36.7200012207031	293.333343505859
36.7299995422363	333.333343505859
36.7400016784668	260
36.75	293.333343505859
36.7599983215332	240
36.7700004577637	313.333343505859
36.7799987792969	353.333343505859
36.7900009155273	346.666656494141
36.7999992370605	286.666656494141
36.810001373291	326.666656494141
36.8199996948242	366.666656494141
36.8300018310547	246.66667175293
36.8400001525879	313.333343505859
36.8499984741211	320
36.8600006103516	320
36.8699989318848	266.666656494141
36.8800010681152	280
36.8899993896484	220
36.9000015258789	333.333343505859
36.9099998474121	286.666656494141
36.9199981689453	353.333343505859
36.9300003051758	320
36.939998626709	300
36.9500007629395	346.666656494141
36.9599990844727	286.666656494141
36.9700012207031	313.333343505859
36.9799995422363	273.333343505859
36.9900016784668	293.333343505859
37	266.666656494141
37.0099983215332	280
37.0200004577637	300
37.0299987792969	206.66667175293
37.0400009155273	266.666656494141
37.0499992370605	273.333343505859
37.060001373291	326.666656494141
37.0699996948242	293.333343505859
37.0800018310547	206.66667175293
37.0900001525879	226.66667175293
37.0999984741211	266.666656494141
37.1100006103516	233.33332824707
37.1199989318848	340
37.1300010681152	293.333343505859
37.1399993896484	253.33332824707
37.1500015258789	320
37.1599998474121	280
37.1699981689453	306.666656494141
37.1800003051758	340
37.189998626709	326.666656494141
37.2000007629395	293.333343505859
37.2099990844727	280
37.2200012207031	240
37.2299995422363	273.333343505859
37.2400016784668	293.333343505859
37.25	300
37.2599983215332	193.33332824707
37.2700004577637	273.333343505859
37.2799987792969	260
37.2900009155273	260
37.2999992370605	206.66667175293
37.310001373291	266.666656494141
37.3199996948242	333.333343505859
37.3300018310547	226.66667175293
37.3400001525879	326.666656494141
37.3499984741211	300
37.3600006103516	293.333343505859
37.3699989318848	273.333343505859
37.3800010681152	166.66667175293
37.3899993896484	260
37.4000015258789	246.66667175293
37.4099998474121	253.33332824707
37.4199981689453	266.666656494141
37.4300003051758	226.66667175293
37.439998626709	220
37.4500007629395	260
37.4599990844727	220
37.4700012207031	220
37.4799995422363	246.66667175293
37.4900016784668	213.33332824707
37.5	153.33332824707
37.5099983215332	213.33332824707
37.5200004577637	233.33332824707
37.5299987792969	240
37.5400009155273	200
37.5499992370605	193.33332824707
37.560001373291	286.666656494141
37.5699996948242	266.666656494141
37.5800018310547	233.33332824707
37.5900001525879	213.33332824707
37.5999984741211	206.66667175293
37.6100006103516	213.33332824707
37.6199989318848	240
37.6300010681152	193.33332824707
37.6399993896484	266.666656494141
37.6500015258789	306.666656494141
37.6599998474121	280
37.6699981689453	193.33332824707
37.6800003051758	240
37.689998626709	246.66667175293
37.7000007629395	233.33332824707
37.7099990844727	193.33332824707
37.7200012207031	213.33332824707
37.7299995422363	213.33332824707
37.7400016784668	293.333343505859
37.75	193.33332824707
37.7599983215332	240
37.7700004577637	213.33332824707
37.7799987792969	220
37.7900009155273	273.333343505859
37.7999992370605	313.333343505859
37.810001373291	253.33332824707
37.8199996948242	280
37.8300018310547	320
37.8400001525879	240
37.8499984741211	260
37.8600006103516	193.33332824707
37.8699989318848	280
37.8800010681152	240
37.8899993896484	240
37.9000015258789	220
37.9099998474121	260
37.9199981689453	273.333343505859
37.9300003051758	286.666656494141
37.939998626709	266.666656494141
37.9500007629395	226.66667175293
37.9599990844727	260
37.9700012207031	306.666656494141
37.9799995422363	140
37.9900016784668	286.666656494141
38	253.33332824707
38.0099983215332	273.333343505859
38.0200004577637	280
38.0299987792969	193.33332824707
38.0400009155273	226.66667175293
38.0499992370605	273.333343505859
38.060001373291	280
38.0699996948242	260
38.0800018310547	193.33332824707
38.0900001525879	213.33332824707
38.0999984741211	246.66667175293
38.1100006103516	246.66667175293
38.1199989318848	320
38.1300010681152	246.66667175293
38.1399993896484	333.333343505859
38.1500015258789	266.666656494141
38.1599998474121	266.666656494141
38.1699981689453	300
38.1800003051758	293.333343505859
38.189998626709	320
38.2000007629395	293.333343505859
38.2099990844727	260
38.2200012207031	280
38.2299995422363	326.666656494141
38.2400016784668	353.333343505859
38.25	306.666656494141
38.2599983215332	386.666656494141
38.2700004577637	386.666656494141
38.2799987792969	433.333343505859
38.2900009155273	453.333343505859
38.2999992370605	433.333343505859
38.310001373291	466.666656494141
38.3199996948242	486.666656494141
38.3300018310547	593.333312988281
38.3400001525879	673.333312988281
38.3499984741211	780
38.3600006103516	880
38.3699989318848	1006.66668701172
38.3800010681152	966.666687011719
38.3899993896484	866.666687011719
38.4000015258789	993.333312988281
38.4099998474121	880
38.4199981689453	980
38.4300003051758	666.666687011719
38.439998626709	746.666687011719
38.4500007629395	746.666687011719
38.4599990844727	646.666687011719
38.4700012207031	793.333312988281
38.4799995422363	706.666687011719
38.4900016784668	720
38.5	640
38.5099983215332	613.333312988281
38.5200004577637	633.333312988281
38.5299987792969	506.666656494141
38.5400009155273	520
38.5499992370605	386.666656494141
38.560001373291	380
38.5699996948242	360
38.5800018310547	346.666656494141
38.5900001525879	346.666656494141
38.5999984741211	293.333343505859
38.6100006103516	326.666656494141
38.6199989318848	280
38.6300010681152	306.666656494141
38.6399993896484	286.666656494141
38.6500015258789	346.666656494141
38.6599998474121	266.666656494141
38.6699981689453	260
38.6800003051758	226.66667175293
38.689998626709	353.333343505859
38.7000007629395	313.333343505859
38.7099990844727	340
38.7200012207031	240
38.7299995422363	300
38.7400016784668	233.33332824707
38.75	253.33332824707
38.7599983215332	253.33332824707
38.7700004577637	326.666656494141
38.7799987792969	253.33332824707
38.7900009155273	306.666656494141
38.7999992370605	260
38.810001373291	206.66667175293
38.8199996948242	240
38.8300018310547	246.66667175293
38.8400001525879	220
38.8499984741211	306.666656494141
38.8600006103516	266.666656494141
38.8699989318848	233.33332824707
38.8800010681152	280
38.8899993896484	266.666656494141
38.9000015258789	253.33332824707
38.9099998474121	266.666656494141
38.9199981689453	273.333343505859
38.9300003051758	280
38.939998626709	306.666656494141
38.9500007629395	306.666656494141
38.9599990844727	233.33332824707
38.9700012207031	213.33332824707
38.9799995422363	273.333343505859
38.9900016784668	306.666656494141
39	320
39.0099983215332	160
39.0200004577637	233.33332824707
39.0299987792969	300
39.0400009155273	213.33332824707
39.0499992370605	233.33332824707
39.060001373291	206.66667175293
39.0699996948242	246.66667175293
39.0800018310547	253.33332824707
39.0900001525879	206.66667175293
39.0999984741211	220
39.1100006103516	253.33332824707
39.1199989318848	220
39.1300010681152	226.66667175293
39.1399993896484	233.33332824707
39.1500015258789	266.666656494141
39.1599998474121	233.33332824707
39.1699981689453	200
39.1800003051758	253.33332824707
39.189998626709	293.333343505859
39.2000007629395	193.33332824707
39.2099990844727	220
39.2200012207031	246.66667175293
39.2299995422363	320
39.2400016784668	213.33332824707
39.25	233.33332824707
39.2599983215332	220
39.2700004577637	306.666656494141
39.2799987792969	213.33332824707
39.2900009155273	286.666656494141
39.2999992370605	286.666656494141
39.310001373291	240
39.3199996948242	240
39.3300018310547	280
39.3400001525879	240
39.3499984741211	233.33332824707
39.3600006103516	226.66667175293
39.3699989318848	253.33332824707
39.3800010681152	286.666656494141
39.3899993896484	313.333343505859
39.4000015258789	233.33332824707
39.4099998474121	266.666656494141
39.4199981689453	240
39.4300003051758	260
39.439998626709	220
39.4500007629395	273.333343505859
39.4599990844727	206.66667175293
39.4700012207031	206.66667175293
39.4799995422363	240
39.4900016784668	286.666656494141
39.5	293.333343505859
39.5099983215332	273.333343505859
39.5200004577637	260
39.5299987792969	246.66667175293
39.5400009155273	260
39.5499992370605	233.33332824707
39.560001373291	313.333343505859
39.5699996948242	260
39.5800018310547	266.666656494141
39.5900001525879	260
39.5999984741211	273.333343505859
39.6100006103516	246.66667175293
39.6199989318848	233.33332824707
39.6300010681152	266.666656494141
39.6399993896484	300
39.6500015258789	313.333343505859
39.6599998474121	286.666656494141
39.6699981689453	226.66667175293
39.6800003051758	280
39.689998626709	306.666656494141
39.7000007629395	266.666656494141
39.7099990844727	286.666656494141
39.7200012207031	340
39.7299995422363	286.666656494141
39.7400016784668	273.333343505859
39.75	266.666656494141
39.7599983215332	340
39.7700004577637	306.666656494141
39.7799987792969	313.333343505859
39.7900009155273	273.333343505859
39.7999992370605	326.666656494141
39.810001373291	313.333343505859
39.8199996948242	300
39.8300018310547	346.666656494141
39.8400001525879	360
39.8499984741211	300
39.8600006103516	340
39.8699989318848	360
39.8800010681152	466.666656494141
39.8899993896484	493.333343505859
39.9000015258789	473.333343505859
39.9099998474121	460
39.9199981689453	533.333312988281
39.9300003051758	580
39.939998626709	593.333312988281
39.9500007629395	686.666687011719
39.9599990844727	660
39.9700012207031	733.333312988281
39.9799995422363	746.666687011719
39.9900016784668	793.333312988281
40	800
40.0099983215332	1173.33337402344
40.0200004577637	1220
40.0299987792969	1526.66662597656
40.0400009155273	1613.33337402344
40.0499992370605	1946.66662597656
40.060001373291	2066.66674804688
40.0699996948242	2133.33325195313
40.0800018310547	2686.66674804688
40.0900001525879	2800
40.0999984741211	3553.33325195313
40.1100006103516	3493.33325195313
40.1199989318848	3746.66674804688
40.1300010681152	4286.66650390625
40.1399993896484	4320
40.1500015258789	4220
40.1599998474121	3860
40.1699981689453	3906.66674804688
40.1800003051758	3653.33325195313
40.189998626709	3360
40.2000007629395	3320
40.2099990844727	3153.33325195313
40.2200012207031	3200
40.2299995422363	2913.33325195313
40.2400016784668	2946.66674804688
40.25	2506.66674804688
40.2599983215332	2426.66674804688
40.2700004577637	2326.66674804688
40.2799987792969	2093.33325195313
40.2900009155273	1786.66662597656
40.2999992370605	1646.66662597656
40.310001373291	1360
40.3199996948242	1180
40.3300018310547	1060
40.3400001525879	933.333312988281
40.3499984741211	773.333312988281
40.3600006103516	753.333312988281
40.3699989318848	626.666687011719
40.3800010681152	726.666687011719
40.3899993896484	680
40.4000015258789	626.666687011719
40.4099998474121	573.333312988281
40.4199981689453	453.333343505859
40.4300003051758	413.333343505859
40.439998626709	360
40.4500007629395	320
40.4599990844727	326.666656494141
40.4700012207031	333.333343505859
40.4799995422363	340
40.4900016784668	280
40.5	313.333343505859
40.5099983215332	380
40.5200004577637	306.666656494141
40.5299987792969	233.33332824707
40.5400009155273	246.66667175293
40.5499992370605	220
40.560001373291	240
40.5699996948242	266.666656494141
40.5800018310547	246.66667175293
40.5900001525879	220
40.5999984741211	240
40.6100006103516	286.666656494141
40.6199989318848	286.666656494141
40.6300010681152	313.333343505859
40.6399993896484	260
40.6500015258789	226.66667175293
40.6599998474121	246.66667175293
40.6699981689453	253.33332824707
40.6800003051758	213.33332824707
40.689998626709	213.33332824707
40.7000007629395	260
40.7099990844727	253.33332824707
40.7200012207031	220
40.7299995422363	246.66667175293
40.7400016784668	266.666656494141
40.75	260
40.7599983215332	200
40.7700004577637	233.33332824707
40.7799987792969	233.33332824707
40.7900009155273	240
40.7999992370605	253.33332824707
40.810001373291	220
40.8199996948242	300
40.8300018310547	246.66667175293
40.8400001525879	166.66667175293
40.8499984741211	160
40.8600006103516	213.33332824707
40.8699989318848	193.33332824707
40.8800010681152	193.33332824707
40.8899993896484	160
40.9000015258789	220
40.9099998474121	260
40.9199981689453	246.66667175293
40.9300003051758	213.33332824707
40.939998626709	266.666656494141
40.9500007629395	240
40.9599990844727	246.66667175293
40.9700012207031	193.33332824707
40.9799995422363	213.33332824707
40.9900016784668	200
41	213.33332824707
41.0099983215332	226.66667175293
41.0200004577637	193.33332824707
41.0299987792969	226.66667175293
41.0400009155273	213.33332824707
41.0499992370605	173.33332824707
41.060001373291	253.33332824707
41.0699996948242	166.66667175293
41.0800018310547	186.66667175293
41.0900001525879	153.33332824707
41.0999984741211	193.33332824707
41.1100006103516	206.66667175293
41.1199989318848	186.66667175293
41.1300010681152	173.33332824707
41.1399993896484	233.33332824707
41.1500015258789	206.66667175293
41.1599998474121	173.33332824707
41.1699981689453	206.66667175293
41.1800003051758	166.66667175293
41.189998626709	146.66667175293
41.2000007629395	240
41.2099990844727	246.66667175293
41.2200012207031	240
41.2299995422363	206.66667175293
41.2400016784668	246.66667175293
41.25	186.66667175293
41.2599983215332	246.66667175293
41.2700004577637	173.33332824707
41.2799987792969	226.66667175293
41.2900009155273	200
41.2999992370605	193.33332824707
41.310001373291	226.66667175293
41.3199996948242	206.66667175293
41.3300018310547	206.66667175293
41.3400001525879	253.33332824707
41.3499984741211	166.66667175293
41.3600006103516	173.33332824707
41.3699989318848	226.66667175293
41.3800010681152	193.33332824707
41.3899993896484	226.66667175293
41.4000015258789	166.66667175293
41.4099998474121	240
41.4199981689453	266.666656494141
41.4300003051758	206.66667175293
41.439998626709	200
41.4500007629395	220
41.4599990844727	173.33332824707
41.4700012207031	253.33332824707
41.4799995422363	206.66667175293
41.4900016784668	226.66667175293
41.5	180
41.5099983215332	160
41.5200004577637	180
41.5299987792969	166.66667175293
41.5400009155273	180
41.5499992370605	233.33332824707
41.560001373291	193.33332824707
41.5699996948242	200
41.5800018310547	126.666664123535
41.5900001525879	173.33332824707
41.5999984741211	246.66667175293
41.6100006103516	193.33332824707
41.6199989318848	226.66667175293
41.6300010681152	220
41.6399993896484	220
41.6500015258789	166.66667175293
41.6599998474121	146.66667175293
41.6699981689453	133.33332824707
41.6800003051758	153.33332824707
41.689998626709	166.66667175293
41.7000007629395	193.33332824707
41.7099990844727	213.33332824707
41.7200012207031	180
41.7299995422363	173.33332824707
41.7400016784668	233.33332824707
41.75	160
41.7599983215332	226.66667175293
41.7700004577637	166.66667175293
41.7799987792969	166.66667175293
41.7900009155273	166.66667175293
41.7999992370605	173.33332824707
41.810001373291	220
41.8199996948242	193.33332824707
41.8300018310547	180
41.8400001525879	200
41.8499984741211	213.33332824707
41.8600006103516	246.66667175293
41.8699989318848	186.66667175293
41.8800010681152	140
41.8899993896484	166.66667175293
41.9000015258789	186.66667175293
41.9099998474121	166.66667175293
41.9199981689453	233.33332824707
41.9300003051758	233.33332824707
41.939998626709	206.66667175293
41.9500007629395	220
41.9599990844727	113.333335876465
41.9700012207031	166.66667175293
41.9799995422363	193.33332824707
41.9900016784668	160
42	160
42.0099983215332	220
42.0200004577637	260
42.0299987792969	193.33332824707
42.0400009155273	153.33332824707
42.0499992370605	126.666664123535
42.060001373291	146.66667175293
42.0699996948242	193.33332824707
42.0800018310547	153.33332824707
42.0900001525879	126.666664123535
42.0999984741211	186.66667175293
42.1100006103516	200
42.1199989318848	146.66667175293
42.1300010681152	193.33332824707
42.1399993896484	186.66667175293
42.1500015258789	200
42.1599998474121	160
42.1699981689453	140
42.1800003051758	193.33332824707
42.189998626709	173.33332824707
42.2000007629395	180
42.2099990844727	206.66667175293
42.2200012207031	173.33332824707
42.2299995422363	200
42.2400016784668	213.33332824707
42.25	173.33332824707
42.2599983215332	153.33332824707
42.2700004577637	220
42.2799987792969	186.66667175293
42.2900009155273	166.66667175293
42.2999992370605	173.33332824707
42.310001373291	200
42.3199996948242	146.66667175293
42.3300018310547	173.33332824707
42.3400001525879	140
42.3499984741211	153.33332824707
42.3600006103516	160
42.3699989318848	240
42.3800010681152	186.66667175293
42.3899993896484	200
42.4000015258789	166.66667175293
42.4099998474121	166.66667175293
42.4199981689453	106.666664123535
42.4300003051758	173.33332824707
42.439998626709	200
42.4500007629395	106.666664123535
42.4599990844727	146.66667175293
42.4700012207031	166.66667175293
42.4799995422363	200
42.4900016784668	166.66667175293
42.5	140
42.5099983215332	200
42.5200004577637	133.33332824707
42.5299987792969	173.33332824707
42.5400009155273	180
42.5499992370605	120
42.560001373291	140
42.5699996948242	133.33332824707
42.5800018310547	160
42.5900001525879	120
42.5999984741211	166.66667175293
42.6100006103516	180
42.6199989318848	120
42.6300010681152	140
42.6399993896484	153.33332824707
42.6500015258789	186.66667175293
42.6599998474121	133.33332824707
42.6699981689453	146.66667175293
42.6800003051758	153.33332824707
42.689998626709	113.333335876465
42.7000007629395	153.33332824707
42.7099990844727	160
42.7200012207031	146.66667175293
42.7299995422363	160
42.7400016784668	133.33332824707
42.75	153.33332824707
42.7599983215332	186.66667175293
42.7700004577637	186.66667175293
42.7799987792969	126.666664123535
42.7900009155273	173.33332824707
42.7999992370605	133.33332824707
42.810001373291	113.333335876465
42.8199996948242	133.33332824707
42.8300018310547	160
42.8400001525879	193.33332824707
42.8499984741211	173.33332824707
42.8600006103516	180
42.8699989318848	193.33332824707
42.8800010681152	126.666664123535
42.8899993896484	193.33332824707
42.9000015258789	126.666664123535
42.9099998474121	120
42.9199981689453	126.666664123535
42.9300003051758	146.66667175293
42.939998626709	113.333335876465
42.9500007629395	180
42.9599990844727	120
42.9700012207031	113.333335876465
42.9799995422363	153.33332824707
42.9900016784668	186.66667175293
43	186.66667175293
43.0099983215332	166.66667175293
43.0200004577637	213.33332824707
43.0299987792969	200
43.0400009155273	166.66667175293
43.0499992370605	126.666664123535
43.060001373291	140
43.0699996948242	133.33332824707
43.0800018310547	86.6666641235352
43.0900001525879	126.666664123535
43.0999984741211	140
43.1100006103516	173.33332824707
43.1199989318848	206.66667175293
43.1300010681152	140
43.1399993896484	93.3333358764648
43.1500015258789	146.66667175293
43.1599998474121	140
43.1699981689453	93.3333358764648
43.1800003051758	133.33332824707
43.189998626709	160
43.2000007629395	153.33332824707
43.2099990844727	193.33332824707
43.2200012207031	106.666664123535
43.2299995422363	160
43.2400016784668	160
43.25	140
43.2599983215332	133.33332824707
43.2700004577637	173.33332824707
43.2799987792969	180
43.2900009155273	133.33332824707
43.2999992370605	166.66667175293
43.310001373291	173.33332824707
43.3199996948242	173.33332824707
43.3300018310547	166.66667175293
43.3400001525879	126.666664123535
43.3499984741211	180
43.3600006103516	133.33332824707
43.3699989318848	133.33332824707
43.3800010681152	166.66667175293
43.3899993896484	186.66667175293
43.4000015258789	146.66667175293
43.4099998474121	153.33332824707
43.4199981689453	120
43.4300003051758	106.666664123535
43.439998626709	140
43.4500007629395	153.33332824707
43.4599990844727	160
43.4700012207031	153.33332824707
43.4799995422363	126.666664123535
43.4900016784668	146.66667175293
43.5	133.33332824707
43.5099983215332	146.66667175293
43.5200004577637	186.66667175293
43.5299987792969	153.33332824707
43.5400009155273	166.66667175293
43.5499992370605	166.66667175293
43.560001373291	146.66667175293
43.5699996948242	193.33332824707
43.5800018310547	166.66667175293
43.5900001525879	120
43.5999984741211	133.33332824707
43.6100006103516	113.333335876465
43.6199989318848	106.666664123535
43.6300010681152	93.3333358764648
43.6399993896484	106.666664123535
43.6500015258789	140
43.6599998474121	173.33332824707
43.6699981689453	153.33332824707
43.6800003051758	166.66667175293
43.689998626709	160
43.7000007629395	140
43.7099990844727	146.66667175293
43.7200012207031	173.33332824707
43.7299995422363	140
43.7400016784668	173.33332824707
43.75	133.33332824707
43.7599983215332	113.333335876465
43.7700004577637	173.33332824707
43.7799987792969	126.666664123535
43.7900009155273	120
43.7999992370605	120
43.810001373291	113.333335876465
43.8199996948242	140
43.8300018310547	126.666664123535
43.8400001525879	140
43.8499984741211	120
43.8600006103516	180
43.8699989318848	173.33332824707
43.8800010681152	133.33332824707
43.8899993896484	160
43.9000015258789	193.33332824707
43.9099998474121	140
43.9199981689453	133.33332824707
43.9300003051758	186.66667175293
43.939998626709	100
43.9500007629395	133.33332824707
43.9599990844727	113.333335876465
43.9700012207031	193.33332824707
43.9799995422363	120
43.9900016784668	153.33332824707
44	200
44.0099983215332	120
44.0200004577637	173.33332824707
44.0299987792969	146.66667175293
44.0400009155273	133.33332824707
44.0499992370605	133.33332824707
44.060001373291	133.33332824707
44.0699996948242	93.3333358764648
44.0800018310547	160
44.0900001525879	166.66667175293
44.0999984741211	166.66667175293
44.1100006103516	113.333335876465
44.1199989318848	120
44.1300010681152	113.333335876465
44.1399993896484	153.33332824707
44.1500015258789	173.33332824707
44.1599998474121	120
44.1699981689453	166.66667175293
44.1800003051758	146.66667175293
44.189998626709	166.66667175293
44.2000007629395	140
44.2099990844727	166.66667175293
44.2200012207031	126.666664123535
44.2299995422363	133.33332824707
44.2400016784668	106.666664123535
44.25	133.33332824707
44.2599983215332	153.33332824707
44.2700004577637	120
44.2799987792969	120
44.2900009155273	126.666664123535
44.2999992370605	186.66667175293
44.310001373291	113.333335876465
44.3199996948242	120
44.3300018310547	173.33332824707
44.3400001525879	140
44.3499984741211	153.33332824707
44.3600006103516	113.333335876465
44.3699989318848	153.33332824707
44.3800010681152	166.66667175293
44.3899993896484	180
44.4000015258789	126.666664123535
44.4099998474121	80
44.4199981689453	146.66667175293
44.4300003051758	80
44.439998626709	173.33332824707
44.4500007629395	166.66667175293
44.4599990844727	166.66667175293
44.4700012207031	166.66667175293
44.4799995422363	120
44.4900016784668	146.66667175293
44.5	160
44.5099983215332	126.666664123535
44.5200004577637	113.333335876465
44.5299987792969	173.33332824707
44.5400009155273	126.666664123535
44.5499992370605	153.33332824707
44.560001373291	140
44.5699996948242	180
44.5800018310547	146.66667175293
44.5900001525879	153.33332824707
44.5999984741211	126.666664123535
44.6100006103516	126.666664123535
44.6199989318848	173.33332824707
44.6300010681152	120
44.6399993896484	126.666664123535
44.6500015258789	113.333335876465
44.6599998474121	186.66667175293
44.6699981689453	146.66667175293
44.6800003051758	140
44.689998626709	180
44.7000007629395	186.66667175293
44.7099990844727	106.666664123535
44.7200012207031	113.333335876465
44.7299995422363	140
44.7400016784668	146.66667175293
44.75	93.3333358764648
44.7599983215332	140
44.7700004577637	113.333335876465
44.7799987792969	106.666664123535
44.7900009155273	153.33332824707
44.7999992370605	93.3333358764648
44.810001373291	113.333335876465
44.8199996948242	100
44.8300018310547	133.33332824707
44.8400001525879	140
44.8499984741211	80
44.8600006103516	120
44.8699989318848	166.66667175293
44.8800010681152	146.66667175293
44.8899993896484	153.33332824707
44.9000015258789	106.666664123535
44.9099998474121	106.666664123535
44.9199981689453	153.33332824707
44.9300003051758	140
44.939998626709	173.33332824707
44.9500007629395	160
44.9599990844727	140
44.9700012207031	180
44.9799995422363	133.33332824707
44.9900016784668	113.333335876465
45	120
45.0099983215332	160
45.0200004577637	140
45.0299987792969	113.333335876465
45.0400009155273	180
45.0499992370605	173.33332824707
45.060001373291	200
45.0699996948242	133.33332824707
45.0800018310547	106.666664123535
45.0900001525879	140
45.0999984741211	80
45.1100006103516	106.666664123535
45.1199989318848	113.333335876465
45.1300010681152	140
45.1399993896484	166.66667175293
45.1500015258789	166.66667175293
45.1599998474121	86.6666641235352
45.1699981689453	100
45.1800003051758	120
45.189998626709	173.33332824707
45.2000007629395	146.66667175293
45.2099990844727	93.3333358764648
45.2200012207031	120
45.2299995422363	133.33332824707
45.2400016784668	133.33332824707
45.25	200
45.2599983215332	140
45.2700004577637	126.666664123535
45.2799987792969	93.3333358764648
45.2900009155273	93.3333358764648
45.2999992370605	100
45.310001373291	120
45.3199996948242	153.33332824707
45.3300018310547	146.66667175293
45.3400001525879	113.333335876465
45.3499984741211	140
45.3600006103516	80
45.3699989318848	100
45.3800010681152	100
45.3899993896484	80
45.4000015258789	213.33332824707
45.4099998474121	113.333335876465
45.4199981689453	106.666664123535
45.4300003051758	160
45.439998626709	200
45.4500007629395	106.666664123535
45.4599990844727	73.3333358764648
45.4700012207031	153.33332824707
45.4799995422363	80
45.4900016784668	146.66667175293
45.5	140
45.5099983215332	100
45.5200004577637	113.333335876465
45.5299987792969	106.666664123535
45.5400009155273	133.33332824707
45.5499992370605	140
45.560001373291	140
45.5699996948242	100
45.5800018310547	146.66667175293
45.5900001525879	133.33332824707
45.5999984741211	140
45.6100006103516	140
45.6199989318848	106.666664123535
45.6300010681152	153.33332824707
45.6399993896484	146.66667175293
45.6500015258789	113.333335876465
45.6599998474121	160
45.6699981689453	120
45.6800003051758	153.33332824707
45.689998626709	106.666664123535
45.7000007629395	100
45.7099990844727	153.33332824707
45.7200012207031	126.666664123535
45.7299995422363	113.333335876465
45.7400016784668	100
45.75	133.33332824707
45.7599983215332	180
45.7700004577637	100
45.7799987792969	120
45.7900009155273	100
45.7999992370605	160
45.810001373291	153.33332824707
45.8199996948242	113.333335876465
45.8300018310547	93.3333358764648
45.8400001525879	120
45.8499984741211	113.333335876465
45.8600006103516	166.66667175293
45.8699989318848	113.333335876465
45.8800010681152	133.33332824707
45.8899993896484	133.33332824707
45.9000015258789	140
45.9099998474121	106.666664123535
45.9199981689453	120
45.9300003051758	120
45.939998626709	153.33332824707
45.9500007629395	113.333335876465
45.9599990844727	100
45.9700012207031	133.33332824707
45.9799995422363	126.666664123535
45.9900016784668	73.3333358764648
46	140
46.0099983215332	133.33332824707
46.0200004577637	113.333335876465
46.0299987792969	80
46.0400009155273	153.33332824707
46.0499992370605	93.3333358764648
46.060001373291	66.6666641235352
46.0699996948242	100
46.0800018310547	153.33332824707
46.0900001525879	100
46.0999984741211	153.33332824707
46.1100006103516	160
46.1199989318848	126.666664123535
46.1300010681152	73.3333358764648
46.1399993896484	160
46.1500015258789	126.666664123535
46.1599998474121	126.666664123535
46.1699981689453	140
46.1800003051758	140
46.189998626709	120
46.2000007629395	60
46.2099990844727	166.66667175293
46.2200012207031	133.33332824707
46.2299995422363	120
46.2400016784668	160
46.25	140
46.2599983215332	100
46.2700004577637	113.333335876465
46.2799987792969	126.666664123535
46.2900009155273	180
46.2999992370605	160
46.310001373291	140
46.3199996948242	160
46.3300018310547	106.666664123535
46.3400001525879	166.66667175293
46.3499984741211	133.33332824707
46.3600006103516	166.66667175293
46.3699989318848	160
46.3800010681152	146.66667175293
46.3899993896484	73.3333358764648
46.4000015258789	113.333335876465
46.4099998474121	120
46.4199981689453	113.333335876465
46.4300003051758	153.33332824707
46.439998626709	113.333335876465
46.4500007629395	80
46.4599990844727	126.666664123535
46.4700012207031	153.33332824707
46.4799995422363	106.666664123535
46.4900016784668	113.333335876465
46.5	113.333335876465
46.5099983215332	120
46.5200004577637	160
46.5299987792969	93.3333358764648
46.5400009155273	133.33332824707
46.5499992370605	140
46.560001373291	166.66667175293
46.5699996948242	220
46.5800018310547	113.333335876465
46.5900001525879	180
46.5999984741211	180
46.6100006103516	106.666664123535
46.6199989318848	100
46.6300010681152	140
46.6399993896484	126.666664123535
46.6500015258789	60
46.6599998474121	126.666664123535
46.6699981689453	120
46.6800003051758	126.666664123535
46.689998626709	140
46.7000007629395	113.333335876465
46.7099990844727	126.666664123535
46.7200012207031	93.3333358764648
46.7299995422363	140
46.7400016784668	140
46.75	100
46.7599983215332	100
46.7700004577637	140
46.7799987792969	80
46.7900009155273	93.3333358764648
46.7999992370605	133.33332824707
46.810001373291	106.666664123535
46.8199996948242	126.666664123535
46.8300018310547	80
46.8400001525879	93.3333358764648
46.8499984741211	60
46.8600006103516	86.6666641235352
46.8699989318848	113.333335876465
46.8800010681152	146.66667175293
46.8899993896484	93.3333358764648
46.9000015258789	160
46.9099998474121	146.66667175293
46.9199981689453	133.33332824707
46.9300003051758	153.33332824707
46.939998626709	146.66667175293
46.9500007629395	86.6666641235352
46.9599990844727	180
46.9700012207031	120
46.9799995422363	106.666664123535
46.9900016784668	106.666664123535
47	93.3333358764648
47.0099983215332	133.33332824707
47.0200004577637	160
47.0299987792969	140
47.0400009155273	106.666664123535
47.0499992370605	133.33332824707
47.060001373291	146.66667175293
47.0699996948242	146.66667175293
47.0800018310547	113.333335876465
47.0900001525879	93.3333358764648
47.0999984741211	120
47.1100006103516	133.33332824707
47.1199989318848	106.666664123535
47.1300010681152	126.666664123535
47.1399993896484	113.333335876465
47.1500015258789	113.333335876465
47.1599998474121	113.333335876465
47.1699981689453	120
47.1800003051758	80
47.189998626709	166.66667175293
47.2000007629395	153.33332824707
47.2099990844727	113.333335876465
47.2200012207031	86.6666641235352
47.2299995422363	120
47.2400016784668	106.666664123535
47.25	140
47.2599983215332	133.33332824707
47.2700004577637	106.666664123535
47.2799987792969	126.666664123535
47.2900009155273	66.6666641235352
47.2999992370605	93.3333358764648
47.310001373291	106.666664123535
47.3199996948242	106.666664123535
47.3300018310547	66.6666641235352
47.3400001525879	93.3333358764648
47.3499984741211	86.6666641235352
47.3600006103516	113.333335876465
47.3699989318848	153.33332824707
47.3800010681152	126.666664123535
47.3899993896484	140
47.4000015258789	120
47.4099998474121	73.3333358764648
47.4199981689453	100
47.4300003051758	86.6666641235352
47.439998626709	106.666664123535
47.4500007629395	86.6666641235352
47.4599990844727	66.6666641235352
47.4700012207031	140
47.4799995422363	133.33332824707
47.4900016784668	146.66667175293
47.5	166.66667175293
47.5099983215332	146.66667175293
47.5200004577637	213.33332824707
47.5299987792969	106.666664123535
47.5400009155273	100
47.5499992370605	160
47.560001373291	106.666664123535
47.5699996948242	126.666664123535
47.5800018310547	186.66667175293
47.5900001525879	100
47.5999984741211	133.33332824707
47.6100006103516	113.333335876465
47.6199989318848	140
47.6300010681152	133.33332824707
47.6399993896484	140
47.6500015258789	126.666664123535
47.6599998474121	193.33332824707
47.6699981689453	160
47.6800003051758	173.33332824707
47.689998626709	193.33332824707
47.7000007629395	146.66667175293
47.7099990844727	133.33332824707
47.7200012207031	113.333335876465
47.7299995422363	93.3333358764648
47.7400016784668	86.6666641235352
47.75	153.33332824707
47.7599983215332	153.33332824707
47.7700004577637	93.3333358764648
47.7799987792969	186.66667175293
47.7900009155273	86.6666641235352
47.7999992370605	133.33332824707
47.810001373291	100
47.8199996948242	146.66667175293
47.8300018310547	120
47.8400001525879	126.666664123535
47.8499984741211	160
47.8600006103516	80
47.8699989318848	166.66667175293
47.8800010681152	120
47.8899993896484	66.6666641235352
47.9000015258789	113.333335876465
47.9099998474121	100
47.9199981689453	100
47.9300003051758	160
47.939998626709	146.66667175293
47.9500007629395	120
47.9599990844727	173.33332824707
47.9700012207031	113.333335876465
47.9799995422363	113.333335876465
47.9900016784668	140
48	140
48.0099983215332	146.66667175293
48.0200004577637	146.66667175293
48.0299987792969	113.333335876465
48.0400009155273	106.666664123535
48.0499992370605	133.33332824707
48.060001373291	120
48.0699996948242	113.333335876465
48.0800018310547	93.3333358764648
48.0900001525879	120
48.0999984741211	146.66667175293
48.1100006103516	113.333335876465
48.1199989318848	146.66667175293
48.1300010681152	133.33332824707
48.1399993896484	140
48.1500015258789	153.33332824707
48.1599998474121	180
48.1699981689453	126.666664123535
48.1800003051758	126.666664123535
48.189998626709	113.333335876465
48.2000007629395	113.333335876465
48.2099990844727	80
48.2200012207031	100
48.2299995422363	146.66667175293
48.2400016784668	146.66667175293
48.25	100
48.2599983215332	153.33332824707
48.2700004577637	153.33332824707
48.2799987792969	93.3333358764648
48.2900009155273	153.33332824707
48.2999992370605	133.33332824707
48.310001373291	126.666664123535
48.3199996948242	206.66667175293
48.3300018310547	173.33332824707
48.3400001525879	160
48.3499984741211	100
48.3600006103516	80
48.3699989318848	73.3333358764648
48.3800010681152	146.66667175293
48.3899993896484	100
48.4000015258789	126.666664123535
48.4099998474121	206.66667175293
48.4199981689453	113.333335876465
48.4300003051758	126.666664123535
48.439998626709	126.666664123535
48.4500007629395	113.333335876465
48.4599990844727	133.33332824707
48.4700012207031	100
48.4799995422363	146.66667175293
48.4900016784668	106.666664123535
48.5	100
48.5099983215332	93.3333358764648
48.5200004577637	160
48.5299987792969	160
48.5400009155273	140
48.5499992370605	140
48.560001373291	93.3333358764648
48.5699996948242	106.666664123535
48.5800018310547	106.666664123535
48.5900001525879	120
48.5999984741211	140
48.6100006103516	160
48.6199989318848	146.66667175293
48.6300010681152	133.33332824707
48.6399993896484	113.333335876465
48.6500015258789	160
48.6599998474121	133.33332824707
48.6699981689453	153.33332824707
48.6800003051758	113.333335876465
48.689998626709	140
48.7000007629395	140
48.7099990844727	106.666664123535
48.7200012207031	86.6666641235352
48.7299995422363	126.666664123535
48.7400016784668	126.666664123535
48.75	153.33332824707
48.7599983215332	86.6666641235352
48.7700004577637	86.6666641235352
48.7799987792969	106.666664123535
48.7900009155273	133.33332824707
48.7999992370605	93.3333358764648
48.810001373291	173.33332824707
48.8199996948242	140
48.8300018310547	106.666664123535
48.8400001525879	133.33332824707
48.8499984741211	113.333335876465
48.8600006103516	86.6666641235352
48.8699989318848	80
48.8800010681152	86.6666641235352
48.8899993896484	93.3333358764648
48.9000015258789	113.333335876465
48.9099998474121	133.33332824707
48.9199981689453	120
48.9300003051758	166.66667175293
48.939998626709	120
48.9500007629395	133.33332824707
48.9599990844727	160
48.9700012207031	146.66667175293
48.9799995422363	120
48.9900016784668	106.666664123535
49	93.3333358764648
49.0099983215332	113.333335876465
49.0200004577637	133.33332824707
49.0299987792969	153.33332824707
49.0400009155273	140
49.0499992370605	113.333335876465
49.060001373291	146.66667175293
49.0699996948242	86.6666641235352
49.0800018310547	86.6666641235352
49.0900001525879	126.666664123535
49.0999984741211	113.333335876465
49.1100006103516	93.3333358764648
49.1199989318848	126.666664123535
49.1300010681152	100
49.1399993896484	126.666664123535
49.1500015258789	140
49.1599998474121	113.333335876465
49.1699981689453	140
49.1800003051758	140
49.189998626709	126.666664123535
49.2000007629395	100
49.2099990844727	86.6666641235352
49.2200012207031	93.3333358764648
49.2299995422363	86.6666641235352
49.2400016784668	120
49.25	73.3333358764648
49.2599983215332	93.3333358764648
49.2700004577637	113.333335876465
49.2799987792969	146.66667175293
49.2900009155273	133.33332824707
49.2999992370605	60
49.310001373291	140
49.3199996948242	86.6666641235352
49.3300018310547	113.333335876465
49.3400001525879	133.33332824707
49.3499984741211	120
49.3600006103516	126.666664123535
49.3699989318848	146.66667175293
49.3800010681152	120
49.3899993896484	100
49.4000015258789	106.666664123535
49.4099998474121	100
49.4199981689453	100
49.4300003051758	106.666664123535
49.439998626709	133.33332824707
49.4500007629395	133.33332824707
49.4599990844727	100
49.4700012207031	126.666664123535
49.4799995422363	146.66667175293
49.4900016784668	100
49.5	133.33332824707
49.5099983215332	93.3333358764648
49.5200004577637	120
49.5299987792969	106.666664123535
49.5400009155273	120
49.5499992370605	120
49.560001373291	126.666664123535
49.5699996948242	140
49.5800018310547	153.33332824707
49.5900001525879	166.66667175293
49.5999984741211	106.666664123535
49.6100006103516	120
49.6199989318848	86.6666641235352
49.6300010681152	106.666664123535
49.6399993896484	140
49.6500015258789	133.33332824707
49.6599998474121	126.666664123535
49.6699981689453	100
49.6800003051758	120
49.689998626709	120
49.7000007629395	133.33332824707
49.7099990844727	193.33332824707
49.7200012207031	126.666664123535
49.7299995422363	126.666664123535
49.7400016784668	106.666664123535
49.75	146.66667175293
49.7599983215332	86.6666641235352
49.7700004577637	113.333335876465
49.7799987792969	126.666664123535
49.7900009155273	113.333335876465
49.7999992370605	126.666664123535
49.810001373291	80
49.8199996948242	86.6666641235352
49.8300018310547	113.333335876465
49.8400001525879	113.333335876465
49.8499984741211	100
49.8600006103516	146.66667175293
49.8699989318848	106.666664123535
49.8800010681152	100
49.8899993896484	120
49.9000015258789	93.3333358764648
49.9099998474121	133.33332824707
49.9199981689453	133.33332824707
49.9300003051758	113.333335876465
49.939998626709	126.666664123535
49.9500007629395	86.6666641235352
49.9599990844727	80
49.9700012207031	133.33332824707
49.9799995422363	160
49.9900016784668	166.66667175293
50	100
50.0099983215332	126.666664123535
50.0200004577637	146.66667175293
50.0299987792969	140
50.0400009155273	180
50.0499992370605	146.66667175293
50.060001373291	86.6666641235352
50.0699996948242	160
50.0800018310547	120
50.0900001525879	106.666664123535
50.0999984741211	120
50.1100006103516	146.66667175293
50.1199989318848	93.3333358764648
50.1300010681152	153.33332824707
50.1399993896484	126.666664123535
50.1500015258789	113.333335876465
50.1599998474121	153.33332824707
50.1699981689453	113.333335876465
50.1800003051758	133.33332824707
50.189998626709	113.333335876465
50.2000007629395	213.33332824707
50.2099990844727	186.66667175293
50.2200012207031	166.66667175293
50.2299995422363	106.666664123535
50.2400016784668	93.3333358764648
50.25	106.666664123535
50.2599983215332	93.3333358764648
50.2700004577637	93.3333358764648
50.2799987792969	133.33332824707
50.2900009155273	100
50.2999992370605	80
50.310001373291	173.33332824707
50.3199996948242	106.666664123535
50.3300018310547	140
50.3400001525879	106.666664123535
50.3499984741211	146.66667175293
50.3600006103516	153.33332824707
50.3699989318848	100
50.3800010681152	160
50.3899993896484	113.333335876465
50.4000015258789	126.666664123535
50.4099998474121	80
50.4199981689453	106.666664123535
50.4300003051758	160
50.439998626709	146.66667175293
50.4500007629395	80
50.4599990844727	93.3333358764648
50.4700012207031	106.666664123535
50.4799995422363	93.3333358764648
50.4900016784668	133.33332824707
50.5	113.333335876465
50.5099983215332	133.33332824707
50.5200004577637	160
50.5299987792969	153.33332824707
50.5400009155273	100
50.5499992370605	133.33332824707
50.560001373291	133.33332824707
50.5699996948242	153.33332824707
50.5800018310547	66.6666641235352
50.5900001525879	140
50.5999984741211	120
50.6100006103516	133.33332824707
50.6199989318848	126.666664123535
50.6300010681152	166.66667175293
50.6399993896484	173.33332824707
50.6500015258789	140
50.6599998474121	113.333335876465
50.6699981689453	140
50.6800003051758	113.333335876465
50.689998626709	113.333335876465
50.7000007629395	113.333335876465
50.7099990844727	113.333335876465
50.7200012207031	140
50.7299995422363	60
50.7400016784668	140
50.75	146.66667175293
50.7599983215332	126.666664123535
50.7700004577637	126.666664123535
50.7799987792969	106.666664123535
50.7900009155273	80
50.7999992370605	133.33332824707
50.810001373291	113.333335876465
50.8199996948242	106.666664123535
50.8300018310547	146.66667175293
50.8400001525879	113.333335876465
50.8499984741211	133.33332824707
50.8600006103516	86.6666641235352
50.8699989318848	113.333335876465
50.8800010681152	120
50.8899993896484	93.3333358764648
50.9000015258789	126.666664123535
50.9099998474121	86.6666641235352
50.9199981689453	106.666664123535
50.9300003051758	100
50.939998626709	106.666664123535
50.9500007629395	133.33332824707
50.9599990844727	186.66667175293
50.9700012207031	100
50.9799995422363	113.333335876465
50.9900016784668	106.666664123535
51	80
51.0099983215332	153.33332824707
51.0200004577637	146.66667175293
51.0299987792969	153.33332824707
51.0400009155273	146.66667175293
51.0499992370605	133.33332824707
51.060001373291	133.33332824707
51.0699996948242	126.666664123535
51.0800018310547	113.333335876465
51.0900001525879	100
51.0999984741211	140
51.1100006103516	73.3333358764648
51.1199989318848	140
51.1300010681152	120
51.1399993896484	153.33332824707
51.1500015258789	146.66667175293
51.1599998474121	106.666664123535
51.1699981689453	140
51.1800003051758	140
51.189998626709	106.666664123535
51.2000007629395	113.333335876465
51.2099990844727	113.333335876465
51.2200012207031	113.333335876465
51.2299995422363	180
51.2400016784668	153.33332824707
51.25	133.33332824707
51.2599983215332	120
51.2700004577637	173.33332824707
51.2799987792969	126.666664123535
51.2900009155273	126.666664123535
51.2999992370605	86.6666641235352
51.310001373291	80
51.3199996948242	113.333335876465
51.3300018310547	153.33332824707
51.3400001525879	126.666664123535
51.3499984741211	113.333335876465
51.3600006103516	100
51.3699989318848	153.33332824707
51.3800010681152	100
51.3899993896484	140
51.4000015258789	140
51.4099998474121	133.33332824707
51.4199981689453	126.666664123535
51.4300003051758	80
51.439998626709	93.3333358764648
51.4500007629395	153.33332824707
51.4599990844727	66.6666641235352
51.4700012207031	80
51.4799995422363	106.666664123535
51.4900016784668	140
51.5	106.666664123535
51.5099983215332	126.666664123535
51.5200004577637	120
51.5299987792969	140
51.5400009155273	126.666664123535
51.5499992370605	120
51.560001373291	193.33332824707
51.5699996948242	133.33332824707
51.5800018310547	86.6666641235352
51.5900001525879	126.666664123535
51.5999984741211	86.6666641235352
51.6100006103516	113.333335876465
51.6199989318848	60
51.6300010681152	93.3333358764648
51.6399993896484	113.333335876465
51.6500015258789	133.33332824707
51.6599998474121	153.33332824707
51.6699981689453	106.666664123535
51.6800003051758	160
51.689998626709	120
51.7000007629395	133.33332824707
51.7099990844727	113.333335876465
51.7200012207031	126.666664123535
51.7299995422363	146.66667175293
51.7400016784668	126.666664123535
51.75	146.66667175293
51.7599983215332	126.666664123535
51.7700004577637	106.666664123535
51.7799987792969	146.66667175293
51.7900009155273	93.3333358764648
51.7999992370605	133.33332824707
51.810001373291	113.333335876465
51.8199996948242	193.33332824707
51.8300018310547	133.33332824707
51.8400001525879	106.666664123535
51.8499984741211	126.666664123535
51.8600006103516	66.6666641235352
51.8699989318848	93.3333358764648
51.8800010681152	160
51.8899993896484	146.66667175293
51.9000015258789	100
51.9099998474121	166.66667175293
51.9199981689453	180
51.9300003051758	186.66667175293
51.939998626709	86.6666641235352
51.9500007629395	146.66667175293
51.9599990844727	140
51.9700012207031	166.66667175293
51.9799995422363	173.33332824707
51.9900016784668	133.33332824707
52	126.666664123535
52.0099983215332	126.666664123535
52.0200004577637	126.666664123535
52.0299987792969	160
52.0400009155273	153.33332824707
52.0499992370605	133.33332824707
52.060001373291	133.33332824707
52.0699996948242	133.33332824707
52.0800018310547	120
52.0900001525879	153.33332824707
52.0999984741211	140
52.1100006103516	106.666664123535
52.1199989318848	113.333335876465
52.1300010681152	113.333335876465
52.1399993896484	126.666664123535
52.1500015258789	160
52.1599998474121	153.33332824707
52.1699981689453	153.33332824707
52.1800003051758	186.66667175293
52.189998626709	113.333335876465
52.2000007629395	146.66667175293
52.2099990844727	180
52.2200012207031	133.33332824707
52.2299995422363	173.33332824707
52.2400016784668	106.666664123535
52.25	106.666664123535
52.2599983215332	133.33332824707
52.2700004577637	126.666664123535
52.2799987792969	140
52.2900009155273	186.66667175293
52.2999992370605	200
52.310001373291	166.66667175293
52.3199996948242	140
52.3300018310547	160
52.3400001525879	213.33332824707
52.3499984741211	193.33332824707
52.3600006103516	180
52.3699989318848	180
52.3800010681152	173.33332824707
52.3899993896484	180
52.4000015258789	113.333335876465
52.4099998474121	100
52.4199981689453	126.666664123535
52.4300003051758	220
52.439998626709	166.66667175293
52.4500007629395	233.33332824707
52.4599990844727	126.666664123535
52.4700012207031	160
52.4799995422363	126.666664123535
52.4900016784668	146.66667175293
52.5	153.33332824707
52.5099983215332	193.33332824707
52.5200004577637	300
52.5299987792969	113.333335876465
52.5400009155273	153.33332824707
52.5499992370605	166.66667175293
52.560001373291	233.33332824707
52.5699996948242	193.33332824707
52.5800018310547	166.66667175293
52.5900001525879	160
52.5999984741211	153.33332824707
52.6100006103516	226.66667175293
52.6199989318848	186.66667175293
52.6300010681152	166.66667175293
52.6399993896484	120
52.6500015258789	186.66667175293
52.6599998474121	246.66667175293
52.6699981689453	226.66667175293
52.6800003051758	253.33332824707
52.689998626709	186.66667175293
52.7000007629395	266.666656494141
52.7099990844727	360
52.7200012207031	206.66667175293
52.7299995422363	246.66667175293
52.7400016784668	300
52.75	286.666656494141
52.7599983215332	293.333343505859
52.7700004577637	320
52.7799987792969	286.666656494141
52.7900009155273	400
52.7999992370605	406.666656494141
52.810001373291	380
52.8199996948242	453.333343505859
52.8300018310547	393.333343505859
52.8400001525879	500
52.8499984741211	566.666687011719
52.8600006103516	706.666687011719
52.8699989318848	760
52.8800010681152	806.666687011719
52.8899993896484	933.333312988281
52.9000015258789	1013.33331298828
52.9099998474121	1120
52.9199981689453	1253.33337402344
52.9300003051758	1400
52.939998626709	1520
52.9500007629395	1406.66662597656
52.9599990844727	1653.33337402344
52.9700012207031	1586.66662597656
52.9799995422363	1380
52.9900016784668	1313.33337402344
53	1266.66662597656
53.0099983215332	1306.66662597656
53.0200004577637	1253.33337402344
53.0299987792969	1026.66662597656
53.0400009155273	1073.33337402344
53.0499992370605	980
53.060001373291	1106.66662597656
53.0699996948242	1106.66662597656
53.0800018310547	1286.66662597656
53.0900001525879	1160
53.0999984741211	1073.33337402344
53.1100006103516	986.666687011719
53.1199989318848	1126.66662597656
53.1300010681152	846.666687011719
53.1399993896484	866.666687011719
53.1500015258789	733.333312988281
53.1599998474121	653.333312988281
53.1699981689453	600
53.1800003051758	486.666656494141
53.189998626709	526.666687011719
53.2000007629395	506.666656494141
53.2099990844727	340
53.2200012207031	413.333343505859
53.2299995422363	413.333343505859
53.2400016784668	386.666656494141
53.25	353.333343505859
53.2599983215332	333.333343505859
53.2700004577637	240
53.2799987792969	326.666656494141
53.2900009155273	266.666656494141
53.2999992370605	313.333343505859
53.310001373291	213.33332824707
53.3199996948242	246.66667175293
53.3300018310547	273.333343505859
53.3400001525879	273.333343505859
53.3499984741211	206.66667175293
53.3600006103516	233.33332824707
53.3699989318848	246.66667175293
53.3800010681152	180
53.3899993896484	213.33332824707
53.4000015258789	286.666656494141
53.4099998474121	166.66667175293
53.4199981689453	220
53.4300003051758	233.33332824707
53.439998626709	220
53.4500007629395	206.66667175293
53.4599990844727	246.66667175293
53.4700012207031	206.66667175293
53.4799995422363	266.666656494141
53.4900016784668	226.66667175293
53.5	186.66667175293
53.5099983215332	266.666656494141
53.5200004577637	233.33332824707
53.5299987792969	240
53.5400009155273	253.33332824707
53.5499992370605	146.66667175293
53.560001373291	193.33332824707
53.5699996948242	160
53.5800018310547	213.33332824707
53.5900001525879	233.33332824707
53.5999984741211	226.66667175293
53.6100006103516	173.33332824707
53.6199989318848	146.66667175293
53.6300010681152	173.33332824707
53.6399993896484	253.33332824707
53.6500015258789	166.66667175293
53.6599998474121	233.33332824707
53.6699981689453	273.333343505859
53.6800003051758	306.666656494141
53.689998626709	273.333343505859
53.7000007629395	280
53.7099990844727	200
53.7200012207031	246.66667175293
53.7299995422363	213.33332824707
53.7400016784668	200
53.75	186.66667175293
53.7599983215332	180
53.7700004577637	300
53.7799987792969	253.33332824707
53.7900009155273	233.33332824707
53.7999992370605	233.33332824707
53.810001373291	186.66667175293
53.8199996948242	220
53.8300018310547	233.33332824707
53.8400001525879	220
53.8499984741211	233.33332824707
53.8600006103516	280
53.8699989318848	200
53.8800010681152	233.33332824707
53.8899993896484	260
53.9000015258789	293.333343505859
53.9099998474121	240
53.9199981689453	260
53.9300003051758	213.33332824707
53.939998626709	246.66667175293
53.9500007629395	246.66667175293
53.9599990844727	266.666656494141
53.9700012207031	226.66667175293
53.9799995422363	293.333343505859
53.9900016784668	273.333343505859
54	280
54.0099983215332	273.333343505859
54.0200004577637	246.66667175293
54.0299987792969	206.66667175293
54.0400009155273	193.33332824707
54.0499992370605	280
54.060001373291	320
54.0699996948242	393.333343505859
54.0800018310547	246.66667175293
54.0900001525879	340
54.0999984741211	340
54.1100006103516	253.33332824707
54.1199989318848	273.333343505859
54.1300010681152	286.666656494141
54.1399993896484	293.333343505859
54.1500015258789	286.666656494141
54.1599998474121	286.666656494141
54.1699981689453	300
54.1800003051758	353.333343505859
54.189998626709	346.666656494141
54.2000007629395	260
54.2099990844727	326.666656494141
54.2200012207031	360
54.2299995422363	293.333343505859
54.2400016784668	286.666656494141
54.25	266.666656494141
54.2599983215332	273.333343505859
54.2700004577637	233.33332824707
54.2799987792969	326.666656494141
54.2900009155273	286.666656494141
54.2999992370605	246.66667175293
54.310001373291	246.66667175293
54.3199996948242	380
54.3300018310547	320
54.3400001525879	306.666656494141
54.3499984741211	226.66667175293
54.3600006103516	340
54.3699989318848	333.333343505859
54.3800010681152	280
54.3899993896484	306.666656494141
54.4000015258789	293.333343505859
54.4099998474121	353.333343505859
54.4199981689453	313.333343505859
54.4300003051758	266.666656494141
54.439998626709	286.666656494141
54.4500007629395	313.333343505859
54.4599990844727	353.333343505859
54.4700012207031	233.33332824707
54.4799995422363	240
54.4900016784668	273.333343505859
54.5	286.666656494141
54.5099983215332	360
54.5200004577637	280
54.5299987792969	360
54.5400009155273	280
54.5499992370605	233.33332824707
54.560001373291	293.333343505859
54.5699996948242	286.666656494141
54.5800018310547	266.666656494141
54.5900001525879	213.33332824707
54.5999984741211	360
54.6100006103516	293.333343505859
54.6199989318848	346.666656494141
54.6300010681152	346.666656494141
54.6399993896484	246.66667175293
54.6500015258789	360
54.6599998474121	266.666656494141
54.6699981689453	373.333343505859
54.6800003051758	313.333343505859
54.689998626709	300
54.7000007629395	306.666656494141
54.7099990844727	300
54.7200012207031	253.33332824707
54.7299995422363	386.666656494141
54.7400016784668	173.33332824707
54.75	326.666656494141
54.7599983215332	293.333343505859
54.7700004577637	313.333343505859
54.7799987792969	293.333343505859
54.7900009155273	266.666656494141
54.7999992370605	233.33332824707
54.810001373291	286.666656494141
54.8199996948242	280
54.8300018310547	293.333343505859
54.8400001525879	246.66667175293
54.8499984741211	300
54.8600006103516	280
54.8699989318848	220
54.8800010681152	300
54.8899993896484	273.333343505859
54.9000015258789	266.666656494141
54.9099998474121	260
54.9199981689453	213.33332824707
54.9300003051758	240
54.939998626709	266.666656494141
54.9500007629395	240
54.9599990844727	220
54.9700012207031	240
54.9799995422363	293.333343505859
54.9900016784668	366.666656494141
55	300
55.0099983215332	253.33332824707
55.0200004577637	220
55.0299987792969	266.666656494141
55.0400009155273	166.66667175293
55.0499992370605	246.66667175293
55.060001373291	266.666656494141
55.0699996948242	200
55.0800018310547	253.33332824707
55.0900001525879	286.666656494141
55.0999984741211	280
55.1100006103516	253.33332824707
55.1199989318848	240
55.1300010681152	226.66667175293
55.1399993896484	213.33332824707
55.1500015258789	260
55.1599998474121	280
55.1699981689453	213.33332824707
55.1800003051758	353.333343505859
55.189998626709	193.33332824707
55.2000007629395	253.33332824707
55.2099990844727	213.33332824707
55.2200012207031	200
55.2299995422363	206.66667175293
55.2400016784668	226.66667175293
55.25	240
55.2599983215332	240
55.2700004577637	240
55.2799987792969	260
55.2900009155273	233.33332824707
55.2999992370605	246.66667175293
55.310001373291	233.33332824707
55.3199996948242	280
55.3300018310547	146.66667175293
55.3400001525879	260
55.3499984741211	200
55.3600006103516	300
55.3699989318848	173.33332824707
55.3800010681152	173.33332824707
55.3899993896484	193.33332824707
55.4000015258789	246.66667175293
55.4099998474121	206.66667175293
55.4199981689453	226.66667175293
55.4300003051758	146.66667175293
55.439998626709	220
55.4500007629395	266.666656494141
55.4599990844727	233.33332824707
55.4700012207031	180
55.4799995422363	213.33332824707
55.4900016784668	246.66667175293
55.5	193.33332824707
55.5099983215332	200
55.5200004577637	193.33332824707
55.5299987792969	233.33332824707
55.5400009155273	166.66667175293
55.5499992370605	220
55.560001373291	140
55.5699996948242	173.33332824707
55.5800018310547	233.33332824707
55.5900001525879	173.33332824707
55.5999984741211	173.33332824707
55.6100006103516	200
55.6199989318848	200
55.6300010681152	226.66667175293
55.6399993896484	193.33332824707
55.6500015258789	200
55.6599998474121	240
55.6699981689453	253.33332824707
55.6800003051758	160
55.689998626709	153.33332824707
55.7000007629395	166.66667175293
55.7099990844727	146.66667175293
55.7200012207031	226.66667175293
55.7299995422363	186.66667175293
55.7400016784668	186.66667175293
55.75	186.66667175293
55.7599983215332	180
55.7700004577637	213.33332824707
55.7799987792969	133.33332824707
55.7900009155273	146.66667175293
55.7999992370605	153.33332824707
55.810001373291	200
55.8199996948242	180
55.8300018310547	240
55.8400001525879	206.66667175293
55.8499984741211	173.33332824707
55.8600006103516	153.33332824707
55.8699989318848	140
55.8800010681152	140
55.8899993896484	186.66667175293
55.9000015258789	200
55.9099998474121	193.33332824707
55.9199981689453	226.66667175293
55.9300003051758	206.66667175293
55.939998626709	186.66667175293
55.9500007629395	180
55.9599990844727	160
55.9700012207031	173.33332824707
55.9799995422363	186.66667175293
55.9900016784668	206.66667175293
56	213.33332824707
56.0099983215332	186.66667175293
56.0200004577637	186.66667175293
56.0299987792969	180
56.0400009155273	166.66667175293
56.0499992370605	153.33332824707
56.060001373291	200
56.0699996948242	166.66667175293
56.0800018310547	220
56.0900001525879	146.66667175293
56.0999984741211	146.66667175293
56.1100006103516	213.33332824707
56.1199989318848	153.33332824707
56.1300010681152	226.66667175293
56.1399993896484	180
56.1500015258789	166.66667175293
56.1599998474121	186.66667175293
56.1699981689453	213.33332824707
56.1800003051758	213.33332824707
56.189998626709	186.66667175293
56.2000007629395	186.66667175293
56.2099990844727	180
56.2200012207031	193.33332824707
56.2299995422363	140
56.2400016784668	186.66667175293
56.25	173.33332824707
56.2599983215332	206.66667175293
56.2700004577637	180
56.2799987792969	153.33332824707
56.2900009155273	233.33332824707
56.2999992370605	200
56.310001373291	113.333335876465
56.3199996948242	186.66667175293
56.3300018310547	113.333335876465
56.3400001525879	206.66667175293
56.3499984741211	153.33332824707
56.3600006103516	173.33332824707
56.3699989318848	186.66667175293
56.3800010681152	133.33332824707
56.3899993896484	200
56.4000015258789	200
56.4099998474121	173.33332824707
56.4199981689453	240
56.4300003051758	153.33332824707
56.439998626709	173.33332824707
56.4500007629395	200
56.4599990844727	206.66667175293
56.4700012207031	140
56.4799995422363	126.666664123535
56.4900016784668	220
56.5	160
56.5099983215332	166.66667175293
56.5200004577637	140
56.5299987792969	193.33332824707
56.5400009155273	186.66667175293
56.5499992370605	173.33332824707
56.560001373291	206.66667175293
56.5699996948242	193.33332824707
56.5800018310547	213.33332824707
56.5900001525879	186.66667175293
56.5999984741211	153.33332824707
56.6100006103516	180
56.6199989318848	153.33332824707
56.6300010681152	126.666664123535
56.6399993896484	180
56.6500015258789	126.666664123535
56.6599998474121	186.66667175293
56.6699981689453	173.33332824707
56.6800003051758	166.66667175293
56.689998626709	180
56.7000007629395	160
56.7099990844727	133.33332824707
56.7200012207031	106.666664123535
56.7299995422363	180
56.7400016784668	180
56.75	146.66667175293
56.7599983215332	186.66667175293
56.7700004577637	166.66667175293
56.7799987792969	146.66667175293
56.7900009155273	146.66667175293
56.7999992370605	173.33332824707
56.810001373291	166.66667175293
56.8199996948242	186.66667175293
56.8300018310547	200
56.8400001525879	146.66667175293
56.8499984741211	193.33332824707
56.8600006103516	173.33332824707
56.8699989318848	180
56.8800010681152	193.33332824707
56.8899993896484	140
56.9000015258789	133.33332824707
56.9099998474121	186.66667175293
56.9199981689453	146.66667175293
56.9300003051758	213.33332824707
56.939998626709	160
56.9500007629395	160
56.9599990844727	106.666664123535
56.9700012207031	180
56.9799995422363	200
56.9900016784668	193.33332824707
57	126.666664123535
57.0099983215332	173.33332824707
57.0200004577637	80
57.0299987792969	153.33332824707
57.0400009155273	126.666664123535
57.0499992370605	140
57.060001373291	140
57.0699996948242	153.33332824707
57.0800018310547	200
57.0900001525879	160
57.0999984741211	153.33332824707
57.1100006103516	146.66667175293
57.1199989318848	80
57.1300010681152	133.33332824707
57.1399993896484	133.33332824707
57.1500015258789	126.666664123535
57.1599998474121	120
57.1699981689453	220
57.1800003051758	140
57.189998626709	140
57.2000007629395	180
57.2099990844727	160
57.2200012207031	113.333335876465
57.2299995422363	133.33332824707
57.2400016784668	120
57.25	160
57.2599983215332	140
57.2700004577637	113.333335876465
57.2799987792969	146.66667175293
57.2900009155273	160
57.2999992370605	180
57.310001373291	173.33332824707
57.3199996948242	140
57.3300018310547	120
57.3400001525879	146.66667175293
57.3499984741211	126.666664123535
57.3600006103516	153.33332824707
57.3699989318848	140
57.3800010681152	126.666664123535
57.3899993896484	100
57.4000015258789	120
57.4099998474121	146.66667175293
57.4199981689453	113.333335876465
57.4300003051758	166.66667175293
57.439998626709	166.66667175293
57.4500007629395	173.33332824707
57.4599990844727	100
57.4700012207031	106.666664123535
57.4799995422363	166.66667175293
57.4900016784668	140
57.5	126.666664123535
57.5099983215332	140
57.5200004577637	140
57.5299987792969	106.666664123535
57.5400009155273	106.666664123535
57.5499992370605	113.333335876465
57.560001373291	100
57.5699996948242	133.33332824707
57.5800018310547	153.33332824707
57.5900001525879	200
57.5999984741211	140
57.6100006103516	93.3333358764648
57.6199989318848	106.666664123535
57.6300010681152	120
57.6399993896484	93.3333358764648
57.6500015258789	153.33332824707
57.6599998474121	153.33332824707
57.6699981689453	126.666664123535
57.6800003051758	93.3333358764648
57.689998626709	126.666664123535
57.7000007629395	100
57.7099990844727	166.66667175293
57.7200012207031	133.33332824707
57.7299995422363	120
57.7400016784668	93.3333358764648
57.75	126.666664123535
57.7599983215332	140
57.7700004577637	133.33332824707
57.7799987792969	193.33332824707
57.7900009155273	120
57.7999992370605	126.666664123535
57.810001373291	160
57.8199996948242	186.66667175293
57.8300018310547	126.666664123535
57.8400001525879	113.333335876465
57.8499984741211	140
57.8600006103516	113.333335876465
57.8699989318848	146.66667175293
57.8800010681152	153.33332824707
57.8899993896484	120
57.9000015258789	106.666664123535
57.9099998474121	86.6666641235352
57.9199981689453	140
57.9300003051758	146.66667175293
57.939998626709	120
57.9500007629395	166.66667175293
57.9599990844727	126.666664123535
57.9700012207031	173.33332824707
57.9799995422363	126.666664123535
57.9900016784668	126.666664123535
58	126.666664123535
58.0099983215332	126.666664123535
58.0200004577637	120
58.0299987792969	153.33332824707
58.0400009155273	126.666664123535
58.0499992370605	160
58.060001373291	113.333335876465
58.0699996948242	126.666664123535
58.0800018310547	146.66667175293
58.0900001525879	126.666664123535
58.0999984741211	153.33332824707
58.1100006103516	86.6666641235352
58.1199989318848	153.33332824707
58.1300010681152	126.666664123535
58.1399993896484	93.3333358764648
58.1500015258789	126.666664123535
58.1599998474121	120
58.1699981689453	140
58.1800003051758	133.33332824707
58.189998626709	126.666664123535
58.2000007629395	120
58.2099990844727	126.666664123535
58.2200012207031	140
58.2299995422363	140
58.2400016784668	140
58.25	146.66667175293
58.2599983215332	186.66667175293
58.2700004577637	113.333335876465
58.2799987792969	153.33332824707
58.2900009155273	153.33332824707
58.2999992370605	60
58.310001373291	120
58.3199996948242	146.66667175293
58.3300018310547	120
58.3400001525879	106.666664123535
58.3499984741211	126.666664123535
58.3600006103516	133.33332824707
58.3699989318848	100
58.3800010681152	93.3333358764648
58.3899993896484	126.666664123535
58.4000015258789	100
58.4099998474121	173.33332824707
58.4199981689453	133.33332824707
58.4300003051758	120
58.439998626709	140
58.4500007629395	133.33332824707
58.4599990844727	133.33332824707
58.4700012207031	93.3333358764648
58.4799995422363	93.3333358764648
58.4900016784668	146.66667175293
58.5	153.33332824707
58.5099983215332	140
58.5200004577637	113.333335876465
58.5299987792969	160
58.5400009155273	113.333335876465
58.5499992370605	80
58.560001373291	100
58.5699996948242	113.333335876465
58.5800018310547	140
58.5900001525879	106.666664123535
58.5999984741211	120
58.6100006103516	113.333335876465
58.6199989318848	140
58.6300010681152	126.666664123535
58.6399993896484	86.6666641235352
58.6500015258789	166.66667175293
58.6599998474121	140
58.6699981689453	113.333335876465
58.6800003051758	140
58.689998626709	113.333335876465
58.7000007629395	120
58.7099990844727	126.666664123535
58.7200012207031	126.666664123535
58.7299995422363	186.66667175293
58.7400016784668	140
58.75	113.333335876465
58.7599983215332	73.3333358764648
58.7700004577637	100
58.7799987792969	86.6666641235352
58.7900009155273	106.666664123535
58.7999992370605	120
58.810001373291	113.333335876465
58.8199996948242	100
58.8300018310547	140
58.8400001525879	133.33332824707
58.8499984741211	120
58.8600006103516	100
58.8699989318848	80
58.8800010681152	133.33332824707
58.8899993896484	113.333335876465
58.9000015258789	126.666664123535
58.9099998474121	153.33332824707
58.9199981689453	100
58.9300003051758	100
58.939998626709	146.66667175293
58.9500007629395	173.33332824707
58.9599990844727	146.66667175293
58.9700012207031	46.6666679382324
58.9799995422363	73.3333358764648
58.9900016784668	126.666664123535
59	140
59.0099983215332	113.333335876465
59.0200004577637	66.6666641235352
59.0299987792969	140
59.0400009155273	133.33332824707
59.0499992370605	73.3333358764648
59.060001373291	100
59.0699996948242	126.666664123535
59.0800018310547	86.6666641235352
59.0900001525879	100
59.0999984741211	93.3333358764648
59.1100006103516	80
59.1199989318848	73.3333358764648
59.1300010681152	100
59.1399993896484	86.6666641235352
59.1500015258789	133.33332824707
59.1599998474121	100
59.1699981689453	100
59.1800003051758	113.333335876465
59.189998626709	106.666664123535
59.2000007629395	106.666664123535
59.2099990844727	113.333335876465
59.2200012207031	140
59.2299995422363	106.666664123535
59.2400016784668	113.333335876465
59.25	126.666664123535
59.2599983215332	140
59.2700004577637	166.66667175293
59.2799987792969	100
59.2900009155273	146.66667175293
59.2999992370605	173.33332824707
59.310001373291	160
59.3199996948242	93.3333358764648
59.3300018310547	113.333335876465
59.3400001525879	80
59.3499984741211	86.6666641235352
59.3600006103516	120
59.3699989318848	113.333335876465
59.3800010681152	93.3333358764648
59.3899993896484	140
59.4000015258789	100
59.4099998474121	106.666664123535
59.4199981689453	106.666664123535
59.4300003051758	120
59.439998626709	93.3333358764648
59.4500007629395	80
59.4599990844727	140
59.4700012207031	113.333335876465
59.4799995422363	146.66667175293
59.4900016784668	153.33332824707
59.5	133.33332824707
59.5099983215332	120
59.5200004577637	113.333335876465
59.5299987792969	173.33332824707
59.5400009155273	166.66667175293
59.5499992370605	126.666664123535
59.560001373291	80
59.5699996948242	126.666664123535
59.5800018310547	113.333335876465
59.5900001525879	113.333335876465
59.5999984741211	120
59.6100006103516	106.666664123535
59.6199989318848	126.666664123535
59.6300010681152	113.333335876465
59.6399993896484	106.666664123535
59.6500015258789	133.33332824707
59.6599998474121	140
59.6699981689453	133.33332824707
59.6800003051758	140
59.689998626709	126.666664123535
59.7000007629395	113.333335876465
59.7099990844727	120
59.7200012207031	93.3333358764648
59.7299995422363	106.666664123535
59.7400016784668	86.6666641235352
59.75	80
59.7599983215332	73.3333358764648
59.7700004577637	160
59.7799987792969	106.666664123535
59.7900009155273	106.666664123535
59.7999992370605	133.33332824707
59.810001373291	86.6666641235352
59.8199996948242	113.333335876465
59.8300018310547	100
59.8400001525879	153.33332824707
59.8499984741211	93.3333358764648
59.8600006103516	113.333335876465
59.8699989318848	93.3333358764648
59.8800010681152	60
59.8899993896484	126.666664123535
59.9000015258789	113.333335876465
59.9099998474121	100
59.9199981689453	86.6666641235352
59.9300003051758	113.333335876465
59.939998626709	113.333335876465
59.9500007629395	80
59.9599990844727	120
59.9700012207031	100
59.9799995422363	106.666664123535
59.9900016784668	113.333335876465
60	133.33332824707
60.0099983215332	100
60.0200004577637	106.666664123535
60.0299987792969	180
60.0400009155273	100
60.0499992370605	133.33332824707
60.060001373291	106.666664123535
60.0699996948242	86.6666641235352
60.0800018310547	126.666664123535
60.0900001525879	113.333335876465
60.0999984741211	100
60.1100006103516	93.3333358764648
60.1199989318848	80
60.1300010681152	120
60.1399993896484	133.33332824707
60.1500015258789	126.666664123535
60.1599998474121	153.33332824707
60.1699981689453	133.33332824707
60.1800003051758	113.333335876465
60.189998626709	120
60.2000007629395	120
60.2099990844727	120
60.2200012207031	113.333335876465
60.2299995422363	100
60.2400016784668	80
60.25	93.3333358764648
60.2599983215332	120
60.2700004577637	106.666664123535
60.2799987792969	100
60.2900009155273	126.666664123535
60.2999992370605	180
60.310001373291	126.666664123535
60.3199996948242	146.66667175293
60.3300018310547	73.3333358764648
60.3400001525879	106.666664123535
60.3499984741211	106.666664123535
60.3600006103516	93.3333358764648
60.3699989318848	113.333335876465
60.3800010681152	100
60.3899993896484	113.333335876465
60.4000015258789	173.33332824707
60.4099998474121	146.66667175293
60.4199981689453	126.666664123535
60.4300003051758	133.33332824707
60.439998626709	106.666664123535
60.4500007629395	86.6666641235352
60.4599990844727	86.6666641235352
60.4700012207031	86.6666641235352
60.4799995422363	153.33332824707
60.4900016784668	100
60.5	80
60.5099983215332	106.666664123535
60.5200004577637	100
60.5299987792969	133.33332824707
60.5400009155273	113.333335876465
60.5499992370605	120
60.560001373291	133.33332824707
60.5699996948242	113.333335876465
60.5800018310547	100
60.5900001525879	73.3333358764648
60.5999984741211	120
60.6100006103516	120
60.6199989318848	126.666664123535
60.6300010681152	106.666664123535
60.6399993896484	106.666664123535
60.6500015258789	146.66667175293
60.6599998474121	106.666664123535
60.6699981689453	120
60.6800003051758	140
60.689998626709	93.3333358764648
60.7000007629395	126.666664123535
60.7099990844727	133.33332824707
60.7200012207031	80
60.7299995422363	126.666664123535
60.7400016784668	133.33332824707
60.75	140
60.7599983215332	120
60.7700004577637	113.333335876465
60.7799987792969	86.6666641235352
60.7900009155273	93.3333358764648
60.7999992370605	60
60.810001373291	106.666664123535
60.8199996948242	100
60.8300018310547	73.3333358764648
60.8400001525879	133.33332824707
60.8499984741211	140
60.8600006103516	86.6666641235352
60.8699989318848	106.666664123535
60.8800010681152	73.3333358764648
60.8899993896484	113.333335876465
60.9000015258789	133.33332824707
60.9099998474121	106.666664123535
60.9199981689453	113.333335876465
60.9300003051758	100
60.939998626709	126.666664123535
60.9500007629395	133.33332824707
60.9599990844727	86.6666641235352
60.9700012207031	106.666664123535
60.9799995422363	113.333335876465
60.9900016784668	100
61	93.3333358764648
61.0099983215332	113.333335876465
61.0200004577637	86.6666641235352
61.0299987792969	86.6666641235352
61.0400009155273	93.3333358764648
61.0499992370605	93.3333358764648
61.060001373291	140
61.0699996948242	120
61.0800018310547	86.6666641235352
61.0900001525879	106.666664123535
61.0999984741211	106.666664123535
61.1100006103516	126.666664123535
61.1199989318848	106.666664123535
61.1300010681152	133.33332824707
61.1399993896484	60
61.1500015258789	93.3333358764648
61.1599998474121	106.666664123535
61.1699981689453	113.333335876465
61.1800003051758	126.666664123535
61.189998626709	133.33332824707
61.2000007629395	120
61.2099990844727	86.6666641235352
61.2200012207031	86.6666641235352
61.2299995422363	106.666664123535
61.2400016784668	86.6666641235352
61.25	86.6666641235352
61.2599983215332	80
61.2700004577637	166.66667175293
61.2799987792969	160
61.2900009155273	86.6666641235352
61.2999992370605	86.6666641235352
61.310001373291	86.6666641235352
61.3199996948242	93.3333358764648
61.3300018310547	126.666664123535
61.3400001525879	126.666664123535
61.3499984741211	166.66667175293
61.3600006103516	80
61.3699989318848	153.33332824707
61.3800010681152	93.3333358764648
61.3899993896484	73.3333358764648
61.4000015258789	80
61.4099998474121	120
61.4199981689453	106.666664123535
61.4300003051758	120
61.439998626709	106.666664123535
61.4500007629395	93.3333358764648
61.4599990844727	86.6666641235352
61.4700012207031	80
61.4799995422363	133.33332824707
61.4900016784668	113.333335876465
61.5	100
61.5099983215332	86.6666641235352
61.5200004577637	106.666664123535
61.5299987792969	126.666664123535
61.5400009155273	93.3333358764648
61.5499992370605	106.666664123535
61.560001373291	73.3333358764648
61.5699996948242	80
61.5800018310547	100
61.5900001525879	93.3333358764648
61.5999984741211	120
61.6100006103516	93.3333358764648
61.6199989318848	113.333335876465
61.6300010681152	146.66667175293
61.6399993896484	86.6666641235352
61.6500015258789	86.6666641235352
61.6599998474121	120
61.6699981689453	113.333335876465
61.6800003051758	93.3333358764648
61.689998626709	133.33332824707
61.7000007629395	113.333335876465
61.7099990844727	106.666664123535
61.7200012207031	86.6666641235352
61.7299995422363	133.33332824707
61.7400016784668	106.666664123535
61.75	153.33332824707
61.7599983215332	126.666664123535
61.7700004577637	113.333335876465
61.7799987792969	153.33332824707
61.7900009155273	86.6666641235352
61.7999992370605	133.33332824707
61.810001373291	133.33332824707
61.8199996948242	120
61.8300018310547	106.666664123535
61.8400001525879	66.6666641235352
61.8499984741211	113.333335876465
61.8600006103516	113.333335876465
61.8699989318848	146.66667175293
61.8800010681152	86.6666641235352
61.8899993896484	113.333335876465
61.9000015258789	100
61.9099998474121	113.333335876465
61.9199981689453	93.3333358764648
61.9300003051758	120
61.939998626709	126.666664123535
61.9500007629395	100
61.9599990844727	93.3333358764648
61.9700012207031	106.666664123535
61.9799995422363	120
61.9900016784668	126.666664123535
62	153.33332824707
62.0099983215332	153.33332824707
62.0200004577637	126.666664123535
62.0299987792969	153.33332824707
62.0400009155273	66.6666641235352
62.0499992370605	73.3333358764648
62.060001373291	80
62.0699996948242	86.6666641235352
62.0800018310547	93.3333358764648
62.0900001525879	93.3333358764648
62.0999984741211	106.666664123535
62.1100006103516	86.6666641235352
62.1199989318848	106.666664123535
62.1300010681152	100
62.1399993896484	133.33332824707
62.1500015258789	113.333335876465
62.1599998474121	160
62.1699981689453	140
62.1800003051758	113.333335876465
62.189998626709	93.3333358764648
62.2000007629395	73.3333358764648
62.2099990844727	133.33332824707
62.2200012207031	80
62.2299995422363	113.333335876465
62.2400016784668	166.66667175293
62.25	133.33332824707
62.2599983215332	120
62.2700004577637	113.333335876465
62.2799987792969	80
62.2900009155273	100
62.2999992370605	86.6666641235352
62.310001373291	133.33332824707
62.3199996948242	160
62.3300018310547	140
62.3400001525879	146.66667175293
62.3499984741211	160
62.3600006103516	100
62.3699989318848	133.33332824707
62.3800010681152	133.33332824707
62.3899993896484	166.66667175293
62.4000015258789	100
62.4099998474121	153.33332824707
62.4199981689453	153.33332824707
62.4300003051758	120
62.439998626709	113.333335876465
62.4500007629395	133.33332824707
62.4599990844727	146.66667175293
62.4700012207031	140
62.4799995422363	133.33332824707
62.4900016784668	126.666664123535
62.5	133.33332824707
62.5099983215332	146.66667175293
62.5200004577637	140
62.5299987792969	173.33332824707
62.5400009155273	126.666664123535
62.5499992370605	86.6666641235352
62.560001373291	126.666664123535
62.5699996948242	120
62.5800018310547	106.666664123535
62.5900001525879	173.33332824707
62.5999984741211	133.33332824707
62.6100006103516	120
62.6199989318848	153.33332824707
62.6300010681152	153.33332824707
62.6399993896484	140
62.6500015258789	146.66667175293
62.6599998474121	106.666664123535
62.6699981689453	146.66667175293
62.6800003051758	193.33332824707
62.689998626709	133.33332824707
62.7000007629395	153.33332824707
62.7099990844727	180
62.7200012207031	213.33332824707
62.7299995422363	180
62.7400016784668	173.33332824707
62.75	146.66667175293
62.7599983215332	186.66667175293
62.7700004577637	220
62.7799987792969	213.33332824707
62.7900009155273	233.33332824707
62.7999992370605	193.33332824707
62.810001373291	226.66667175293
62.8199996948242	166.66667175293
62.8300018310547	226.66667175293
62.8400001525879	260
62.8499984741211	320
62.8600006103516	333.333343505859
62.8699989318848	320
62.8800010681152	280
62.8899993896484	326.666656494141
62.9000015258789	313.333343505859
62.9099998474121	366.666656494141
62.9199981689453	406.666656494141
62.9300003051758	360
62.939998626709	373.333343505859
62.9500007629395	320
62.9599990844727	286.666656494141
62.9700012207031	360
62.9799995422363	353.333343505859
62.9900016784668	260
63	293.333343505859
63.0099983215332	266.666656494141
63.0200004577637	233.33332824707
63.0299987792969	226.66667175293
63.0400009155273	333.333343505859
63.0499992370605	253.33332824707
63.060001373291	266.666656494141
63.0699996948242	193.33332824707
63.0800018310547	260
63.0900001525879	280
63.0999984741211	246.66667175293
63.1100006103516	200
63.1199989318848	213.33332824707
63.1300010681152	273.333343505859
63.1399993896484	220
63.1500015258789	160
63.1599998474121	180
63.1699981689453	180
63.1800003051758	180
63.189998626709	166.66667175293
63.2000007629395	160
63.2099990844727	160
63.2200012207031	166.66667175293
63.2299995422363	140
63.2400016784668	120
63.25	153.33332824707
63.2599983215332	140
63.2700004577637	113.333335876465
63.2799987792969	86.6666641235352
63.2900009155273	126.666664123535
63.2999992370605	146.66667175293
63.310001373291	126.666664123535
63.3199996948242	93.3333358764648
63.3300018310547	166.66667175293
63.3400001525879	146.66667175293
63.3499984741211	113.333335876465
63.3600006103516	133.33332824707
63.3699989318848	113.333335876465
63.3800010681152	93.3333358764648
63.3899993896484	140
63.4000015258789	153.33332824707
63.4099998474121	106.666664123535
63.4199981689453	140
63.4300003051758	140
63.439998626709	113.333335876465
63.4500007629395	133.33332824707
63.4599990844727	140
63.4700012207031	113.333335876465
63.4799995422363	160
63.4900016784668	80
63.5	166.66667175293
63.5099983215332	146.66667175293
63.5200004577637	180
63.5299987792969	153.33332824707
63.5400009155273	113.333335876465
63.5499992370605	113.333335876465
63.560001373291	146.66667175293
63.5699996948242	126.666664123535
63.5800018310547	126.666664123535
63.5900001525879	100
63.5999984741211	93.3333358764648
63.6100006103516	120
63.6199989318848	73.3333358764648
63.6300010681152	120
63.6399993896484	120
63.6500015258789	120
63.6599998474121	133.33332824707
63.6699981689453	146.66667175293
63.6800003051758	100
63.689998626709	133.33332824707
63.7000007629395	113.333335876465
63.7099990844727	120
63.7200012207031	160
63.7299995422363	100
63.7400016784668	93.3333358764648
63.75	126.666664123535
63.7599983215332	146.66667175293
63.7700004577637	93.3333358764648
63.7799987792969	100
63.7900009155273	93.3333358764648
63.7999992370605	100
63.810001373291	120
63.8199996948242	106.666664123535
63.8300018310547	100
63.8400001525879	140
63.8499984741211	100
63.8600006103516	140
63.8699989318848	106.666664123535
63.8800010681152	113.333335876465
63.8899993896484	153.33332824707
63.9000015258789	120
63.9099998474121	113.333335876465
63.9199981689453	106.666664123535
63.9300003051758	186.66667175293
63.939998626709	133.33332824707
63.9500007629395	140
63.9599990844727	126.666664123535
63.9700012207031	140
63.9799995422363	126.666664123535
63.9900016784668	146.66667175293
64	106.666664123535
64.0100021362305	133.33332824707
64.0199966430664	113.333335876465
64.0299987792969	126.666664123535
64.0400009155273	86.6666641235352
64.0500030517578	100
64.0599975585938	153.33332824707
64.0699996948242	133.33332824707
64.0800018310547	166.66667175293
64.0899963378906	113.333335876465
64.0999984741211	140
64.1100006103516	173.33332824707
64.120002746582	146.66667175293
64.129997253418	100
64.1399993896484	86.6666641235352
64.1500015258789	106.666664123535
64.1600036621094	146.66667175293
64.1699981689453	146.66667175293
64.1800003051758	146.66667175293
64.1900024414063	153.33332824707
64.1999969482422	133.33332824707
64.2099990844727	113.333335876465
64.2200012207031	60
64.2300033569336	93.3333358764648
64.2399978637695	93.3333358764648
64.25	140
64.2600021362305	173.33332824707
64.2699966430664	146.66667175293
64.2799987792969	133.33332824707
64.2900009155273	106.666664123535
64.3000030517578	140
64.3099975585938	100
64.3199996948242	140
64.3300018310547	120
64.3399963378906	160
64.3499984741211	140
64.3600006103516	120
64.370002746582	93.3333358764648
64.379997253418	113.333335876465
64.3899993896484	166.66667175293
64.4000015258789	100
64.4100036621094	133.33332824707
64.4199981689453	93.3333358764648
64.4300003051758	106.666664123535
64.4400024414063	113.333335876465
64.4499969482422	120
64.4599990844727	140
64.4700012207031	146.66667175293
64.4800033569336	146.66667175293
64.4899978637695	113.333335876465
64.5	126.666664123535
64.5100021362305	86.6666641235352
64.5199966430664	146.66667175293
64.5299987792969	146.66667175293
64.5400009155273	100
64.5500030517578	113.333335876465
64.5599975585938	140
64.5699996948242	153.33332824707
64.5800018310547	146.66667175293
64.5899963378906	93.3333358764648
64.5999984741211	106.666664123535
64.6100006103516	153.33332824707
64.620002746582	106.666664123535
64.629997253418	153.33332824707
64.6399993896484	166.66667175293
64.6500015258789	166.66667175293
64.6600036621094	140
64.6699981689453	120
64.6800003051758	126.666664123535
64.6900024414063	113.333335876465
64.6999969482422	113.333335876465
64.7099990844727	80
64.7200012207031	120
64.7300033569336	106.666664123535
64.7399978637695	166.66667175293
64.75	126.666664123535
64.7600021362305	86.6666641235352
64.7699966430664	106.666664123535
64.7799987792969	200
64.7900009155273	106.666664123535
64.8000030517578	93.3333358764648
64.8099975585938	100
64.8199996948242	73.3333358764648
64.8300018310547	146.66667175293
64.8399963378906	100
64.8499984741211	126.666664123535
64.8600006103516	100
64.870002746582	93.3333358764648
64.879997253418	113.333335876465
64.8899993896484	100
64.9000015258789	140
64.9100036621094	126.666664123535
64.9199981689453	146.66667175293
64.9300003051758	140
64.9400024414063	113.333335876465
64.9499969482422	60
64.9599990844727	133.33332824707
64.9700012207031	106.666664123535
64.9800033569336	193.33332824707
64.9899978637695	73.3333358764648
65	120
65.0100021362305	93.3333358764648
65.0199966430664	40
65.0299987792969	106.666664123535
65.0400009155273	80
65.0500030517578	80
65.0599975585938	93.3333358764648
65.0699996948242	106.666664123535
65.0800018310547	173.33332824707
65.0899963378906	106.666664123535
65.0999984741211	133.33332824707
65.1100006103516	160
65.120002746582	73.3333358764648
65.129997253418	93.3333358764648
65.1399993896484	60
65.1500015258789	100
65.1600036621094	153.33332824707
65.1699981689453	120
65.1800003051758	93.3333358764648
65.1900024414063	113.333335876465
65.1999969482422	106.666664123535
65.2099990844727	166.66667175293
65.2200012207031	113.333335876465
65.2300033569336	166.66667175293
65.2399978637695	133.33332824707
65.25	60
65.2600021362305	140
65.2699966430664	160
65.2799987792969	53.3333320617676
65.2900009155273	66.6666641235352
65.3000030517578	53.3333320617676
65.3099975585938	100
65.3199996948242	80
65.3300018310547	100
65.3399963378906	113.333335876465
65.3499984741211	100
65.3600006103516	73.3333358764648
65.370002746582	133.33332824707
65.379997253418	113.333335876465
65.3899993896484	106.666664123535
65.4000015258789	66.6666641235352
65.4100036621094	86.6666641235352
65.4199981689453	133.33332824707
65.4300003051758	146.66667175293
65.4400024414063	86.6666641235352
65.4499969482422	73.3333358764648
65.4599990844727	106.666664123535
65.4700012207031	80
65.4800033569336	106.666664123535
65.4899978637695	106.666664123535
65.5	100
65.5100021362305	133.33332824707
65.5199966430664	113.333335876465
65.5299987792969	133.33332824707
65.5400009155273	86.6666641235352
65.5500030517578	113.333335876465
65.5599975585938	140
65.5699996948242	73.3333358764648
65.5800018310547	113.333335876465
65.5899963378906	73.3333358764648
65.5999984741211	106.666664123535
65.6100006103516	100
65.620002746582	80
65.629997253418	100
65.6399993896484	113.333335876465
65.6500015258789	80
65.6600036621094	146.66667175293
65.6699981689453	153.33332824707
65.6800003051758	113.333335876465
65.6900024414063	106.666664123535
65.6999969482422	66.6666641235352
65.7099990844727	80
65.7200012207031	80
65.7300033569336	146.66667175293
65.7399978637695	113.333335876465
65.75	120
65.7600021362305	120
65.7699966430664	140
65.7799987792969	93.3333358764648
65.7900009155273	140
65.8000030517578	113.333335876465
65.8099975585938	73.3333358764648
65.8199996948242	93.3333358764648
65.8300018310547	66.6666641235352
65.8399963378906	140
65.8499984741211	100
65.8600006103516	66.6666641235352
65.870002746582	160
65.879997253418	113.333335876465
65.8899993896484	166.66667175293
65.9000015258789	86.6666641235352
65.9100036621094	86.6666641235352
65.9199981689453	66.6666641235352
65.9300003051758	80
65.9400024414063	73.3333358764648
65.9499969482422	93.3333358764648
65.9599990844727	80
65.9700012207031	133.33332824707
65.9800033569336	120
65.9899978637695	60
66	106.666664123535
66.0100021362305	160
66.0199966430664	93.3333358764648
66.0299987792969	113.333335876465
66.0400009155273	100
66.0500030517578	146.66667175293
66.0599975585938	120
66.0699996948242	93.3333358764648
66.0800018310547	113.333335876465
66.0899963378906	140
66.0999984741211	100
66.1100006103516	80
66.120002746582	106.666664123535
66.129997253418	120
66.1399993896484	133.33332824707
66.1500015258789	133.33332824707
66.1600036621094	113.333335876465
66.1699981689453	80
66.1800003051758	146.66667175293
66.1900024414063	126.666664123535
66.1999969482422	80
66.2099990844727	146.66667175293
66.2200012207031	133.33332824707
66.2300033569336	106.666664123535
66.2399978637695	86.6666641235352
66.25	73.3333358764648
66.2600021362305	133.33332824707
66.2699966430664	106.666664123535
66.2799987792969	100
66.2900009155273	106.666664123535
66.3000030517578	126.666664123535
66.3099975585938	93.3333358764648
66.3199996948242	126.666664123535
66.3300018310547	93.3333358764648
66.3399963378906	120
66.3499984741211	106.666664123535
66.3600006103516	133.33332824707
66.370002746582	86.6666641235352
66.379997253418	93.3333358764648
66.3899993896484	93.3333358764648
66.4000015258789	106.666664123535
66.4100036621094	86.6666641235352
66.4199981689453	140
66.4300003051758	113.333335876465
66.4400024414063	100
66.4499969482422	66.6666641235352
66.4599990844727	80
66.4700012207031	86.6666641235352
66.4800033569336	93.3333358764648
66.4899978637695	106.666664123535
66.5	46.6666679382324
66.5100021362305	40
66.5199966430664	153.33332824707
66.5299987792969	73.3333358764648
66.5400009155273	86.6666641235352
66.5500030517578	106.666664123535
66.5599975585938	120
66.5699996948242	93.3333358764648
66.5800018310547	60
66.5899963378906	133.33332824707
66.5999984741211	113.333335876465
66.6100006103516	100
66.620002746582	140
66.629997253418	153.33332824707
66.6399993896484	53.3333320617676
66.6500015258789	133.33332824707
66.6600036621094	120
66.6699981689453	66.6666641235352
66.6800003051758	80
66.6900024414063	66.6666641235352
66.6999969482422	133.33332824707
66.7099990844727	100
66.7200012207031	100
66.7300033569336	100
66.7399978637695	86.6666641235352
66.75	80
66.7600021362305	133.33332824707
66.7699966430664	93.3333358764648
66.7799987792969	73.3333358764648
66.7900009155273	113.333335876465
66.8000030517578	106.666664123535
66.8099975585938	40
66.8199996948242	66.6666641235352
66.8300018310547	86.6666641235352
66.8399963378906	86.6666641235352
66.8499984741211	93.3333358764648
66.8600006103516	106.666664123535
66.870002746582	106.666664123535
66.879997253418	133.33332824707
66.8899993896484	106.666664123535
66.9000015258789	106.666664123535
66.9100036621094	93.3333358764648
66.9199981689453	113.333335876465
66.9300003051758	100
66.9400024414063	73.3333358764648
66.9499969482422	66.6666641235352
66.9599990844727	80
66.9700012207031	126.666664123535
66.9800033569336	100
66.9899978637695	160
67	73.3333358764648
67.0100021362305	93.3333358764648
67.0199966430664	93.3333358764648
67.0299987792969	113.333335876465
67.0400009155273	113.333335876465
67.0500030517578	93.3333358764648
67.0599975585938	126.666664123535
67.0699996948242	126.666664123535
67.0800018310547	120
67.0899963378906	120
67.0999984741211	180
67.1100006103516	133.33332824707
67.120002746582	133.33332824707
67.129997253418	53.3333320617676
67.1399993896484	106.666664123535
67.1500015258789	100
67.1600036621094	80
67.1699981689453	126.666664123535
67.1800003051758	106.666664123535
67.1900024414063	120
67.1999969482422	120
67.2099990844727	120
67.2200012207031	160
67.2300033569336	140
67.2399978637695	86.6666641235352
67.25	120
67.2600021362305	93.3333358764648
67.2699966430664	153.33332824707
67.2799987792969	93.3333358764648
67.2900009155273	106.666664123535
67.3000030517578	86.6666641235352
67.3099975585938	120
67.3199996948242	100
67.3300018310547	120
67.3399963378906	86.6666641235352
67.3499984741211	126.666664123535
67.3600006103516	53.3333320617676
67.370002746582	113.333335876465
67.379997253418	60
67.3899993896484	113.333335876465
67.4000015258789	140
67.4100036621094	146.66667175293
67.4199981689453	100
67.4300003051758	93.3333358764648
67.4400024414063	133.33332824707
67.4499969482422	120
67.4599990844727	100
67.4700012207031	133.33332824707
67.4800033569336	133.33332824707
67.4899978637695	133.33332824707
67.5	106.666664123535
67.5100021362305	133.33332824707
67.5199966430664	113.333335876465
67.5299987792969	166.66667175293
67.5400009155273	120
67.5500030517578	120
67.5599975585938	153.33332824707
67.5699996948242	120
67.5800018310547	100
67.5899963378906	126.666664123535
67.5999984741211	100
67.6100006103516	86.6666641235352
67.620002746582	106.666664123535
67.629997253418	166.66667175293
67.6399993896484	133.33332824707
67.6500015258789	126.666664123535
67.6600036621094	126.666664123535
67.6699981689453	80
67.6800003051758	80
67.6900024414063	106.666664123535
67.6999969482422	106.666664123535
67.7099990844727	100
67.7200012207031	186.66667175293
67.7300033569336	160
67.7399978637695	120
67.75	100
67.7600021362305	113.333335876465
67.7699966430664	106.666664123535
67.7799987792969	126.666664123535
67.7900009155273	120
67.8000030517578	120
67.8099975585938	80
67.8199996948242	106.666664123535
67.8300018310547	133.33332824707
67.8399963378906	106.666664123535
67.8499984741211	126.666664123535
67.8600006103516	120
67.870002746582	100
67.879997253418	100
67.8899993896484	100
67.9000015258789	66.6666641235352
67.9100036621094	100
67.9199981689453	86.6666641235352
67.9300003051758	133.33332824707
67.9400024414063	120
67.9499969482422	100
67.9599990844727	140
67.9700012207031	126.666664123535
67.9800033569336	120
67.9899978637695	153.33332824707
68	120
68.0100021362305	146.66667175293
68.0199966430664	120
68.0299987792969	153.33332824707
68.0400009155273	93.3333358764648
68.0500030517578	140
68.0599975585938	113.333335876465
68.0699996948242	126.666664123535
68.0800018310547	80
68.0899963378906	106.666664123535
68.0999984741211	113.333335876465
68.1100006103516	113.333335876465
68.120002746582	120
68.129997253418	133.33332824707
68.1399993896484	153.33332824707
68.1500015258789	120
68.1600036621094	120
68.1699981689453	106.666664123535
68.1800003051758	173.33332824707
68.1900024414063	146.66667175293
68.1999969482422	113.333335876465
68.2099990844727	86.6666641235352
68.2200012207031	100
68.2300033569336	120
68.2399978637695	153.33332824707
68.25	86.6666641235352
68.2600021362305	126.666664123535
68.2699966430664	133.33332824707
68.2799987792969	113.333335876465
68.2900009155273	80
68.3000030517578	126.666664123535
68.3099975585938	120
68.3199996948242	126.666664123535
68.3300018310547	146.66667175293
68.3399963378906	93.3333358764648
68.3499984741211	100
68.3600006103516	120
68.370002746582	106.666664123535
68.379997253418	66.6666641235352
68.3899993896484	80
68.4000015258789	93.3333358764648
68.4100036621094	113.333335876465
68.4199981689453	146.66667175293
68.4300003051758	93.3333358764648
68.4400024414063	73.3333358764648
68.4499969482422	146.66667175293
68.4599990844727	80
68.4700012207031	113.333335876465
68.4800033569336	126.666664123535
68.4899978637695	120
68.5	86.6666641235352
68.5100021362305	133.33332824707
68.5199966430664	100
68.5299987792969	100
68.5400009155273	86.6666641235352
68.5500030517578	93.3333358764648
68.5599975585938	86.6666641235352
68.5699996948242	153.33332824707
68.5800018310547	100
68.5899963378906	106.666664123535
68.5999984741211	100
68.6100006103516	86.6666641235352
68.620002746582	160
68.629997253418	80
68.6399993896484	133.33332824707
68.6500015258789	120
68.6600036621094	133.33332824707
68.6699981689453	106.666664123535
68.6800003051758	120
68.6900024414063	133.33332824707
68.6999969482422	146.66667175293
68.7099990844727	140
68.7200012207031	160
68.7300033569336	160
68.7399978637695	133.33332824707
68.75	113.333335876465
68.7600021362305	126.666664123535
68.7699966430664	120
68.7799987792969	126.666664123535
68.7900009155273	153.33332824707
68.8000030517578	106.666664123535
68.8099975585938	60
68.8199996948242	126.666664123535
68.8300018310547	126.666664123535
68.8399963378906	153.33332824707
68.8499984741211	133.33332824707
68.8600006103516	120
68.870002746582	60
68.879997253418	166.66667175293
68.8899993896484	100
68.9000015258789	93.3333358764648
68.9100036621094	120
68.9199981689453	106.666664123535
68.9300003051758	106.666664123535
68.9400024414063	106.666664123535
68.9499969482422	93.3333358764648
68.9599990844727	173.33332824707
68.9700012207031	133.33332824707
68.9800033569336	133.33332824707
68.9899978637695	113.333335876465
69	153.33332824707
69.0100021362305	126.666664123535
69.0199966430664	113.333335876465
69.0299987792969	146.66667175293
69.0400009155273	140
69.0500030517578	106.666664123535
69.0599975585938	113.333335876465
69.0699996948242	106.666664123535
69.0800018310547	140
69.0899963378906	146.66667175293
69.0999984741211	226.66667175293
69.1100006103516	153.33332824707
69.120002746582	133.33332824707
69.129997253418	93.3333358764648
69.1399993896484	93.3333358764648
69.1500015258789	66.6666641235352
69.1600036621094	86.6666641235352
69.1699981689453	133.33332824707
69.1800003051758	86.6666641235352
69.1900024414063	133.33332824707
69.1999969482422	160
69.2099990844727	153.33332824707
69.2200012207031	160
69.2300033569336	93.3333358764648
69.2399978637695	160
69.25	186.66667175293
69.2600021362305	100
69.2699966430664	133.33332824707
69.2799987792969	120
69.2900009155273	106.666664123535
69.3000030517578	80
69.3099975585938	100
69.3199996948242	140
69.3300018310547	46.6666679382324
69.3399963378906	113.333335876465
69.3499984741211	86.6666641235352
69.3600006103516	113.333335876465
69.370002746582	126.666664123535
69.379997253418	86.6666641235352
69.3899993896484	73.3333358764648
69.4000015258789	120
69.4100036621094	146.66667175293
69.4199981689453	120
69.4300003051758	146.66667175293
69.4400024414063	106.666664123535
69.4499969482422	113.333335876465
69.4599990844727	120
69.4700012207031	66.6666641235352
69.4800033569336	120
69.4899978637695	113.333335876465
69.5	113.333335876465
69.5100021362305	166.66667175293
69.5199966430664	146.66667175293
69.5299987792969	146.66667175293
69.5400009155273	106.666664123535
69.5500030517578	100
69.5599975585938	86.6666641235352
69.5699996948242	133.33332824707
69.5800018310547	126.666664123535
69.5899963378906	106.666664123535
69.5999984741211	120
69.6100006103516	73.3333358764648
69.620002746582	86.6666641235352
69.629997253418	133.33332824707
69.6399993896484	126.666664123535
69.6500015258789	133.33332824707
69.6600036621094	146.66667175293
69.6699981689453	86.6666641235352
69.6800003051758	86.6666641235352
69.6900024414063	106.666664123535
69.6999969482422	93.3333358764648
69.7099990844727	126.666664123535
69.7200012207031	120
69.7300033569336	120
69.7399978637695	100
69.75	93.3333358764648
69.7600021362305	86.6666641235352
69.7699966430664	80
69.7799987792969	93.3333358764648
69.7900009155273	93.3333358764648
69.8000030517578	40
69.8099975585938	73.3333358764648
69.8199996948242	120
69.8300018310547	133.33332824707
69.8399963378906	126.666664123535
69.8499984741211	86.6666641235352
69.8600006103516	133.33332824707
69.870002746582	126.666664123535
69.879997253418	126.666664123535
69.8899993896484	106.666664123535
69.9000015258789	80
69.9100036621094	140
69.9199981689453	106.666664123535
69.9300003051758	100
69.9400024414063	140
69.9499969482422	86.6666641235352
69.9599990844727	86.6666641235352
69.9700012207031	160
69.9800033569336	86.6666641235352
69.9899978637695	113.333335876465
70	126.666664123535
70.0100021362305	93.3333358764648
70.0199966430664	126.666664123535
70.0299987792969	80
70.0400009155273	113.333335876465
70.0500030517578	86.6666641235352
70.0599975585938	126.666664123535
70.0699996948242	93.3333358764648
70.0800018310547	153.33332824707
70.0899963378906	80
70.0999984741211	93.3333358764648
70.1100006103516	133.33332824707
70.120002746582	140
70.129997253418	140
70.1399993896484	113.333335876465
70.1500015258789	106.666664123535
70.1600036621094	120
70.1699981689453	133.33332824707
70.1800003051758	146.66667175293
70.1900024414063	86.6666641235352
70.1999969482422	133.33332824707
70.2099990844727	173.33332824707
70.2200012207031	140
70.2300033569336	153.33332824707
70.2399978637695	133.33332824707
70.25	173.33332824707
70.2600021362305	146.66667175293
70.2699966430664	213.33332824707
70.2799987792969	206.66667175293
70.2900009155273	200
70.3000030517578	153.33332824707
70.3099975585938	146.66667175293
70.3199996948242	253.33332824707
70.3300018310547	213.33332824707
70.3399963378906	260
70.3499984741211	273.333343505859
70.3600006103516	226.66667175293
70.370002746582	220
70.379997253418	226.66667175293
70.3899993896484	340
70.4000015258789	280
70.4100036621094	366.666656494141
70.4199981689453	366.666656494141
70.4300003051758	353.333343505859
70.4400024414063	386.666656494141
70.4499969482422	460
70.4599990844727	566.666687011719
70.4700012207031	646.666687011719
70.4800033569336	586.666687011719
70.4899978637695	786.666687011719
70.5	766.666687011719
70.5100021362305	866.666687011719
70.5199966430664	960
70.5299987792969	1120
70.5400009155273	1333.33337402344
70.5500030517578	1386.66662597656
70.5599975585938	1413.33337402344
70.5699996948242	1520
70.5800018310547	1713.33337402344
70.5899963378906	1653.33337402344
70.5999984741211	1566.66662597656
70.6100006103516	1600
70.620002746582	1726.66662597656
70.629997253418	1580
70.6399993896484	1340
70.6500015258789	1386.66662597656
70.6600036621094	1213.33337402344
70.6699981689453	1320
70.6800003051758	1093.33337402344
70.6900024414063	1133.33337402344
70.6999969482422	973.333312988281
70.7099990844727	1166.66662597656
70.7200012207031	1013.33331298828
70.7300033569336	840
70.7399978637695	960
70.75	986.666687011719
70.7600021362305	1086.66662597656
70.7699966430664	1046.66662597656
70.7799987792969	1006.66668701172
70.7900009155273	1206.66662597656
70.8000030517578	1006.66668701172
70.8099975585938	953.333312988281
70.8199996948242	980
70.8300018310547	800
70.8399963378906	866.666687011719
70.8499984741211	786.666687011719
70.8600006103516	760
70.870002746582	686.666687011719
70.879997253418	580
70.8899993896484	453.333343505859
70.9000015258789	500
70.9100036621094	413.333343505859
70.9199981689453	340
70.9300003051758	393.333343505859
70.9400024414063	293.333343505859
70.9499969482422	266.666656494141
70.9599990844727	353.333343505859
70.9700012207031	393.333343505859
70.9800033569336	273.333343505859
70.9899978637695	253.33332824707
71	253.33332824707
71.0100021362305	220
71.0199966430664	213.33332824707
71.0299987792969	193.33332824707
71.0400009155273	166.66667175293
71.0500030517578	166.66667175293
71.0599975585938	153.33332824707
71.0699996948242	173.33332824707
71.0800018310547	86.6666641235352
71.0899963378906	160
71.0999984741211	173.33332824707
71.1100006103516	146.66667175293
71.120002746582	140
71.129997253418	113.333335876465
71.1399993896484	113.333335876465
71.1500015258789	113.333335876465
71.1600036621094	100
71.1699981689453	140
71.1800003051758	106.666664123535
71.1900024414063	146.66667175293
71.1999969482422	140
71.2099990844727	93.3333358764648
71.2200012207031	113.333335876465
71.2300033569336	73.3333358764648
71.2399978637695	80
71.25	100
71.2600021362305	113.333335876465
71.2699966430664	106.666664123535
71.2799987792969	120
71.2900009155273	126.666664123535
71.3000030517578	133.33332824707
71.3099975585938	73.3333358764648
71.3199996948242	166.66667175293
71.3300018310547	106.666664123535
71.3399963378906	133.33332824707
71.3499984741211	146.66667175293
71.3600006103516	126.666664123535
71.370002746582	120
71.379997253418	106.666664123535
71.3899993896484	93.3333358764648
71.4000015258789	133.33332824707
71.4100036621094	140
71.4199981689453	106.666664123535
71.4300003051758	106.666664123535
71.4400024414063	120
71.4499969482422	100
71.4599990844727	120
71.4700012207031	80
71.4800033569336	133.33332824707
71.4899978637695	73.3333358764648
71.5	126.666664123535
71.5100021362305	93.3333358764648
71.5199966430664	106.666664123535
71.5299987792969	120
71.5400009155273	93.3333358764648
71.5500030517578	106.666664123535
71.5599975585938	100
71.5699996948242	80
71.5800018310547	113.333335876465
71.5899963378906	86.6666641235352
71.5999984741211	80
71.6100006103516	73.3333358764648
71.620002746582	60
71.629997253418	100
71.6399993896484	100
71.6500015258789	60
71.6600036621094	100
71.6699981689453	73.3333358764648
71.6800003051758	86.6666641235352
71.6900024414063	66.6666641235352
71.6999969482422	100
71.7099990844727	73.3333358764648
71.7200012207031	93.3333358764648
71.7300033569336	93.3333358764648
71.7399978637695	120
71.75	93.3333358764648
71.7600021362305	86.6666641235352
71.7699966430664	106.666664123535
71.7799987792969	113.333335876465
71.7900009155273	133.33332824707
71.8000030517578	66.6666641235352
71.8099975585938	80
71.8199996948242	73.3333358764648
71.8300018310547	86.6666641235352
71.8399963378906	100
71.8499984741211	53.3333320617676
71.8600006103516	86.6666641235352
71.870002746582	80
71.879997253418	73.3333358764648
71.8899993896484	113.333335876465
71.9000015258789	100
71.9100036621094	93.3333358764648
71.9199981689453	73.3333358764648
71.9300003051758	86.6666641235352
71.9400024414063	80
71.9499969482422	73.3333358764648
71.9599990844727	120
71.9700012207031	86.6666641235352
71.9800033569336	100
71.9899978637695	80
72	66.6666641235352
72.0100021362305	66.6666641235352
72.0199966430664	133.33332824707
72.0299987792969	80
72.0400009155273	80
72.0500030517578	106.666664123535
72.0599975585938	60
72.0699996948242	106.666664123535
72.0800018310547	113.333335876465
72.0899963378906	100
72.0999984741211	73.3333358764648
72.1100006103516	73.3333358764648
72.120002746582	80
72.129997253418	100
72.1399993896484	93.3333358764648
72.1500015258789	73.3333358764648
72.1600036621094	113.333335876465
72.1699981689453	120
72.1800003051758	53.3333320617676
72.1900024414063	53.3333320617676
72.1999969482422	120
72.2099990844727	106.666664123535
72.2200012207031	120
72.2300033569336	73.3333358764648
72.2399978637695	73.3333358764648
72.25	73.3333358764648
72.2600021362305	86.6666641235352
72.2699966430664	113.333335876465
72.2799987792969	86.6666641235352
72.2900009155273	73.3333358764648
72.3000030517578	66.6666641235352
72.3099975585938	86.6666641235352
72.3199996948242	93.3333358764648
72.3300018310547	60
72.3399963378906	86.6666641235352
72.3499984741211	60
72.3600006103516	153.33332824707
72.370002746582	66.6666641235352
72.379997253418	153.33332824707
72.3899993896484	73.3333358764648
72.4000015258789	80
72.4100036621094	120
72.4199981689453	73.3333358764648
72.4300003051758	86.6666641235352
72.4400024414063	93.3333358764648
72.4499969482422	106.666664123535
72.4599990844727	93.3333358764648
72.4700012207031	100
72.4800033569336	80
72.4899978637695	73.3333358764648
72.5	53.3333320617676
72.5100021362305	113.333335876465
72.5199966430664	80
72.5299987792969	93.3333358764648
72.5400009155273	113.333335876465
72.5500030517578	133.33332824707
72.5599975585938	106.666664123535
72.5699996948242	100
72.5800018310547	80
72.5899963378906	53.3333320617676
72.5999984741211	80
72.6100006103516	100
72.620002746582	60
72.629997253418	86.6666641235352
72.6399993896484	66.6666641235352
72.6500015258789	106.666664123535
72.6600036621094	80
72.6699981689453	113.333335876465
72.6800003051758	66.6666641235352
72.6900024414063	73.3333358764648
72.6999969482422	60
72.7099990844727	66.6666641235352
72.7200012207031	80
72.7300033569336	86.6666641235352
72.7399978637695	106.666664123535
72.75	73.3333358764648
72.7600021362305	66.6666641235352
72.7699966430664	80
72.7799987792969	33.3333320617676
72.7900009155273	100
72.8000030517578	93.3333358764648
72.8099975585938	113.333335876465
72.8199996948242	53.3333320617676
72.8300018310547	80
72.8399963378906	46.6666679382324
72.8499984741211	113.333335876465
72.8600006103516	53.3333320617676
72.870002746582	46.6666679382324
72.879997253418	93.3333358764648
72.8899993896484	53.3333320617676
72.9000015258789	73.3333358764648
72.9100036621094	86.6666641235352
72.9199981689453	53.3333320617676
72.9300003051758	53.3333320617676
72.9400024414063	73.3333358764648
72.9499969482422	26.6666660308838
72.9599990844727	73.3333358764648
72.9700012207031	80
72.9800033569336	40
72.9899978637695	46.6666679382324
73	46.6666679382324
73.0100021362305	80
73.0199966430664	73.3333358764648
73.0299987792969	46.6666679382324
73.0400009155273	73.3333358764648
73.0500030517578	93.3333358764648
73.0599975585938	53.3333320617676
73.0699996948242	100
73.0800018310547	100
73.0899963378906	93.3333358764648
73.0999984741211	53.3333320617676
73.1100006103516	80
73.120002746582	66.6666641235352
73.129997253418	66.6666641235352
73.1399993896484	66.6666641235352
73.1500015258789	60
73.1600036621094	73.3333358764648
73.1699981689453	113.333335876465
73.1800003051758	73.3333358764648
73.1900024414063	46.6666679382324
73.1999969482422	53.3333320617676
73.2099990844727	60
73.2200012207031	100
73.2300033569336	80
73.2399978637695	93.3333358764648
73.25	66.6666641235352
73.2600021362305	80
73.2699966430664	53.3333320617676
73.2799987792969	66.6666641235352
73.2900009155273	66.6666641235352
73.3000030517578	86.6666641235352
73.3099975585938	66.6666641235352
73.3199996948242	53.3333320617676
73.3300018310547	73.3333358764648
73.3399963378906	46.6666679382324
73.3499984741211	53.3333320617676
73.3600006103516	86.6666641235352
73.370002746582	46.6666679382324
73.379997253418	86.6666641235352
73.3899993896484	53.3333320617676
73.4000015258789	60
73.4100036621094	80
73.4199981689453	66.6666641235352
73.4300003051758	46.6666679382324
73.4400024414063	60
73.4499969482422	73.3333358764648
73.4599990844727	40
73.4700012207031	73.3333358764648
73.4800033569336	80
73.4899978637695	66.6666641235352
73.5	106.666664123535
73.5100021362305	100
73.5199966430664	53.3333320617676
73.5299987792969	73.3333358764648
73.5400009155273	73.3333358764648
73.5500030517578	53.3333320617676
73.5599975585938	86.6666641235352
73.5699996948242	100
73.5800018310547	100
73.5899963378906	66.6666641235352
73.5999984741211	66.6666641235352
73.6100006103516	66.6666641235352
73.620002746582	33.3333320617676
73.629997253418	60
73.6399993896484	53.3333320617676
73.6500015258789	53.3333320617676
73.6600036621094	40
73.6699981689453	33.3333320617676
73.6800003051758	60
73.6900024414063	100
73.6999969482422	113.333335876465
73.7099990844727	66.6666641235352
73.7200012207031	106.666664123535
73.7300033569336	73.3333358764648
73.7399978637695	73.3333358764648
73.75	53.3333320617676
73.7600021362305	66.6666641235352
73.7699966430664	73.3333358764648
73.7799987792969	120
73.7900009155273	73.3333358764648
73.8000030517578	80
73.8099975585938	113.333335876465
73.8199996948242	106.666664123535
73.8300018310547	73.3333358764648
73.8399963378906	80
73.8499984741211	46.6666679382324
73.8600006103516	46.6666679382324
73.870002746582	66.6666641235352
73.879997253418	80
73.8899993896484	66.6666641235352
73.9000015258789	60
73.9100036621094	86.6666641235352
73.9199981689453	106.666664123535
73.9300003051758	66.6666641235352
73.9400024414063	73.3333358764648
73.9499969482422	93.3333358764648
73.9599990844727	66.6666641235352
73.9700012207031	86.6666641235352
73.9800033569336	80
73.9899978637695	86.6666641235352
74	73.3333358764648
74.0100021362305	106.666664123535
74.0199966430664	80
74.0299987792969	93.3333358764648
74.0400009155273	93.3333358764648
74.0500030517578	73.3333358764648
74.0599975585938	93.3333358764648
74.0699996948242	80
74.0800018310547	73.3333358764648
74.0899963378906	86.6666641235352
74.0999984741211	66.6666641235352
74.1100006103516	73.3333358764648
74.120002746582	113.333335876465
74.129997253418	100
74.1399993896484	106.666664123535
74.1500015258789	93.3333358764648
74.1600036621094	73.3333358764648
74.1699981689453	106.666664123535
74.1800003051758	126.666664123535
74.1900024414063	73.3333358764648
74.1999969482422	86.6666641235352
74.2099990844727	73.3333358764648
74.2200012207031	93.3333358764648
74.2300033569336	93.3333358764648
74.2399978637695	100
74.25	66.6666641235352
74.2600021362305	53.3333320617676
74.2699966430664	73.3333358764648
74.2799987792969	106.666664123535
74.2900009155273	80
74.3000030517578	80
74.3099975585938	66.6666641235352
74.3199996948242	80
74.3300018310547	33.3333320617676
74.3399963378906	66.6666641235352
74.3499984741211	93.3333358764648
74.3600006103516	86.6666641235352
74.370002746582	86.6666641235352
74.379997253418	53.3333320617676
74.3899993896484	80
74.4000015258789	100
74.4100036621094	73.3333358764648
74.4199981689453	93.3333358764648
74.4300003051758	113.333335876465
74.4400024414063	100
74.4499969482422	86.6666641235352
74.4599990844727	66.6666641235352
74.4700012207031	106.666664123535
74.4800033569336	73.3333358764648
74.4899978637695	113.333335876465
74.5	106.666664123535
74.5100021362305	66.6666641235352
74.5199966430664	60
74.5299987792969	60
74.5400009155273	46.6666679382324
74.5500030517578	86.6666641235352
74.5599975585938	46.6666679382324
74.5699996948242	80
74.5800018310547	46.6666679382324
74.5899963378906	73.3333358764648
74.5999984741211	113.333335876465
74.6100006103516	60
74.620002746582	113.333335876465
74.629997253418	86.6666641235352
74.6399993896484	46.6666679382324
74.6500015258789	93.3333358764648
74.6600036621094	93.3333358764648
74.6699981689453	100
74.6800003051758	106.666664123535
74.6900024414063	66.6666641235352
74.6999969482422	60
74.7099990844727	113.333335876465
74.7200012207031	86.6666641235352
74.7300033569336	86.6666641235352
74.7399978637695	80
74.75	106.666664123535
74.7600021362305	80
74.7699966430664	80
74.7799987792969	53.3333320617676
74.7900009155273	106.666664123535
74.8000030517578	46.6666679382324
74.8099975585938	100
74.8199996948242	80
74.8300018310547	73.3333358764648
74.8399963378906	53.3333320617676
74.8499984741211	60
74.8600006103516	106.666664123535
74.870002746582	33.3333320617676
74.879997253418	46.6666679382324
74.8899993896484	53.3333320617676
74.9000015258789	93.3333358764648
74.9100036621094	46.6666679382324
74.9199981689453	66.6666641235352
74.9300003051758	46.6666679382324
74.9400024414063	73.3333358764648
74.9499969482422	60
74.9599990844727	66.6666641235352
74.9700012207031	100
74.9800033569336	40
74.9899978637695	60
75	53.3333320617676
75.0100021362305	73.3333358764648
75.0199966430664	60
75.0299987792969	53.3333320617676
75.0400009155273	86.6666641235352
75.0500030517578	80
75.0599975585938	80
75.0699996948242	93.3333358764648
75.0800018310547	46.6666679382324
75.0899963378906	20
75.0999984741211	20
75.1100006103516	60
75.120002746582	60
75.129997253418	80
75.1399993896484	86.6666641235352
75.1500015258789	46.6666679382324
75.1600036621094	80
75.1699981689453	80
75.1800003051758	86.6666641235352
75.1900024414063	66.6666641235352
75.1999969482422	40
75.2099990844727	86.6666641235352
75.2200012207031	33.3333320617676
75.2300033569336	73.3333358764648
75.2399978637695	66.6666641235352
75.25	80
75.2600021362305	73.3333358764648
75.2699966430664	53.3333320617676
75.2799987792969	33.3333320617676
75.2900009155273	53.3333320617676
75.3000030517578	106.666664123535
75.3099975585938	80
75.3199996948242	73.3333358764648
75.3300018310547	46.6666679382324
75.3399963378906	53.3333320617676
75.3499984741211	66.6666641235352
75.3600006103516	106.666664123535
75.370002746582	53.3333320617676
75.379997253418	73.3333358764648
75.3899993896484	66.6666641235352
75.4000015258789	80
75.4100036621094	66.6666641235352
75.4199981689453	66.6666641235352
75.4300003051758	93.3333358764648
75.4400024414063	80
75.4499969482422	80
75.4599990844727	60
75.4700012207031	80
75.4800033569336	106.666664123535
75.4899978637695	46.6666679382324
75.5	53.3333320617676
75.5100021362305	100
75.5199966430664	100
75.5299987792969	33.3333320617676
75.5400009155273	93.3333358764648
75.5500030517578	73.3333358764648
75.5599975585938	133.33332824707
75.5699996948242	66.6666641235352
75.5800018310547	80
75.5899963378906	80
75.5999984741211	73.3333358764648
75.6100006103516	80
75.620002746582	53.3333320617676
75.629997253418	166.66667175293
75.6399993896484	140
75.6500015258789	100
75.6600036621094	93.3333358764648
75.6699981689453	86.6666641235352
75.6800003051758	86.6666641235352
75.6900024414063	93.3333358764648
75.6999969482422	86.6666641235352
75.7099990844727	100
75.7200012207031	66.6666641235352
75.7300033569336	120
75.7399978637695	100
75.75	100
75.7600021362305	100
75.7699966430664	93.3333358764648
75.7799987792969	53.3333320617676
75.7900009155273	86.6666641235352
75.8000030517578	140
75.8099975585938	126.666664123535
75.8199996948242	120
75.8300018310547	106.666664123535
75.8399963378906	126.666664123535
75.8499984741211	160
75.8600006103516	120
75.870002746582	106.666664123535
75.879997253418	133.33332824707
75.8899993896484	126.666664123535
75.9000015258789	100
75.9100036621094	200
75.9199981689453	213.33332824707
75.9300003051758	246.66667175293
75.9400024414063	186.66667175293
75.9499969482422	246.66667175293
75.9599990844727	220
75.9700012207031	173.33332824707
75.9800033569336	220
75.9899978637695	233.33332824707
76	260
76.0100021362305	200
76.0199966430664	246.66667175293
76.0299987792969	353.333343505859
76.0400009155273	320
76.0500030517578	346.666656494141
76.0599975585938	380
76.0699996948242	393.333343505859
76.0800018310547	480
76.0899963378906	506.666656494141
76.0999984741211	520
76.1100006103516	560
76.120002746582	466.666656494141
76.129997253418	593.333312988281
76.1399993896484	600
76.1500015258789	606.666687011719
76.1600036621094	573.333312988281
76.1699981689453	573.333312988281
76.1800003051758	573.333312988281
76.1900024414063	540
76.1999969482422	526.666687011719
76.2099990844727	453.333343505859
76.2200012207031	493.333343505859
76.2300033569336	446.666656494141
76.2399978637695	500
76.25	480
76.2600021362305	353.333343505859
76.2699966430664	326.666656494141
76.2799987792969	340
76.2900009155273	393.333343505859
76.3000030517578	393.333343505859
76.3099975585938	353.333343505859
76.3199996948242	400
76.3300018310547	346.666656494141
76.3399963378906	373.333343505859
76.3499984741211	353.333343505859
76.3600006103516	413.333343505859
76.370002746582	393.333343505859
76.379997253418	360
76.3899993896484	460
76.4000015258789	340
76.4100036621094	406.666656494141
76.4199981689453	306.666656494141
76.4300003051758	320
76.4400024414063	286.666656494141
76.4499969482422	266.666656494141
76.4599990844727	246.66667175293
76.4700012207031	333.333343505859
76.4800033569336	200
76.4899978637695	240
76.5	206.66667175293
76.5100021362305	180
76.5199966430664	186.66667175293
76.5299987792969	180
76.5400009155273	153.33332824707
76.5500030517578	140
76.5599975585938	133.33332824707
76.5699996948242	160
76.5800018310547	166.66667175293
76.5899963378906	140
76.5999984741211	186.66667175293
76.6100006103516	173.33332824707
76.620002746582	133.33332824707
76.629997253418	100
76.6399993896484	93.3333358764648
76.6500015258789	100
76.6600036621094	113.333335876465
76.6699981689453	93.3333358764648
76.6800003051758	93.3333358764648
76.6900024414063	120
76.6999969482422	86.6666641235352
76.7099990844727	80
76.7200012207031	86.6666641235352
76.7300033569336	113.333335876465
76.7399978637695	133.33332824707
76.75	66.6666641235352
76.7600021362305	100
76.7699966430664	93.3333358764648
76.7799987792969	86.6666641235352
76.7900009155273	126.666664123535
76.8000030517578	93.3333358764648
76.8099975585938	86.6666641235352
76.8199996948242	93.3333358764648
76.8300018310547	40
76.8399963378906	86.6666641235352
76.8499984741211	46.6666679382324
76.8600006103516	86.6666641235352
76.870002746582	86.6666641235352
76.879997253418	113.333335876465
76.8899993896484	100
76.9000015258789	113.333335876465
76.9100036621094	80
76.9199981689453	53.3333320617676
76.9300003051758	40
76.9400024414063	60
76.9499969482422	93.3333358764648
76.9599990844727	106.666664123535
76.9700012207031	80
76.9800033569336	46.6666679382324
76.9899978637695	86.6666641235352
77	73.3333358764648
77.0100021362305	100
77.0199966430664	80
77.0299987792969	66.6666641235352
77.0400009155273	60
77.0500030517578	73.3333358764648
77.0599975585938	100
77.0699996948242	86.6666641235352
77.0800018310547	33.3333320617676
77.0899963378906	73.3333358764648
77.0999984741211	100
77.1100006103516	60
77.120002746582	126.666664123535
77.129997253418	120
77.1399993896484	53.3333320617676
77.1500015258789	113.333335876465
77.1600036621094	133.33332824707
77.1699981689453	113.333335876465
77.1800003051758	113.333335876465
77.1900024414063	120
77.1999969482422	140
77.2099990844727	126.666664123535
77.2200012207031	160
77.2300033569336	126.666664123535
77.2399978637695	146.66667175293
77.25	193.33332824707
77.2600021362305	173.33332824707
77.2699966430664	153.33332824707
77.2799987792969	140
77.2900009155273	166.66667175293
77.3000030517578	140
77.3099975585938	146.66667175293
77.3199996948242	153.33332824707
77.3300018310547	160
77.3399963378906	213.33332824707
77.3499984741211	100
77.3600006103516	133.33332824707
77.370002746582	220
77.379997253418	126.666664123535
77.3899993896484	166.66667175293
77.4000015258789	186.66667175293
77.4100036621094	173.33332824707
77.4199981689453	140
77.4300003051758	126.666664123535
77.4400024414063	180
77.4499969482422	73.3333358764648
77.4599990844727	113.333335876465
77.4700012207031	180
77.4800033569336	140
77.4899978637695	126.666664123535
77.5	113.333335876465
77.5100021362305	193.33332824707
77.5199966430664	80
77.5299987792969	133.33332824707
77.5400009155273	106.666664123535
77.5500030517578	200
77.5599975585938	153.33332824707
77.5699996948242	113.333335876465
77.5800018310547	93.3333358764648
77.5899963378906	106.666664123535
77.5999984741211	93.3333358764648
77.6100006103516	93.3333358764648
77.620002746582	113.333335876465
77.629997253418	106.666664123535
77.6399993896484	126.666664123535
77.6500015258789	120
77.6600036621094	106.666664123535
77.6699981689453	153.33332824707
77.6800003051758	86.6666641235352
77.6900024414063	113.333335876465
77.6999969482422	80
77.7099990844727	100
77.7200012207031	73.3333358764648
77.7300033569336	86.6666641235352
77.7399978637695	60
77.75	66.6666641235352
77.7600021362305	106.666664123535
77.7699966430664	73.3333358764648
77.7799987792969	80
77.7900009155273	86.6666641235352
77.8000030517578	33.3333320617676
77.8099975585938	53.3333320617676
77.8199996948242	80
77.8300018310547	66.6666641235352
77.8399963378906	66.6666641235352
77.8499984741211	60
77.8600006103516	40
77.870002746582	93.3333358764648
77.879997253418	100
77.8899993896484	80
77.9000015258789	33.3333320617676
77.9100036621094	80
77.9199981689453	40
77.9300003051758	46.6666679382324
77.9400024414063	80
77.9499969482422	33.3333320617676
77.9599990844727	33.3333320617676
77.9700012207031	53.3333320617676
77.9800033569336	53.3333320617676
77.9899978637695	20
78	46.6666679382324
78.0100021362305	60
78.0199966430664	73.3333358764648
78.0299987792969	80
78.0400009155273	60
78.0500030517578	100
78.0599975585938	60
78.0699996948242	26.6666660308838
78.0800018310547	93.3333358764648
78.0899963378906	66.6666641235352
78.0999984741211	73.3333358764648
78.1100006103516	33.3333320617676
78.120002746582	66.6666641235352
78.129997253418	66.6666641235352
78.1399993896484	46.6666679382324
78.1500015258789	26.6666660308838
78.1600036621094	66.6666641235352
78.1699981689453	60
78.1800003051758	26.6666660308838
78.1900024414063	33.3333320617676
78.1999969482422	20
78.2099990844727	100
78.2200012207031	46.6666679382324
78.2300033569336	33.3333320617676
78.2399978637695	33.3333320617676
78.25	86.6666641235352
78.2600021362305	80
78.2699966430664	73.3333358764648
78.2799987792969	40
78.2900009155273	46.6666679382324
78.3000030517578	66.6666641235352
78.3099975585938	53.3333320617676
78.3199996948242	86.6666641235352
78.3300018310547	80
78.3399963378906	53.3333320617676
78.3499984741211	73.3333358764648
78.3600006103516	86.6666641235352
78.370002746582	46.6666679382324
78.379997253418	106.666664123535
78.3899993896484	53.3333320617676
78.4000015258789	46.6666679382324
78.4100036621094	40
78.4199981689453	60
78.4300003051758	46.6666679382324
78.4400024414063	80
78.4499969482422	80
78.4599990844727	60
78.4700012207031	73.3333358764648
78.4800033569336	53.3333320617676
78.4899978637695	60
78.5	20
78.5100021362305	46.6666679382324
78.5199966430664	53.3333320617676
78.5299987792969	53.3333320617676
78.5400009155273	46.6666679382324
78.5500030517578	53.3333320617676
78.5599975585938	73.3333358764648
78.5699996948242	93.3333358764648
78.5800018310547	86.6666641235352
78.5899963378906	100
78.5999984741211	46.6666679382324
78.6100006103516	86.6666641235352
78.620002746582	113.333335876465
78.629997253418	33.3333320617676
78.6399993896484	60
78.6500015258789	40
78.6600036621094	73.3333358764648
78.6699981689453	40
78.6800003051758	46.6666679382324
78.6900024414063	60
78.6999969482422	100
78.7099990844727	53.3333320617676
78.7200012207031	66.6666641235352
78.7300033569336	73.3333358764648
78.7399978637695	60
78.75	46.6666679382324
78.7600021362305	80
78.7699966430664	53.3333320617676
78.7799987792969	86.6666641235352
78.7900009155273	60
78.8000030517578	100
78.8099975585938	60
78.8199996948242	86.6666641235352
78.8300018310547	80
78.8399963378906	80
78.8499984741211	40
78.8600006103516	73.3333358764648
78.870002746582	86.6666641235352
78.879997253418	60
78.8899993896484	53.3333320617676
78.9000015258789	53.3333320617676
78.9100036621094	46.6666679382324
78.9199981689453	106.666664123535
78.9300003051758	86.6666641235352
78.9400024414063	53.3333320617676
78.9499969482422	46.6666679382324
78.9599990844727	106.666664123535
78.9700012207031	80
78.9800033569336	46.6666679382324
78.9899978637695	53.3333320617676
79	93.3333358764648
79.0100021362305	60
79.0199966430664	93.3333358764648
79.0299987792969	73.3333358764648
79.0400009155273	66.6666641235352
79.0500030517578	46.6666679382324
79.0599975585938	73.3333358764648
79.0699996948242	80
79.0800018310547	73.3333358764648
79.0899963378906	53.3333320617676
79.0999984741211	60
79.1100006103516	53.3333320617676
79.120002746582	60
79.129997253418	80
79.1399993896484	46.6666679382324
79.1500015258789	100
79.1600036621094	86.6666641235352
79.1699981689453	53.3333320617676
79.1800003051758	40
79.1900024414063	73.3333358764648
79.1999969482422	86.6666641235352
79.2099990844727	60
79.2200012207031	73.3333358764648
79.2300033569336	93.3333358764648
79.2399978637695	46.6666679382324
79.25	80
79.2600021362305	40
79.2699966430664	66.6666641235352
79.2799987792969	20
79.2900009155273	46.6666679382324
79.3000030517578	53.3333320617676
79.3099975585938	93.3333358764648
79.3199996948242	73.3333358764648
79.3300018310547	46.6666679382324
79.3399963378906	86.6666641235352
79.3499984741211	100
79.3600006103516	93.3333358764648
79.370002746582	66.6666641235352
79.379997253418	66.6666641235352
79.3899993896484	40
79.4000015258789	100
79.4100036621094	86.6666641235352
79.4199981689453	46.6666679382324
79.4300003051758	100
79.4400024414063	53.3333320617676
79.4499969482422	60
79.4599990844727	60
79.4700012207031	40
79.4800033569336	60
79.4899978637695	40
79.5	53.3333320617676
79.5100021362305	93.3333358764648
79.5199966430664	66.6666641235352
79.5299987792969	53.3333320617676
79.5400009155273	80
79.5500030517578	66.6666641235352
79.5599975585938	66.6666641235352
79.5699996948242	86.6666641235352
79.5800018310547	40
79.5899963378906	26.6666660308838
79.5999984741211	20
79.6100006103516	46.6666679382324
79.620002746582	46.6666679382324
79.629997253418	73.3333358764648
79.6399993896484	46.6666679382324
79.6500015258789	40
79.6600036621094	53.3333320617676
79.6699981689453	80
79.6800003051758	66.6666641235352
79.6900024414063	40
79.6999969482422	80
79.7099990844727	100
79.7200012207031	60
79.7300033569336	80
79.7399978637695	53.3333320617676
79.75	60
79.7600021362305	73.3333358764648
79.7699966430664	40
79.7799987792969	60
79.7900009155273	53.3333320617676
79.8000030517578	73.3333358764648
79.8099975585938	66.6666641235352
79.8199996948242	80
79.8300018310547	93.3333358764648
79.8399963378906	93.3333358764648
79.8499984741211	33.3333320617676
79.8600006103516	53.3333320617676
79.870002746582	86.6666641235352
79.879997253418	60
79.8899993896484	46.6666679382324
79.9000015258789	86.6666641235352
79.9100036621094	46.6666679382324
79.9199981689453	60
79.9300003051758	46.6666679382324
79.9400024414063	46.6666679382324
79.9499969482422	86.6666641235352
79.9599990844727	33.3333320617676
79.9700012207031	80
79.9800033569336	53.3333320617676
79.9899978637695	53.3333320617676
80	80
80.0100021362305	66.6666641235352
80.0199966430664	66.6666641235352
80.0299987792969	66.6666641235352
80.0400009155273	113.333335876465
80.0500030517578	60
80.0599975585938	46.6666679382324
80.0699996948242	86.6666641235352
80.0800018310547	53.3333320617676
80.0899963378906	46.6666679382324
80.0999984741211	46.6666679382324
80.1100006103516	33.3333320617676
80.120002746582	53.3333320617676
80.129997253418	46.6666679382324
80.1399993896484	46.6666679382324
80.1500015258789	33.3333320617676
80.1600036621094	33.3333320617676
80.1699981689453	53.3333320617676
80.1800003051758	66.6666641235352
80.1900024414063	26.6666660308838
80.1999969482422	60
80.2099990844727	60
80.2200012207031	60
80.2300033569336	66.6666641235352
80.2399978637695	53.3333320617676
80.25	80
80.2600021362305	73.3333358764648
80.2699966430664	60
80.2799987792969	46.6666679382324
80.2900009155273	60
80.3000030517578	53.3333320617676
80.3099975585938	46.6666679382324
80.3199996948242	26.6666660308838
80.3300018310547	73.3333358764648
80.3399963378906	73.3333358764648
80.3499984741211	53.3333320617676
80.3600006103516	73.3333358764648
80.370002746582	66.6666641235352
80.379997253418	66.6666641235352
80.3899993896484	66.6666641235352
80.4000015258789	80
80.4100036621094	33.3333320617676
80.4199981689453	40
80.4300003051758	73.3333358764648
80.4400024414063	93.3333358764648
80.4499969482422	46.6666679382324
80.4599990844727	66.6666641235352
80.4700012207031	93.3333358764648
80.4800033569336	80
80.4899978637695	80
80.5	53.3333320617676
80.5100021362305	80
80.5199966430664	46.6666679382324
80.5299987792969	53.3333320617676
80.5400009155273	60
80.5500030517578	40
80.5599975585938	73.3333358764648
80.5699996948242	93.3333358764648
80.5800018310547	100
80.5899963378906	53.3333320617676
80.5999984741211	93.3333358764648
80.6100006103516	86.6666641235352
80.620002746582	46.6666679382324
80.629997253418	73.3333358764648
80.6399993896484	100
80.6500015258789	66.6666641235352
80.6600036621094	53.3333320617676
80.6699981689453	93.3333358764648
80.6800003051758	60
80.6900024414063	46.6666679382324
80.6999969482422	93.3333358764648
80.7099990844727	60
80.7200012207031	80
80.7300033569336	66.6666641235352
80.7399978637695	93.3333358764648
80.75	60
80.7600021362305	93.3333358764648
80.7699966430664	60
80.7799987792969	40
80.7900009155273	60
80.8000030517578	113.333335876465
80.8099975585938	53.3333320617676
80.8199996948242	80
80.8300018310547	60
80.8399963378906	53.3333320617676
80.8499984741211	73.3333358764648
80.8600006103516	60
80.870002746582	46.6666679382324
80.879997253418	106.666664123535
80.8899993896484	40
80.9000015258789	93.3333358764648
80.9100036621094	86.6666641235352
80.9199981689453	66.6666641235352
80.9300003051758	100
80.9400024414063	46.6666679382324
80.9499969482422	40
80.9599990844727	73.3333358764648
80.9700012207031	80
80.9800033569336	100
80.9899978637695	93.3333358764648
81	86.6666641235352
81.0100021362305	73.3333358764648
81.0199966430664	53.3333320617676
81.0299987792969	60
81.0400009155273	73.3333358764648
81.0500030517578	60
81.0599975585938	66.6666641235352
81.0699996948242	66.6666641235352
81.0800018310547	33.3333320617676
81.0899963378906	53.3333320617676
81.0999984741211	46.6666679382324
81.1100006103516	53.3333320617676
81.120002746582	60
81.129997253418	80
81.1399993896484	60
81.1500015258789	93.3333358764648
81.1600036621094	113.333335876465
81.1699981689453	86.6666641235352
81.1800003051758	66.6666641235352
81.1900024414063	80
81.1999969482422	40
81.2099990844727	60
81.2200012207031	66.6666641235352
81.2300033569336	53.3333320617676
81.2399978637695	53.3333320617676
81.25	60
81.2600021362305	46.6666679382324
81.2699966430664	26.6666660308838
81.2799987792969	66.6666641235352
81.2900009155273	46.6666679382324
81.3000030517578	33.3333320617676
81.3099975585938	33.3333320617676
81.3199996948242	53.3333320617676
81.3300018310547	60
81.3399963378906	73.3333358764648
81.3499984741211	80
81.3600006103516	86.6666641235352
81.370002746582	73.3333358764648
81.379997253418	73.3333358764648
81.3899993896484	60
81.4000015258789	60
81.4100036621094	53.3333320617676
81.4199981689453	60
81.4300003051758	26.6666660308838
81.4400024414063	66.6666641235352
81.4499969482422	66.6666641235352
81.4599990844727	66.6666641235352
81.4700012207031	80
81.4800033569336	60
81.4899978637695	80
81.5	33.3333320617676
81.5100021362305	53.3333320617676
81.5199966430664	80
81.5299987792969	80
81.5400009155273	100
81.5500030517578	46.6666679382324
81.5599975585938	66.6666641235352
81.5699996948242	46.6666679382324
81.5800018310547	73.3333358764648
81.5899963378906	46.6666679382324
81.5999984741211	73.3333358764648
81.6100006103516	66.6666641235352
81.620002746582	53.3333320617676
81.629997253418	60
81.6399993896484	100
81.6500015258789	106.666664123535
81.6600036621094	66.6666641235352
81.6699981689453	26.6666660308838
81.6800003051758	46.6666679382324
81.6900024414063	73.3333358764648
81.6999969482422	53.3333320617676
81.7099990844727	60
81.7200012207031	113.333335876465
81.7300033569336	86.6666641235352
81.7399978637695	80
81.75	46.6666679382324
81.7600021362305	80
81.7699966430664	66.6666641235352
81.7799987792969	46.6666679382324
81.7900009155273	33.3333320617676
81.8000030517578	113.333335876465
81.8099975585938	60
81.8199996948242	73.3333358764648
81.8300018310547	80
81.8399963378906	60
81.8499984741211	53.3333320617676
81.8600006103516	100
81.870002746582	86.6666641235352
81.879997253418	40
81.8899993896484	86.6666641235352
81.9000015258789	66.6666641235352
81.9100036621094	53.3333320617676
81.9199981689453	40
81.9300003051758	46.6666679382324
81.9400024414063	66.6666641235352
81.9499969482422	73.3333358764648
81.9599990844727	60
81.9700012207031	100
81.9800033569336	100
81.9899978637695	80
82	73.3333358764648
82.0100021362305	93.3333358764648
82.0199966430664	60
82.0299987792969	86.6666641235352
82.0400009155273	80
82.0500030517578	60
82.0599975585938	80
82.0699996948242	46.6666679382324
82.0800018310547	53.3333320617676
82.0899963378906	53.3333320617676
82.0999984741211	46.6666679382324
82.1100006103516	113.333335876465
82.120002746582	86.6666641235352
82.129997253418	113.333335876465
82.1399993896484	86.6666641235352
82.1500015258789	73.3333358764648
82.1600036621094	66.6666641235352
82.1699981689453	86.6666641235352
82.1800003051758	106.666664123535
82.1900024414063	120
82.1999969482422	86.6666641235352
82.2099990844727	126.666664123535
82.2200012207031	66.6666641235352
82.2300033569336	133.33332824707
82.2399978637695	93.3333358764648
82.25	73.3333358764648
82.2600021362305	140
82.2699966430664	53.3333320617676
82.2799987792969	86.6666641235352
82.2900009155273	86.6666641235352
82.3000030517578	53.3333320617676
82.3099975585938	93.3333358764648
82.3199996948242	100
82.3300018310547	100
82.3399963378906	93.3333358764648
82.3499984741211	60
82.3600006103516	80
82.370002746582	73.3333358764648
82.379997253418	86.6666641235352
82.3899993896484	93.3333358764648
82.4000015258789	86.6666641235352
82.4100036621094	86.6666641235352
82.4199981689453	73.3333358764648
82.4300003051758	53.3333320617676
82.4400024414063	80
82.4499969482422	66.6666641235352
82.4599990844727	66.6666641235352
82.4700012207031	73.3333358764648
82.4800033569336	86.6666641235352
82.4899978637695	66.6666641235352
82.5	60
82.5100021362305	86.6666641235352
82.5199966430664	86.6666641235352
82.5299987792969	80
82.5400009155273	80
82.5500030517578	80
82.5599975585938	73.3333358764648
82.5699996948242	93.3333358764648
82.5800018310547	60
82.5899963378906	73.3333358764648
82.5999984741211	80
82.6100006103516	93.3333358764648
82.620002746582	100
82.629997253418	66.6666641235352
82.6399993896484	40
82.6500015258789	73.3333358764648
82.6600036621094	106.666664123535
82.6699981689453	46.6666679382324
82.6800003051758	60
82.6900024414063	66.6666641235352
82.6999969482422	40
82.7099990844727	53.3333320617676
82.7200012207031	113.333335876465
82.7300033569336	40
82.7399978637695	40
82.75	60
82.7600021362305	60
82.7699966430664	100
82.7799987792969	73.3333358764648
82.7900009155273	46.6666679382324
82.8000030517578	80
82.8099975585938	93.3333358764648
82.8199996948242	80
82.8300018310547	80
82.8399963378906	100
82.8499984741211	86.6666641235352
82.8600006103516	33.3333320617676
82.870002746582	73.3333358764648
82.879997253418	66.6666641235352
82.8899993896484	73.3333358764648
82.9000015258789	53.3333320617676
82.9100036621094	60
82.9199981689453	46.6666679382324
82.9300003051758	53.3333320617676
82.9400024414063	80
82.9499969482422	46.6666679382324
82.9599990844727	33.3333320617676
82.9700012207031	60
82.9800033569336	33.3333320617676
82.9899978637695	60
83	46.6666679382324
83.0100021362305	73.3333358764648
83.0199966430664	93.3333358764648
83.0299987792969	93.3333358764648
83.0400009155273	66.6666641235352
83.0500030517578	40
83.0599975585938	86.6666641235352
83.0699996948242	46.6666679382324
83.0800018310547	26.6666660308838
83.0899963378906	26.6666660308838
83.0999984741211	80
83.1100006103516	86.6666641235352
83.120002746582	73.3333358764648
83.129997253418	60
83.1399993896484	40
83.1500015258789	66.6666641235352
83.1600036621094	73.3333358764648
83.1699981689453	80
83.1800003051758	66.6666641235352
83.1900024414063	46.6666679382324
83.1999969482422	66.6666641235352
83.2099990844727	80
83.2200012207031	80
83.2300033569336	86.6666641235352
83.2399978637695	86.6666641235352
83.25	53.3333320617676
83.2600021362305	80
83.2699966430664	53.3333320617676
83.2799987792969	60
83.2900009155273	66.6666641235352
83.3000030517578	33.3333320617676
83.3099975585938	66.6666641235352
83.3199996948242	60
83.3300018310547	73.3333358764648
83.3399963378906	60
83.3499984741211	73.3333358764648
83.3600006103516	26.6666660308838
83.370002746582	33.3333320617676
83.379997253418	93.3333358764648
83.3899993896484	80
83.4000015258789	60
83.4100036621094	60
83.4199981689453	80
83.4300003051758	53.3333320617676
83.4400024414063	60
83.4499969482422	33.3333320617676
83.4599990844727	46.6666679382324
83.4700012207031	80
83.4800033569336	73.3333358764648
83.4899978637695	60
83.5	46.6666679382324
83.5100021362305	46.6666679382324
83.5199966430664	53.3333320617676
83.5299987792969	33.3333320617676
83.5400009155273	33.3333320617676
83.5500030517578	73.3333358764648
83.5599975585938	33.3333320617676
83.5699996948242	66.6666641235352
83.5800018310547	66.6666641235352
83.5899963378906	60
83.5999984741211	33.3333320617676
83.6100006103516	66.6666641235352
83.620002746582	33.3333320617676
83.629997253418	46.6666679382324
83.6399993896484	33.3333320617676
83.6500015258789	66.6666641235352
83.6600036621094	53.3333320617676
83.6699981689453	66.6666641235352
83.6800003051758	66.6666641235352
83.6900024414063	46.6666679382324
83.6999969482422	80
83.7099990844727	40
83.7200012207031	60
83.7300033569336	33.3333320617676
83.7399978637695	46.6666679382324
83.75	73.3333358764648
83.7600021362305	66.6666641235352
83.7699966430664	60
83.7799987792969	53.3333320617676
83.7900009155273	40
83.8000030517578	66.6666641235352
83.8099975585938	73.3333358764648
83.8199996948242	60
83.8300018310547	80
83.8399963378906	66.6666641235352
83.8499984741211	60
83.8600006103516	86.6666641235352
83.870002746582	60
83.879997253418	66.6666641235352
83.8899993896484	26.6666660308838
83.9000015258789	86.6666641235352
83.9100036621094	80
83.9199981689453	60
83.9300003051758	60
83.9400024414063	86.6666641235352
83.9499969482422	46.6666679382324
83.9599990844727	60
83.9700012207031	33.3333320617676
83.9800033569336	46.6666679382324
83.9899978637695	66.6666641235352
84	66.6666641235352
84.0100021362305	73.3333358764648
84.0199966430664	80
84.0299987792969	46.6666679382324
84.0400009155273	60
84.0500030517578	73.3333358764648
84.0599975585938	53.3333320617676
84.0699996948242	33.3333320617676
84.0800018310547	53.3333320617676
84.0899963378906	86.6666641235352
84.0999984741211	73.3333358764648
84.1100006103516	46.6666679382324
84.120002746582	53.3333320617676
84.129997253418	60
84.1399993896484	66.6666641235352
84.1500015258789	60
84.1600036621094	80
84.1699981689453	66.6666641235352
84.1800003051758	60
84.1900024414063	100
84.1999969482422	40
84.2099990844727	66.6666641235352
84.2200012207031	46.6666679382324
84.2300033569336	93.3333358764648
84.2399978637695	73.3333358764648
84.25	60
84.2600021362305	100
84.2699966430664	93.3333358764648
84.2799987792969	93.3333358764648
84.2900009155273	40
84.3000030517578	73.3333358764648
84.3099975585938	33.3333320617676
84.3199996948242	40
84.3300018310547	93.3333358764648
84.3399963378906	53.3333320617676
84.3499984741211	60
84.3600006103516	66.6666641235352
84.370002746582	60
84.379997253418	60
84.3899993896484	66.6666641235352
84.4000015258789	53.3333320617676
84.4100036621094	60
84.4199981689453	80
84.4300003051758	73.3333358764648
84.4400024414063	106.666664123535
84.4499969482422	80
84.4599990844727	73.3333358764648
84.4700012207031	106.666664123535
84.4800033569336	100
84.4899978637695	80
84.5	53.3333320617676
84.5100021362305	100
84.5199966430664	106.666664123535
84.5299987792969	106.666664123535
84.5400009155273	93.3333358764648
84.5500030517578	80
84.5599975585938	60
84.5699996948242	100
84.5800018310547	66.6666641235352
84.5899963378906	60
84.5999984741211	73.3333358764648
84.6100006103516	93.3333358764648
84.620002746582	46.6666679382324
84.629997253418	66.6666641235352
84.6399993896484	86.6666641235352
84.6500015258789	100
84.6600036621094	86.6666641235352
84.6699981689453	93.3333358764648
84.6800003051758	60
84.6900024414063	66.6666641235352
84.6999969482422	80
84.7099990844727	86.6666641235352
84.7200012207031	40
84.7300033569336	86.6666641235352
84.7399978637695	60
84.75	20
84.7600021362305	46.6666679382324
84.7699966430664	60
84.7799987792969	66.6666641235352
84.7900009155273	46.6666679382324
84.8000030517578	53.3333320617676
84.8099975585938	80
84.8199996948242	46.6666679382324
84.8300018310547	46.6666679382324
84.8399963378906	113.333335876465
84.8499984741211	40
84.8600006103516	113.333335876465
84.870002746582	66.6666641235352
84.879997253418	53.3333320617676
84.8899993896484	53.3333320617676
84.9000015258789	60
84.9100036621094	86.6666641235352
84.9199981689453	60
84.9300003051758	53.3333320617676
84.9400024414063	86.6666641235352
84.9499969482422	66.6666641235352
84.9599990844727	53.3333320617676
84.9700012207031	80
84.9800033569336	46.6666679382324
84.9899978637695	46.6666679382324
85	73.3333358764648
85.0100021362305	80
85.0199966430664	33.3333320617676
85.0299987792969	73.3333358764648
85.0400009155273	73.3333358764648
85.0500030517578	66.6666641235352
85.0599975585938	66.6666641235352
85.0699996948242	80
85.0800018310547	60
85.0899963378906	86.6666641235352
85.0999984741211	60
85.1100006103516	40
85.120002746582	93.3333358764648
85.129997253418	66.6666641235352
85.1399993896484	80
85.1500015258789	60
85.1600036621094	53.3333320617676
85.1699981689453	53.3333320617676
85.1800003051758	73.3333358764648
85.1900024414063	46.6666679382324
85.1999969482422	33.3333320617676
85.2099990844727	86.6666641235352
85.2200012207031	93.3333358764648
85.2300033569336	86.6666641235352
85.2399978637695	66.6666641235352
85.25	60
85.2600021362305	60
85.2699966430664	66.6666641235352
85.2799987792969	73.3333358764648
85.2900009155273	66.6666641235352
85.3000030517578	60
85.3099975585938	80
85.3199996948242	66.6666641235352
85.3300018310547	106.666664123535
85.3399963378906	93.3333358764648
85.3499984741211	13.3333330154419
85.3600006103516	33.3333320617676
85.370002746582	73.3333358764648
85.379997253418	73.3333358764648
85.3899993896484	66.6666641235352
85.4000015258789	46.6666679382324
85.4100036621094	46.6666679382324
85.4199981689453	46.6666679382324
85.4300003051758	46.6666679382324
85.4400024414063	33.3333320617676
85.4499969482422	53.3333320617676
85.4599990844727	46.6666679382324
85.4700012207031	33.3333320617676
85.4800033569336	73.3333358764648
85.4899978637695	80
85.5	60
85.5100021362305	40
85.5199966430664	53.3333320617676
85.5299987792969	40
85.5400009155273	73.3333358764648
85.5500030517578	40
85.5599975585938	80
85.5699996948242	60
85.5800018310547	46.6666679382324
85.5899963378906	66.6666641235352
85.5999984741211	40
85.6100006103516	46.6666679382324
85.620002746582	46.6666679382324
85.629997253418	86.6666641235352
85.6399993896484	40
85.6500015258789	26.6666660308838
85.6600036621094	80
85.6699981689453	66.6666641235352
85.6800003051758	66.6666641235352
85.6900024414063	13.3333330154419
85.6999969482422	26.6666660308838
85.7099990844727	46.6666679382324
85.7200012207031	46.6666679382324
85.7300033569336	33.3333320617676
85.7399978637695	33.3333320617676
85.75	26.6666660308838
85.7600021362305	80
85.7699966430664	40
85.7799987792969	73.3333358764648
85.7900009155273	66.6666641235352
85.8000030517578	66.6666641235352
85.8099975585938	120
85.8199996948242	40
85.8300018310547	60
85.8399963378906	60
85.8499984741211	66.6666641235352
85.8600006103516	73.3333358764648
85.870002746582	53.3333320617676
85.879997253418	40
85.8899993896484	66.6666641235352
85.9000015258789	66.6666641235352
85.9100036621094	46.6666679382324
85.9199981689453	53.3333320617676
85.9300003051758	80
85.9400024414063	40
85.9499969482422	66.6666641235352
85.9599990844727	80
85.9700012207031	33.3333320617676
85.9800033569336	86.6666641235352
85.9899978637695	66.6666641235352
86	60
86.0100021362305	66.6666641235352
86.0199966430664	33.3333320617676
86.0299987792969	80
86.0400009155273	60
86.0500030517578	53.3333320617676
86.0599975585938	60
86.0699996948242	53.3333320617676
86.0800018310547	53.3333320617676
86.0899963378906	66.6666641235352
86.0999984741211	73.3333358764648
86.1100006103516	73.3333358764648
86.120002746582	40
86.129997253418	60
86.1399993896484	60
86.1500015258789	60
86.1600036621094	86.6666641235352
86.1699981689453	60
86.1800003051758	46.6666679382324
86.1900024414063	26.6666660308838
86.1999969482422	66.6666641235352
86.2099990844727	26.6666660308838
86.2200012207031	80
86.2300033569336	33.3333320617676
86.2399978637695	33.3333320617676
86.25	60
86.2600021362305	73.3333358764648
86.2699966430664	106.666664123535
86.2799987792969	40
86.2900009155273	93.3333358764648
86.3000030517578	66.6666641235352
86.3099975585938	80
86.3199996948242	46.6666679382324
86.3300018310547	73.3333358764648
86.3399963378906	33.3333320617676
86.3499984741211	26.6666660308838
86.3600006103516	60
86.370002746582	66.6666641235352
86.379997253418	93.3333358764648
86.3899993896484	86.6666641235352
86.4000015258789	60
86.4100036621094	53.3333320617676
86.4199981689453	53.3333320617676
86.4300003051758	46.6666679382324
86.4400024414063	66.6666641235352
86.4499969482422	93.3333358764648
86.4599990844727	73.3333358764648
86.4700012207031	86.6666641235352
86.4800033569336	53.3333320617676
86.4899978637695	66.6666641235352
86.5	33.3333320617676
86.5100021362305	66.6666641235352
86.5199966430664	100
86.5299987792969	80
86.5400009155273	53.3333320617676
86.5500030517578	100
86.5599975585938	100
86.5699996948242	86.6666641235352
86.5800018310547	86.6666641235352
86.5899963378906	66.6666641235352
86.5999984741211	100
86.6100006103516	73.3333358764648
86.620002746582	73.3333358764648
86.629997253418	86.6666641235352
86.6399993896484	133.33332824707
86.6500015258789	80
86.6600036621094	126.666664123535
86.6699981689453	120
86.6800003051758	86.6666641235352
86.6900024414063	100
86.6999969482422	140
86.7099990844727	100
86.7200012207031	153.33332824707
86.7300033569336	113.333335876465
86.7399978637695	60
86.75	100
86.7600021362305	100
86.7699966430664	126.666664123535
86.7799987792969	120
86.7900009155273	93.3333358764648
86.8000030517578	153.33332824707
86.8099975585938	100
86.8199996948242	106.666664123535
86.8300018310547	140
86.8399963378906	93.3333358764648
86.8499984741211	80
86.8600006103516	93.3333358764648
86.870002746582	140
86.879997253418	113.333335876465
86.8899993896484	80
86.9000015258789	53.3333320617676
86.9100036621094	66.6666641235352
86.9199981689453	86.6666641235352
86.9300003051758	86.6666641235352
86.9400024414063	46.6666679382324
86.9499969482422	80
86.9599990844727	113.333335876465
86.9700012207031	86.6666641235352
86.9800033569336	86.6666641235352
86.9899978637695	73.3333358764648
87	126.666664123535
87.0100021362305	93.3333358764648
87.0199966430664	126.666664123535
87.0299987792969	86.6666641235352
87.0400009155273	133.33332824707
87.0500030517578	66.6666641235352
87.0599975585938	113.333335876465
87.0699996948242	73.3333358764648
87.0800018310547	73.3333358764648
87.0899963378906	53.3333320617676
87.0999984741211	73.3333358764648
87.1100006103516	80
87.120002746582	46.6666679382324
87.129997253418	86.6666641235352
87.1399993896484	46.6666679382324
87.1500015258789	86.6666641235352
87.1600036621094	60
87.1699981689453	73.3333358764648
87.1800003051758	73.3333358764648
87.1900024414063	46.6666679382324
87.1999969482422	26.6666660308838
87.2099990844727	33.3333320617676
87.2200012207031	26.6666660308838
87.2300033569336	73.3333358764648
87.2399978637695	60
87.25	73.3333358764648
87.2600021362305	53.3333320617676
87.2699966430664	40
87.2799987792969	46.6666679382324
87.2900009155273	26.6666660308838
87.3000030517578	66.6666641235352
87.3099975585938	53.3333320617676
87.3199996948242	33.3333320617676
87.3300018310547	60
87.3399963378906	60
87.3499984741211	60
87.3600006103516	46.6666679382324
87.370002746582	53.3333320617676
87.379997253418	80
87.3899993896484	60
87.4000015258789	40
87.4100036621094	60
87.4199981689453	46.6666679382324
87.4300003051758	40
87.4400024414063	46.6666679382324
87.4499969482422	33.3333320617676
87.4599990844727	20
87.4700012207031	66.6666641235352
87.4800033569336	60
87.4899978637695	73.3333358764648
87.5	53.3333320617676
87.5100021362305	26.6666660308838
87.5199966430664	53.3333320617676
87.5299987792969	80
87.5400009155273	33.3333320617676
87.5500030517578	40
87.5599975585938	53.3333320617676
87.5699996948242	53.3333320617676
87.5800018310547	80
87.5899963378906	73.3333358764648
87.5999984741211	60
87.6100006103516	53.3333320617676
87.620002746582	80
87.629997253418	53.3333320617676
87.6399993896484	40
87.6500015258789	66.6666641235352
87.6600036621094	73.3333358764648
87.6699981689453	113.333335876465
87.6800003051758	80
87.6900024414063	46.6666679382324
87.6999969482422	46.6666679382324
87.7099990844727	40
87.7200012207031	60
87.7300033569336	40
87.7399978637695	60
87.75	60
87.7600021362305	73.3333358764648
87.7699966430664	46.6666679382324
87.7799987792969	46.6666679382324
87.7900009155273	33.3333320617676
87.8000030517578	26.6666660308838
87.8099975585938	106.666664123535
87.8199996948242	80
87.8300018310547	46.6666679382324
87.8399963378906	66.6666641235352
87.8499984741211	53.3333320617676
87.8600006103516	53.3333320617676
87.870002746582	40
87.879997253418	46.6666679382324
87.8899993896484	73.3333358764648
87.9000015258789	26.6666660308838
87.9100036621094	46.6666679382324
87.9199981689453	46.6666679382324
87.9300003051758	53.3333320617676
87.9400024414063	73.3333358764648
87.9499969482422	46.6666679382324
87.9599990844727	86.6666641235352
87.9700012207031	66.6666641235352
87.9800033569336	46.6666679382324
87.9899978637695	53.3333320617676
88	60
88.0100021362305	80
88.0199966430664	40
88.0299987792969	86.6666641235352
88.0400009155273	93.3333358764648
88.0500030517578	53.3333320617676
88.0599975585938	60
88.0699996948242	60
88.0800018310547	60
88.0899963378906	73.3333358764648
88.0999984741211	40
88.1100006103516	53.3333320617676
88.120002746582	60
88.129997253418	46.6666679382324
88.1399993896484	60
88.1500015258789	40
88.1600036621094	66.6666641235352
88.1699981689453	86.6666641235352
88.1800003051758	60
88.1900024414063	60
88.1999969482422	66.6666641235352
88.2099990844727	46.6666679382324
88.2200012207031	40
88.2300033569336	60
88.2399978637695	46.6666679382324
88.25	73.3333358764648
88.2600021362305	60
88.2699966430664	46.6666679382324
88.2799987792969	106.666664123535
88.2900009155273	40
88.3000030517578	33.3333320617676
88.3099975585938	73.3333358764648
88.3199996948242	53.3333320617676
88.3300018310547	93.3333358764648
88.3399963378906	46.6666679382324
88.3499984741211	93.3333358764648
88.3600006103516	86.6666641235352
88.370002746582	66.6666641235352
88.379997253418	66.6666641235352
88.3899993896484	53.3333320617676
88.4000015258789	60
88.4100036621094	73.3333358764648
88.4199981689453	100
88.4300003051758	73.3333358764648
88.4400024414063	66.6666641235352
88.4499969482422	53.3333320617676
88.4599990844727	80
88.4700012207031	33.3333320617676
88.4800033569336	46.6666679382324
88.4899978637695	73.3333358764648
88.5	53.3333320617676
88.5100021362305	66.6666641235352
88.5199966430664	46.6666679382324
88.5299987792969	60
88.5400009155273	60
88.5500030517578	73.3333358764648
88.5599975585938	46.6666679382324
88.5699996948242	53.3333320617676
88.5800018310547	60
88.5899963378906	80
88.5999984741211	86.6666641235352
88.6100006103516	80
88.620002746582	53.3333320617676
88.629997253418	66.6666641235352
88.6399993896484	73.3333358764648
88.6500015258789	53.3333320617676
88.6600036621094	46.6666679382324
88.6699981689453	60
88.6800003051758	26.6666660308838
88.6900024414063	53.3333320617676
88.6999969482422	80
88.7099990844727	80
88.7200012207031	73.3333358764648
88.7300033569336	66.6666641235352
88.7399978637695	46.6666679382324
88.75	73.3333358764648
88.7600021362305	73.3333358764648
88.7699966430664	100
88.7799987792969	53.3333320617676
88.7900009155273	33.3333320617676
88.8000030517578	53.3333320617676
88.8099975585938	60
88.8199996948242	100
88.8300018310547	80
88.8399963378906	80
88.8499984741211	53.3333320617676
88.8600006103516	46.6666679382324
88.870002746582	60
88.879997253418	100
88.8899993896484	100
88.9000015258789	100
88.9100036621094	66.6666641235352
88.9199981689453	60
88.9300003051758	66.6666641235352
88.9400024414063	53.3333320617676
88.9499969482422	73.3333358764648
88.9599990844727	60
88.9700012207031	40
88.9800033569336	66.6666641235352
88.9899978637695	33.3333320617676
89	66.6666641235352
89.0100021362305	33.3333320617676
89.0199966430664	53.3333320617676
89.0299987792969	53.3333320617676
89.0400009155273	86.6666641235352
89.0500030517578	66.6666641235352
89.0599975585938	46.6666679382324
89.0699996948242	40
89.0800018310547	66.6666641235352
89.0899963378906	40
89.0999984741211	46.6666679382324
89.1100006103516	73.3333358764648
89.120002746582	53.3333320617676
89.129997253418	60
89.1399993896484	46.6666679382324
89.1500015258789	53.3333320617676
89.1600036621094	40
89.1699981689453	66.6666641235352
89.1800003051758	73.3333358764648
89.1900024414063	66.6666641235352
89.1999969482422	73.3333358764648
89.2099990844727	86.6666641235352
89.2200012207031	80
89.2300033569336	60
89.2399978637695	73.3333358764648
89.25	53.3333320617676
89.2600021362305	66.6666641235352
89.2699966430664	86.6666641235352
89.2799987792969	46.6666679382324
89.2900009155273	60
89.3000030517578	73.3333358764648
89.3099975585938	80
89.3199996948242	53.3333320617676
89.3300018310547	46.6666679382324
89.3399963378906	73.3333358764648
89.3499984741211	46.6666679382324
89.3600006103516	73.3333358764648
89.370002746582	40
89.379997253418	46.6666679382324
89.3899993896484	80
89.4000015258789	73.3333358764648
89.4100036621094	66.6666641235352
89.4199981689453	66.6666641235352
89.4300003051758	46.6666679382324
89.4400024414063	80
89.4499969482422	40
89.4599990844727	46.6666679382324
89.4700012207031	80
89.4800033569336	86.6666641235352
89.4899978637695	46.6666679382324
89.5	53.3333320617676
89.5100021362305	106.666664123535
89.5199966430664	46.6666679382324
89.5299987792969	60
89.5400009155273	60
89.5500030517578	26.6666660308838
89.5599975585938	40
89.5699996948242	53.3333320617676
89.5800018310547	86.6666641235352
89.5899963378906	73.3333358764648
89.5999984741211	93.3333358764648
89.6100006103516	40
89.620002746582	73.3333358764648
89.629997253418	53.3333320617676
89.6399993896484	60
89.6500015258789	60
89.6600036621094	33.3333320617676
89.6699981689453	73.3333358764648
89.6800003051758	80
89.6900024414063	46.6666679382324
89.6999969482422	53.3333320617676
89.7099990844727	46.6666679382324
89.7200012207031	40
89.7300033569336	53.3333320617676
89.7399978637695	33.3333320617676
89.75	73.3333358764648
89.7600021362305	73.3333358764648
89.7699966430664	86.6666641235352
89.7799987792969	86.6666641235352
89.7900009155273	73.3333358764648
89.8000030517578	86.6666641235352
89.8099975585938	80
89.8199996948242	53.3333320617676
89.8300018310547	100
89.8399963378906	73.3333358764648
89.8499984741211	46.6666679382324
89.8600006103516	53.3333320617676
89.870002746582	33.3333320617676
89.879997253418	73.3333358764648
89.8899993896484	53.3333320617676
89.9000015258789	66.6666641235352
89.9100036621094	53.3333320617676
89.9199981689453	53.3333320617676
89.9300003051758	73.3333358764648
89.9400024414063	53.3333320617676
89.9499969482422	46.6666679382324
89.9599990844727	40
89.9700012207031	73.3333358764648
89.9800033569336	80
89.9899978637695	86.6666641235352
90	73.3333358764648
