Ti.TiO2-IrO2 (90.10)/1	
θ/2θ, °	Intensity, cps
5	460
5.01000022888184	486.666656494141
5.01999998092651	500
5.03000020980835	333.333343505859
5.03999996185303	400
5.05000019073486	460
5.05999994277954	533.333312988281
5.07000017166138	500
5.07999992370605	500
5.09000015258789	473.333343505859
5.09999990463257	473.333343505859
5.1100001335144	480
5.11999988555908	560
5.13000011444092	540
5.1399998664856	520
5.15000009536743	440
5.15999984741211	493.333343505859
5.17000007629395	506.666656494141
5.17999982833862	473.333343505859
5.19000005722046	433.333343505859
5.19999980926514	453.333343505859
5.21000003814697	473.333343505859
5.21999979019165	440
5.23000001907349	546.666687011719
5.23999977111816	433.333343505859
5.25	546.666687011719
5.26000022888184	413.333343505859
5.26999998092651	553.333312988281
5.28000020980835	460
5.28999996185303	600
5.30000019073486	513.333312988281
5.30999994277954	413.333343505859
5.32000017166138	353.333343505859
5.32999992370605	520
5.34000015258789	526.666687011719
5.34999990463257	480
5.3600001335144	466.666656494141
5.36999988555908	573.333312988281
5.38000011444092	586.666687011719
5.3899998664856	480
5.40000009536743	453.333343505859
5.40999984741211	473.333343505859
5.42000007629395	480
5.42999982833862	486.666656494141
5.44000005722046	560
5.44999980926514	380
5.46000003814697	493.333343505859
5.46999979019165	473.333343505859
5.48000001907349	520
5.48999977111816	506.666656494141
5.5	420
5.51000022888184	540
5.51999998092651	566.666687011719
5.53000020980835	420
5.53999996185303	400
5.55000019073486	566.666687011719
5.55999994277954	500
5.57000017166138	493.333343505859
5.57999992370605	473.333343505859
5.59000015258789	420
5.59999990463257	420
5.6100001335144	460
5.61999988555908	460
5.63000011444092	526.666687011719
5.6399998664856	486.666656494141
5.65000009536743	493.333343505859
5.65999984741211	566.666687011719
5.67000007629395	493.333343505859
5.67999982833862	400
5.69000005722046	440
5.69999980926514	433.333343505859
5.71000003814697	600
5.71999979019165	446.666656494141
5.73000001907349	520
5.73999977111816	520
5.75	566.666687011719
5.76000022888184	406.666656494141
5.76999998092651	553.333312988281
5.78000020980835	500
5.78999996185303	480
5.80000019073486	493.333343505859
5.80999994277954	553.333312988281
5.82000017166138	480
5.82999992370605	653.333312988281
5.84000015258789	500
5.84999990463257	526.666687011719
5.8600001335144	440
5.86999988555908	573.333312988281
5.88000011444092	520
5.8899998664856	486.666656494141
5.90000009536743	500
5.90999984741211	513.333312988281
5.92000007629395	473.333343505859
5.92999982833862	573.333312988281
5.94000005722046	420
5.94999980926514	580
5.96000003814697	560
5.96999979019165	606.666687011719
5.98000001907349	460
5.98999977111816	593.333312988281
6	560
6.01000022888184	526.666687011719
6.01999998092651	506.666656494141
6.03000020980835	493.333343505859
6.03999996185303	533.333312988281
6.05000019073486	526.666687011719
6.05999994277954	546.666687011719
6.07000017166138	593.333312988281
6.07999992370605	593.333312988281
6.09000015258789	553.333312988281
6.09999990463257	453.333343505859
6.1100001335144	493.333343505859
6.11999988555908	600
6.13000011444092	493.333343505859
6.1399998664856	566.666687011719
6.15000009536743	613.333312988281
6.15999984741211	566.666687011719
6.17000007629395	460
6.17999982833862	506.666656494141
6.19000005722046	466.666656494141
6.19999980926514	513.333312988281
6.21000003814697	493.333343505859
6.21999979019165	413.333343505859
6.23000001907349	486.666656494141
6.23999977111816	513.333312988281
6.25	566.666687011719
6.26000022888184	580
6.26999998092651	453.333343505859
6.28000020980835	586.666687011719
6.28999996185303	546.666687011719
6.30000019073486	553.333312988281
6.30999994277954	513.333312988281
6.32000017166138	593.333312988281
6.32999992370605	466.666656494141
6.34000015258789	533.333312988281
6.34999990463257	546.666687011719
6.3600001335144	480
6.36999988555908	493.333343505859
6.38000011444092	466.666656494141
6.3899998664856	493.333343505859
6.40000009536743	553.333312988281
6.40999984741211	606.666687011719
6.42000007629395	626.666687011719
6.42999982833862	506.666656494141
6.44000005722046	506.666656494141
6.44999980926514	586.666687011719
6.46000003814697	633.333312988281
6.46999979019165	520
6.48000001907349	446.666656494141
6.48999977111816	546.666687011719
6.5	520
6.51000022888184	480
6.51999998092651	586.666687011719
6.53000020980835	473.333343505859
6.53999996185303	546.666687011719
6.55000019073486	520
6.55999994277954	546.666687011719
6.57000017166138	580
6.57999992370605	566.666687011719
6.59000015258789	486.666656494141
6.59999990463257	560
6.6100001335144	553.333312988281
6.61999988555908	433.333343505859
6.63000011444092	406.666656494141
6.6399998664856	580
6.65000009536743	553.333312988281
6.65999984741211	486.666656494141
6.67000007629395	553.333312988281
6.67999982833862	540
6.69000005722046	540
6.69999980926514	586.666687011719
6.71000003814697	593.333312988281
6.71999979019165	546.666687011719
6.73000001907349	573.333312988281
6.73999977111816	513.333312988281
6.75	606.666687011719
6.76000022888184	453.333343505859
6.76999998092651	506.666656494141
6.78000020980835	540
6.78999996185303	626.666687011719
6.80000019073486	480
6.80999994277954	473.333343505859
6.82000017166138	553.333312988281
6.82999992370605	586.666687011719
6.84000015258789	460
6.84999990463257	580
6.8600001335144	646.666687011719
6.86999988555908	486.666656494141
6.88000011444092	540
6.8899998664856	520
6.90000009536743	513.333312988281
6.90999984741211	493.333343505859
6.92000007629395	600
6.92999982833862	446.666656494141
6.94000005722046	506.666656494141
6.94999980926514	506.666656494141
6.96000003814697	466.666656494141
6.96999979019165	506.666656494141
6.98000001907349	546.666687011719
6.98999977111816	493.333343505859
7	573.333312988281
7.01000022888184	573.333312988281
7.01999998092651	540
7.03000020980835	526.666687011719
7.03999996185303	460
7.05000019073486	533.333312988281
7.05999994277954	566.666687011719
7.07000017166138	420
7.07999992370605	466.666656494141
7.09000015258789	513.333312988281
7.09999990463257	486.666656494141
7.1100001335144	480
7.11999988555908	566.666687011719
7.13000011444092	553.333312988281
7.1399998664856	546.666687011719
7.15000009536743	553.333312988281
7.15999984741211	506.666656494141
7.17000007629395	506.666656494141
7.17999982833862	513.333312988281
7.19000005722046	526.666687011719
7.19999980926514	480
7.21000003814697	526.666687011719
7.21999979019165	506.666656494141
7.23000001907349	546.666687011719
7.23999977111816	446.666656494141
7.25	453.333343505859
7.26000022888184	500
7.26999998092651	593.333312988281
7.28000020980835	566.666687011719
7.28999996185303	526.666687011719
7.30000019073486	486.666656494141
7.30999994277954	526.666687011719
7.32000017166138	540
7.32999992370605	506.666656494141
7.34000015258789	433.333343505859
7.34999990463257	413.333343505859
7.3600001335144	413.333343505859
7.36999988555908	533.333312988281
7.38000011444092	480
7.3899998664856	453.333343505859
7.40000009536743	560
7.40999984741211	433.333343505859
7.42000007629395	493.333343505859
7.42999982833862	546.666687011719
7.44000005722046	566.666687011719
7.44999980926514	486.666656494141
7.46000003814697	573.333312988281
7.46999979019165	506.666656494141
7.48000001907349	526.666687011719
7.48999977111816	433.333343505859
7.5	406.666656494141
7.51000022888184	560
7.51999998092651	526.666687011719
7.53000020980835	413.333343505859
7.53999996185303	520
7.55000019073486	500
7.55999994277954	540
7.57000017166138	520
7.57999992370605	486.666656494141
7.59000015258789	480
7.59999990463257	493.333343505859
7.6100001335144	526.666687011719
7.61999988555908	466.666656494141
7.63000011444092	493.333343505859
7.6399998664856	506.666656494141
7.65000009536743	486.666656494141
7.65999984741211	460
7.67000007629395	486.666656494141
7.67999982833862	433.333343505859
7.69000005722046	526.666687011719
7.69999980926514	480
7.71000003814697	473.333343505859
7.71999979019165	473.333343505859
7.73000001907349	473.333343505859
7.73999977111816	460
7.75	453.333343505859
7.76000022888184	513.333312988281
7.76999998092651	446.666656494141
7.78000020980835	500
7.78999996185303	440
7.80000019073486	473.333343505859
7.80999994277954	540
7.82000017166138	553.333312988281
7.82999992370605	533.333312988281
7.84000015258789	453.333343505859
7.84999990463257	493.333343505859
7.8600001335144	553.333312988281
7.86999988555908	580
7.88000011444092	460
7.8899998664856	520
7.90000009536743	586.666687011719
7.90999984741211	633.333312988281
7.92000007629395	433.333343505859
7.92999982833862	393.333343505859
7.94000005722046	573.333312988281
7.94999980926514	480
7.96000003814697	480
7.96999979019165	460
7.98000001907349	473.333343505859
7.98999977111816	486.666656494141
8	420
8.01000022888184	413.333343505859
8.02000045776367	453.333343505859
8.02999973297119	526.666687011719
8.03999996185303	533.333312988281
8.05000019073486	446.666656494141
8.0600004196167	580
8.06999969482422	600
8.07999992370605	386.666656494141
8.09000015258789	506.666656494141
8.10000038146973	493.333343505859
8.10999965667725	466.666656494141
8.11999988555908	506.666656494141
8.13000011444092	466.666656494141
8.14000034332275	506.666656494141
8.14999961853027	453.333343505859
8.15999984741211	506.666656494141
8.17000007629395	406.666656494141
8.18000030517578	520
8.1899995803833	480
8.19999980926514	453.333343505859
8.21000003814697	466.666656494141
8.22000026702881	486.666656494141
8.22999954223633	446.666656494141
8.23999977111816	506.666656494141
8.25	506.666656494141
8.26000022888184	460
8.27000045776367	473.333343505859
8.27999973297119	446.666656494141
8.28999996185303	393.333343505859
8.30000019073486	466.666656494141
8.3100004196167	553.333312988281
8.31999969482422	433.333343505859
8.32999992370605	373.333343505859
8.34000015258789	486.666656494141
8.35000038146973	386.666656494141
8.35999965667725	440
8.36999988555908	526.666687011719
8.38000011444092	506.666656494141
8.39000034332275	480
8.39999961853027	493.333343505859
8.40999984741211	513.333312988281
8.42000007629395	406.666656494141
8.43000030517578	493.333343505859
8.4399995803833	466.666656494141
8.44999980926514	446.666656494141
8.46000003814697	373.333343505859
8.47000026702881	506.666656494141
8.47999954223633	493.333343505859
8.48999977111816	460
8.5	466.666656494141
8.51000022888184	406.666656494141
8.52000045776367	613.333312988281
8.52999973297119	433.333343505859
8.53999996185303	360
8.55000019073486	420
8.5600004196167	613.333312988281
8.56999969482422	473.333343505859
8.57999992370605	486.666656494141
8.59000015258789	433.333343505859
8.60000038146973	453.333343505859
8.60999965667725	386.666656494141
8.61999988555908	480
8.63000011444092	466.666656494141
8.64000034332275	386.666656494141
8.64999961853027	333.333343505859
8.65999984741211	366.666656494141
8.67000007629395	413.333343505859
8.68000030517578	486.666656494141
8.6899995803833	386.666656494141
8.69999980926514	446.666656494141
8.71000003814697	486.666656494141
8.72000026702881	486.666656494141
8.72999954223633	440
8.73999977111816	500
8.75	380
8.76000022888184	420
8.77000045776367	353.333343505859
8.77999973297119	460
8.78999996185303	506.666656494141
8.80000019073486	506.666656494141
8.8100004196167	466.666656494141
8.81999969482422	433.333343505859
8.82999992370605	506.666656494141
8.84000015258789	406.666656494141
8.85000038146973	380
8.85999965667725	440
8.86999988555908	340
8.88000011444092	440
8.89000034332275	386.666656494141
8.89999961853027	413.333343505859
8.90999984741211	413.333343505859
8.92000007629395	413.333343505859
8.93000030517578	446.666656494141
8.9399995803833	446.666656494141
8.94999980926514	433.333343505859
8.96000003814697	460
8.97000026702881	406.666656494141
8.97999954223633	346.666656494141
8.98999977111816	413.333343505859
9	466.666656494141
9.01000022888184	400
9.02000045776367	380
9.02999973297119	466.666656494141
9.03999996185303	433.333343505859
9.05000019073486	400
9.0600004196167	480
9.06999969482422	453.333343505859
9.07999992370605	406.666656494141
9.09000015258789	473.333343505859
9.10000038146973	366.666656494141
9.10999965667725	333.333343505859
9.11999988555908	433.333343505859
9.13000011444092	486.666656494141
9.14000034332275	386.666656494141
9.14999961853027	520
9.15999984741211	446.666656494141
9.17000007629395	406.666656494141
9.18000030517578	493.333343505859
9.1899995803833	360
9.19999980926514	413.333343505859
9.21000003814697	420
9.22000026702881	433.333343505859
9.22999954223633	440
9.23999977111816	366.666656494141
9.25	300
9.26000022888184	393.333343505859
9.27000045776367	366.666656494141
9.27999973297119	406.666656494141
9.28999996185303	526.666687011719
9.30000019073486	380
9.3100004196167	346.666656494141
9.31999969482422	360
9.32999992370605	353.333343505859
9.34000015258789	440
9.35000038146973	406.666656494141
9.35999965667725	433.333343505859
9.36999988555908	413.333343505859
9.38000011444092	366.666656494141
9.39000034332275	533.333312988281
9.39999961853027	440
9.40999984741211	386.666656494141
9.42000007629395	386.666656494141
9.43000030517578	380
9.4399995803833	413.333343505859
9.44999980926514	446.666656494141
9.46000003814697	326.666656494141
9.47000026702881	493.333343505859
9.47999954223633	440
9.48999977111816	440
9.5	413.333343505859
9.51000022888184	386.666656494141
9.52000045776367	380
9.52999973297119	326.666656494141
9.53999996185303	413.333343505859
9.55000019073486	460
9.5600004196167	380
9.56999969482422	400
9.57999992370605	366.666656494141
9.59000015258789	386.666656494141
9.60000038146973	366.666656494141
9.60999965667725	460
9.61999988555908	346.666656494141
9.63000011444092	326.666656494141
9.64000034332275	366.666656494141
9.64999961853027	340
9.65999984741211	420
9.67000007629395	366.666656494141
9.68000030517578	373.333343505859
9.6899995803833	393.333343505859
9.69999980926514	326.666656494141
9.71000003814697	360
9.72000026702881	386.666656494141
9.72999954223633	326.666656494141
9.73999977111816	366.666656494141
9.75	366.666656494141
9.76000022888184	413.333343505859
9.77000045776367	300
9.77999973297119	500
9.78999996185303	473.333343505859
9.80000019073486	353.333343505859
9.8100004196167	393.333343505859
9.81999969482422	360
9.82999992370605	373.333343505859
9.84000015258789	420
9.85000038146973	453.333343505859
9.85999965667725	300
9.86999988555908	313.333343505859
9.88000011444092	320
9.89000034332275	366.666656494141
9.89999961853027	346.666656494141
9.90999984741211	353.333343505859
9.92000007629395	366.666656494141
9.93000030517578	366.666656494141
9.9399995803833	320
9.94999980926514	420
9.96000003814697	346.666656494141
9.97000026702881	320
9.97999954223633	333.333343505859
9.98999977111816	413.333343505859
10	420
10.0100002288818	340
10.0200004577637	373.333343505859
10.0299997329712	386.666656494141
10.039999961853	420
10.0500001907349	453.333343505859
10.0600004196167	373.333343505859
10.0699996948242	353.333343505859
10.0799999237061	400
10.0900001525879	366.666656494141
10.1000003814697	406.666656494141
10.1099996566772	353.333343505859
10.1199998855591	340
10.1300001144409	340
10.1400003433228	326.666656494141
10.1499996185303	286.666656494141
10.1599998474121	360
10.1700000762939	360
10.1800003051758	420
10.1899995803833	313.333343505859
10.1999998092651	373.333343505859
10.210000038147	333.333343505859
10.2200002670288	413.333343505859
10.2299995422363	433.333343505859
10.2399997711182	386.666656494141
10.25	380
10.2600002288818	366.666656494141
10.2700004577637	340
10.2799997329712	366.666656494141
10.289999961853	280
10.3000001907349	373.333343505859
10.3100004196167	333.333343505859
10.3199996948242	346.666656494141
10.3299999237061	286.666656494141
10.3400001525879	360
10.3500003814697	380
10.3599996566772	300
10.3699998855591	346.666656494141
10.3800001144409	326.666656494141
10.3900003433228	326.666656494141
10.3999996185303	346.666656494141
10.4099998474121	326.666656494141
10.4200000762939	320
10.4300003051758	326.666656494141
10.4399995803833	306.666656494141
10.4499998092651	326.666656494141
10.460000038147	353.333343505859
10.4700002670288	466.666656494141
10.4799995422363	353.333343505859
10.4899997711182	333.333343505859
10.5	413.333343505859
10.5100002288818	340
10.5200004577637	320
10.5299997329712	313.333343505859
10.539999961853	300
10.5500001907349	366.666656494141
10.5600004196167	366.666656494141
10.5699996948242	360
10.5799999237061	346.666656494141
10.5900001525879	373.333343505859
10.6000003814697	340
10.6099996566772	366.666656494141
10.6199998855591	293.333343505859
10.6300001144409	320
10.6400003433228	360
10.6499996185303	346.666656494141
10.6599998474121	360
10.6700000762939	380
10.6800003051758	346.666656494141
10.6899995803833	266.666656494141
10.6999998092651	386.666656494141
10.710000038147	353.333343505859
10.7200002670288	366.666656494141
10.7299995422363	286.666656494141
10.7399997711182	273.333343505859
10.75	313.333343505859
10.7600002288818	253.33332824707
10.7700004577637	333.333343505859
10.7799997329712	313.333343505859
10.789999961853	266.666656494141
10.8000001907349	386.666656494141
10.8100004196167	346.666656494141
10.8199996948242	373.333343505859
10.8299999237061	393.333343505859
10.8400001525879	380
10.8500003814697	320
10.8599996566772	366.666656494141
10.8699998855591	340
10.8800001144409	413.333343505859
10.8900003433228	353.333343505859
10.8999996185303	420
10.9099998474121	346.666656494141
10.9200000762939	340
10.9300003051758	300
10.9399995803833	373.333343505859
10.9499998092651	286.666656494141
10.960000038147	300
10.9700002670288	393.333343505859
10.9799995422363	260
10.9899997711182	273.333343505859
11	360
11.0100002288818	346.666656494141
11.0200004577637	340
11.0299997329712	320
11.039999961853	346.666656494141
11.0500001907349	360
11.0600004196167	346.666656494141
11.0699996948242	306.666656494141
11.0799999237061	300
11.0900001525879	326.666656494141
11.1000003814697	360
11.1099996566772	400
11.1199998855591	280
11.1300001144409	300
11.1400003433228	346.666656494141
11.1499996185303	300
11.1599998474121	326.666656494141
11.1700000762939	313.333343505859
11.1800003051758	313.333343505859
11.1899995803833	280
11.1999998092651	320
11.210000038147	293.333343505859
11.2200002670288	266.666656494141
11.2299995422363	373.333343505859
11.2399997711182	333.333343505859
11.25	360
11.2600002288818	373.333343505859
11.2700004577637	413.333343505859
11.2799997329712	353.333343505859
11.289999961853	326.666656494141
11.3000001907349	266.666656494141
11.3100004196167	433.333343505859
11.3199996948242	380
11.3299999237061	306.666656494141
11.3400001525879	393.333343505859
11.3500003814697	240
11.3599996566772	340
11.3699998855591	333.333343505859
11.3800001144409	320
11.3900003433228	320
11.3999996185303	393.333343505859
11.4099998474121	353.333343505859
11.4200000762939	286.666656494141
11.4300003051758	393.333343505859
11.4399995803833	300
11.4499998092651	340
11.460000038147	306.666656494141
11.4700002670288	260
11.4799995422363	306.666656494141
11.4899997711182	260
11.5	300
11.5100002288818	300
11.5200004577637	346.666656494141
11.5299997329712	293.333343505859
11.539999961853	253.33332824707
11.5500001907349	286.666656494141
11.5600004196167	273.333343505859
11.5699996948242	346.666656494141
11.5799999237061	306.666656494141
11.5900001525879	333.333343505859
11.6000003814697	366.666656494141
11.6099996566772	420
11.6199998855591	386.666656494141
11.6300001144409	333.333343505859
11.6400003433228	326.666656494141
11.6499996185303	340
11.6599998474121	266.666656494141
11.6700000762939	306.666656494141
11.6800003051758	240
11.6899995803833	253.33332824707
11.6999998092651	306.666656494141
11.710000038147	293.333343505859
11.7200002670288	266.666656494141
11.7299995422363	306.666656494141
11.7399997711182	273.333343505859
11.75	300
11.7600002288818	293.333343505859
11.7700004577637	333.333343505859
11.7799997329712	380
11.789999961853	286.666656494141
11.8000001907349	393.333343505859
11.8100004196167	353.333343505859
11.8199996948242	360
11.8299999237061	406.666656494141
11.8400001525879	346.666656494141
11.8500003814697	313.333343505859
11.8599996566772	346.666656494141
11.8699998855591	293.333343505859
11.8800001144409	293.333343505859
11.8900003433228	300
11.8999996185303	326.666656494141
11.9099998474121	360
11.9200000762939	280
11.9300003051758	360
11.9399995803833	280
11.9499998092651	273.333343505859
11.960000038147	300
11.9700002670288	320
11.9799995422363	340
11.9899997711182	366.666656494141
12	293.333343505859
12.0100002288818	366.666656494141
12.0200004577637	286.666656494141
12.0299997329712	280
12.039999961853	300
12.0500001907349	306.666656494141
12.0600004196167	300
12.0699996948242	300
12.0799999237061	326.666656494141
12.0900001525879	306.666656494141
12.1000003814697	286.666656494141
12.1099996566772	306.666656494141
12.1199998855591	240
12.1300001144409	253.33332824707
12.1400003433228	340
12.1499996185303	280
12.1599998474121	300
12.1700000762939	286.666656494141
12.1800003051758	266.666656494141
12.1899995803833	300
12.1999998092651	226.66667175293
12.210000038147	286.666656494141
12.2200002670288	286.666656494141
12.2299995422363	266.666656494141
12.2399997711182	353.333343505859
12.25	306.666656494141
12.2600002288818	273.333343505859
12.2700004577637	293.333343505859
12.2799997329712	313.333343505859
12.289999961853	233.33332824707
12.3000001907349	293.333343505859
12.3100004196167	340
12.3199996948242	266.666656494141
12.3299999237061	266.666656494141
12.3400001525879	340
12.3500003814697	300
12.3599996566772	220
12.3699998855591	300
12.3800001144409	320
12.3900003433228	300
12.3999996185303	386.666656494141
12.4099998474121	260
12.4200000762939	333.333343505859
12.4300003051758	273.333343505859
12.4399995803833	320
12.4499998092651	313.333343505859
12.460000038147	240
12.4700002670288	273.333343505859
12.4799995422363	326.666656494141
12.4899997711182	340
12.5	286.666656494141
12.5100002288818	266.666656494141
12.5200004577637	286.666656494141
12.5299997329712	240
12.539999961853	360
12.5500001907349	300
12.5600004196167	300
12.5699996948242	320
12.5799999237061	333.333343505859
12.5900001525879	293.333343505859
12.6000003814697	280
12.6099996566772	246.66667175293
12.6199998855591	213.33332824707
12.6300001144409	313.333343505859
12.6400003433228	286.666656494141
12.6499996185303	273.333343505859
12.6599998474121	280
12.6700000762939	240
12.6800003051758	253.33332824707
12.6899995803833	306.666656494141
12.6999998092651	286.666656494141
12.710000038147	293.333343505859
12.7200002670288	273.333343505859
12.7299995422363	333.333343505859
12.7399997711182	333.333343505859
12.75	280
12.7600002288818	293.333343505859
12.7700004577637	260
12.7799997329712	273.333343505859
12.789999961853	373.333343505859
12.8000001907349	266.666656494141
12.8100004196167	213.33332824707
12.8199996948242	313.333343505859
12.8299999237061	273.333343505859
12.8400001525879	233.33332824707
12.8500003814697	286.666656494141
12.8599996566772	280
12.8699998855591	213.33332824707
12.8800001144409	326.666656494141
12.8900003433228	293.333343505859
12.8999996185303	306.666656494141
12.9099998474121	366.666656494141
12.9200000762939	320
12.9300003051758	300
12.9399995803833	293.333343505859
12.9499998092651	280
12.960000038147	273.333343505859
12.9700002670288	346.666656494141
12.9799995422363	220
12.9899997711182	253.33332824707
13	260
13.0100002288818	373.333343505859
13.0200004577637	346.666656494141
13.0299997329712	280
13.039999961853	286.666656494141
13.0500001907349	266.666656494141
13.0600004196167	293.333343505859
13.0699996948242	373.333343505859
13.0799999237061	273.333343505859
13.0900001525879	226.66667175293
13.1000003814697	253.33332824707
13.1099996566772	273.333343505859
13.1199998855591	286.666656494141
13.1300001144409	213.33332824707
13.1400003433228	280
13.1499996185303	200
13.1599998474121	240
13.1700000762939	300
13.1800003051758	280
13.1899995803833	273.333343505859
13.1999998092651	220
13.210000038147	300
13.2200002670288	280
13.2299995422363	226.66667175293
13.2399997711182	293.333343505859
13.25	280
13.2600002288818	206.66667175293
13.2700004577637	333.333343505859
13.2799997329712	220
13.289999961853	260
13.3000001907349	273.333343505859
13.3100004196167	233.33332824707
13.3199996948242	286.666656494141
13.3299999237061	293.333343505859
13.3400001525879	353.333343505859
13.3500003814697	340
13.3599996566772	266.666656494141
13.3699998855591	246.66667175293
13.3800001144409	240
13.3900003433228	233.33332824707
13.3999996185303	266.666656494141
13.4099998474121	333.333343505859
13.4200000762939	293.333343505859
13.4300003051758	240
13.4399995803833	153.33332824707
13.4499998092651	233.33332824707
13.460000038147	266.666656494141
13.4700002670288	253.33332824707
13.4799995422363	313.333343505859
13.4899997711182	266.666656494141
13.5	313.333343505859
13.5100002288818	300
13.5200004577637	266.666656494141
13.5299997329712	293.333343505859
13.539999961853	280
13.5500001907349	273.333343505859
13.5600004196167	253.33332824707
13.5699996948242	260
13.5799999237061	260
13.5900001525879	293.333343505859
13.6000003814697	266.666656494141
13.6099996566772	313.333343505859
13.6199998855591	300
13.6300001144409	306.666656494141
13.6400003433228	246.66667175293
13.6499996185303	306.666656494141
13.6599998474121	326.666656494141
13.6700000762939	326.666656494141
13.6800003051758	333.333343505859
13.6899995803833	286.666656494141
13.6999998092651	326.666656494141
13.710000038147	233.33332824707
13.7200002670288	253.33332824707
13.7299995422363	233.33332824707
13.7399997711182	240
13.75	273.333343505859
13.7600002288818	300
13.7700004577637	260
13.7799997329712	220
13.789999961853	220
13.8000001907349	253.33332824707
13.8100004196167	220
13.8199996948242	253.33332824707
13.8299999237061	206.66667175293
13.8400001525879	280
13.8500003814697	240
13.8599996566772	320
13.8699998855591	253.33332824707
13.8800001144409	260
13.8900003433228	213.33332824707
13.8999996185303	226.66667175293
13.9099998474121	280
13.9200000762939	293.333343505859
13.9300003051758	246.66667175293
13.9399995803833	240
13.9499998092651	226.66667175293
13.960000038147	206.66667175293
13.9700002670288	280
13.9799995422363	286.666656494141
13.9899997711182	286.666656494141
14	293.333343505859
14.0100002288818	246.66667175293
14.0200004577637	226.66667175293
14.0299997329712	200
14.039999961853	300
14.0500001907349	346.666656494141
14.0600004196167	226.66667175293
14.0699996948242	220
14.0799999237061	246.66667175293
14.0900001525879	280
14.1000003814697	240
14.1099996566772	226.66667175293
14.1199998855591	313.333343505859
14.1300001144409	320
14.1400003433228	186.66667175293
14.1499996185303	180
14.1599998474121	153.33332824707
14.1700000762939	266.666656494141
14.1800003051758	293.333343505859
14.1899995803833	226.66667175293
14.1999998092651	213.33332824707
14.210000038147	266.666656494141
14.2200002670288	260
14.2299995422363	213.33332824707
14.2399997711182	213.33332824707
14.25	286.666656494141
14.2600002288818	266.666656494141
14.2700004577637	240
14.2799997329712	266.666656494141
14.289999961853	313.333343505859
14.3000001907349	246.66667175293
14.3100004196167	226.66667175293
14.3199996948242	213.33332824707
14.3299999237061	266.666656494141
14.3400001525879	260
14.3500003814697	246.66667175293
14.3599996566772	246.66667175293
14.3699998855591	293.333343505859
14.3800001144409	260
14.3900003433228	246.66667175293
14.3999996185303	246.66667175293
14.4099998474121	280
14.4200000762939	280
14.4300003051758	226.66667175293
14.4399995803833	240
14.4499998092651	273.333343505859
14.460000038147	240
14.4700002670288	206.66667175293
14.4799995422363	206.66667175293
14.4899997711182	193.33332824707
14.5	266.666656494141
14.5100002288818	260
14.5200004577637	260
14.5299997329712	273.333343505859
14.539999961853	293.333343505859
14.5500001907349	260
14.5600004196167	260
14.5699996948242	206.66667175293
14.5799999237061	240
14.5900001525879	173.33332824707
14.6000003814697	260
14.6099996566772	306.666656494141
14.6199998855591	286.666656494141
14.6300001144409	273.333343505859
14.6400003433228	253.33332824707
14.6499996185303	220
14.6599998474121	313.333343505859
14.6700000762939	273.333343505859
14.6800003051758	260
14.6899995803833	280
14.6999998092651	280
14.710000038147	286.666656494141
14.7200002670288	246.66667175293
14.7299995422363	226.66667175293
14.7399997711182	240
14.75	293.333343505859
14.7600002288818	353.333343505859
14.7700004577637	300
14.7799997329712	246.66667175293
14.789999961853	246.66667175293
14.8000001907349	226.66667175293
14.8100004196167	246.66667175293
14.8199996948242	266.666656494141
14.8299999237061	286.666656494141
14.8400001525879	353.333343505859
14.8500003814697	246.66667175293
14.8599996566772	260
14.8699998855591	240
14.8800001144409	260
14.8900003433228	240
14.8999996185303	193.33332824707
14.9099998474121	253.33332824707
14.9200000762939	246.66667175293
14.9300003051758	253.33332824707
14.9399995803833	226.66667175293
14.9499998092651	260
14.960000038147	240
14.9700002670288	280
14.9799995422363	286.666656494141
14.9899997711182	206.66667175293
15	220
15.0100002288818	246.66667175293
15.0200004577637	213.33332824707
15.0299997329712	293.333343505859
15.039999961853	240
15.0500001907349	193.33332824707
15.0600004196167	226.66667175293
15.0699996948242	306.666656494141
15.0799999237061	333.333343505859
15.0900001525879	253.33332824707
15.1000003814697	286.666656494141
15.1099996566772	266.666656494141
15.1199998855591	266.666656494141
15.1300001144409	313.333343505859
15.1400003433228	273.333343505859
15.1499996185303	206.66667175293
15.1599998474121	213.33332824707
15.1700000762939	253.33332824707
15.1800003051758	220
15.1899995803833	220
15.1999998092651	306.666656494141
15.210000038147	206.66667175293
15.2200002670288	186.66667175293
15.2299995422363	193.33332824707
15.2399997711182	246.66667175293
15.25	213.33332824707
15.2600002288818	253.33332824707
15.2700004577637	253.33332824707
15.2799997329712	293.333343505859
15.289999961853	240
15.3000001907349	260
15.3100004196167	200
15.3199996948242	266.666656494141
15.3299999237061	220
15.3400001525879	220
15.3500003814697	240
15.3599996566772	200
15.3699998855591	240
15.3800001144409	253.33332824707
15.3900003433228	166.66667175293
15.3999996185303	220
15.4099998474121	200
15.4200000762939	200
15.4300003051758	260
15.4399995803833	260
15.4499998092651	233.33332824707
15.460000038147	266.666656494141
15.4700002670288	260
15.4799995422363	240
15.4899997711182	220
15.5	246.66667175293
15.5100002288818	286.666656494141
15.5200004577637	260
15.5299997329712	313.333343505859
15.539999961853	260
15.5500001907349	253.33332824707
15.5600004196167	160
15.5699996948242	200
15.5799999237061	200
15.5900001525879	226.66667175293
15.6000003814697	286.666656494141
15.6099996566772	300
15.6199998855591	213.33332824707
15.6300001144409	246.66667175293
15.6400003433228	233.33332824707
15.6499996185303	300
15.6599998474121	226.66667175293
15.6700000762939	233.33332824707
15.6800003051758	273.333343505859
15.6899995803833	273.333343505859
15.6999998092651	233.33332824707
15.710000038147	213.33332824707
15.7200002670288	253.33332824707
15.7299995422363	240
15.7399997711182	186.66667175293
15.75	320
15.7600002288818	220
15.7700004577637	206.66667175293
15.7799997329712	220
15.789999961853	220
15.8000001907349	213.33332824707
15.8100004196167	206.66667175293
15.8199996948242	300
15.8299999237061	246.66667175293
15.8400001525879	180
15.8500003814697	220
15.8599996566772	226.66667175293
15.8699998855591	240
15.8800001144409	260
15.8900003433228	166.66667175293
15.8999996185303	186.66667175293
15.9099998474121	206.66667175293
15.9200000762939	246.66667175293
15.9300003051758	200
15.9399995803833	240
15.9499998092651	220
15.960000038147	140
15.9700002670288	193.33332824707
15.9799995422363	233.33332824707
15.9899997711182	186.66667175293
16	186.66667175293
16.0100002288818	286.666656494141
16.0200004577637	306.666656494141
16.0300006866455	260
16.0400009155273	280
16.0499992370605	173.33332824707
16.0599994659424	213.33332824707
16.0699996948242	193.33332824707
16.0799999237061	206.66667175293
16.0900001525879	293.333343505859
16.1000003814697	186.66667175293
16.1100006103516	273.333343505859
16.1200008392334	213.33332824707
16.1299991607666	186.66667175293
16.1399993896484	200
16.1499996185303	200
16.1599998474121	226.66667175293
16.1700000762939	186.66667175293
16.1800003051758	220
16.1900005340576	153.33332824707
16.2000007629395	200
16.2099990844727	166.66667175293
16.2199993133545	233.33332824707
16.2299995422363	240
16.2399997711182	213.33332824707
16.25	273.333343505859
16.2600002288818	213.33332824707
16.2700004577637	260
16.2800006866455	186.66667175293
16.2900009155273	226.66667175293
16.2999992370605	226.66667175293
16.3099994659424	180
16.3199996948242	160
16.3299999237061	253.33332824707
16.3400001525879	140
16.3500003814697	200
16.3600006103516	206.66667175293
16.3700008392334	166.66667175293
16.3799991607666	260
16.3899993896484	240
16.3999996185303	260
16.4099998474121	233.33332824707
16.4200000762939	226.66667175293
16.4300003051758	260
16.4400005340576	200
16.4500007629395	173.33332824707
16.4599990844727	200
16.4699993133545	260
16.4799995422363	220
16.4899997711182	226.66667175293
16.5	193.33332824707
16.5100002288818	253.33332824707
16.5200004577637	186.66667175293
16.5300006866455	240
16.5400009155273	220
16.5499992370605	233.33332824707
16.5599994659424	240
16.5699996948242	280
16.5799999237061	253.33332824707
16.5900001525879	166.66667175293
16.6000003814697	200
16.6100006103516	213.33332824707
16.6200008392334	246.66667175293
16.6299991607666	206.66667175293
16.6399993896484	206.66667175293
16.6499996185303	233.33332824707
16.6599998474121	173.33332824707
16.6700000762939	200
16.6800003051758	160
16.6900005340576	186.66667175293
16.7000007629395	120
16.7099990844727	186.66667175293
16.7199993133545	153.33332824707
16.7299995422363	186.66667175293
16.7399997711182	240
16.75	240
16.7600002288818	240
16.7700004577637	206.66667175293
16.7800006866455	213.33332824707
16.7900009155273	173.33332824707
16.7999992370605	173.33332824707
16.8099994659424	213.33332824707
16.8199996948242	226.66667175293
16.8299999237061	220
16.8400001525879	226.66667175293
16.8500003814697	213.33332824707
16.8600006103516	220
16.8700008392334	166.66667175293
16.8799991607666	260
16.8899993896484	266.666656494141
16.8999996185303	186.66667175293
16.9099998474121	200
16.9200000762939	180
16.9300003051758	240
16.9400005340576	240
16.9500007629395	306.666656494141
16.9599990844727	220
16.9699993133545	280
16.9799995422363	206.66667175293
16.9899997711182	166.66667175293
17	166.66667175293
17.0100002288818	180
17.0200004577637	200
17.0300006866455	206.66667175293
17.0400009155273	200
17.0499992370605	180
17.0599994659424	200
17.0699996948242	246.66667175293
17.0799999237061	220
17.0900001525879	153.33332824707
17.1000003814697	173.33332824707
17.1100006103516	186.66667175293
17.1200008392334	220
17.1299991607666	213.33332824707
17.1399993896484	253.33332824707
17.1499996185303	240
17.1599998474121	220
17.1700000762939	146.66667175293
17.1800003051758	140
17.1900005340576	106.666664123535
17.2000007629395	126.666664123535
17.2099990844727	180
17.2199993133545	166.66667175293
17.2299995422363	173.33332824707
17.2399997711182	260
17.25	220
17.2600002288818	193.33332824707
17.2700004577637	226.66667175293
17.2800006866455	253.33332824707
17.2900009155273	146.66667175293
17.2999992370605	206.66667175293
17.3099994659424	233.33332824707
17.3199996948242	240
17.3299999237061	153.33332824707
17.3400001525879	213.33332824707
17.3500003814697	200
17.3600006103516	200
17.3700008392334	200
17.3799991607666	246.66667175293
17.3899993896484	220
17.3999996185303	200
17.4099998474121	173.33332824707
17.4200000762939	180
17.4300003051758	200
17.4400005340576	180
17.4500007629395	160
17.4599990844727	186.66667175293
17.4699993133545	173.33332824707
17.4799995422363	226.66667175293
17.4899997711182	206.66667175293
17.5	246.66667175293
17.5100002288818	273.333343505859
17.5200004577637	240
17.5300006866455	186.66667175293
17.5400009155273	280
17.5499992370605	100
17.5599994659424	233.33332824707
17.5699996948242	173.33332824707
17.5799999237061	173.33332824707
17.5900001525879	173.33332824707
17.6000003814697	166.66667175293
17.6100006103516	173.33332824707
17.6200008392334	186.66667175293
17.6299991607666	220
17.6399993896484	213.33332824707
17.6499996185303	200
17.6599998474121	206.66667175293
17.6700000762939	146.66667175293
17.6800003051758	173.33332824707
17.6900005340576	280
17.7000007629395	180
17.7099990844727	186.66667175293
17.7199993133545	193.33332824707
17.7299995422363	166.66667175293
17.7399997711182	180
17.75	206.66667175293
17.7600002288818	180
17.7700004577637	193.33332824707
17.7800006866455	186.66667175293
17.7900009155273	160
17.7999992370605	186.66667175293
17.8099994659424	160
17.8199996948242	166.66667175293
17.8299999237061	166.66667175293
17.8400001525879	186.66667175293
17.8500003814697	226.66667175293
17.8600006103516	206.66667175293
17.8700008392334	206.66667175293
17.8799991607666	173.33332824707
17.8899993896484	206.66667175293
17.8999996185303	206.66667175293
17.9099998474121	220
17.9200000762939	146.66667175293
17.9300003051758	173.33332824707
17.9400005340576	146.66667175293
17.9500007629395	153.33332824707
17.9599990844727	220
17.9699993133545	240
17.9799995422363	186.66667175293
17.9899997711182	120
18	160
18.0100002288818	153.33332824707
18.0200004577637	186.66667175293
18.0300006866455	213.33332824707
18.0400009155273	173.33332824707
18.0499992370605	200
18.0599994659424	206.66667175293
18.0699996948242	233.33332824707
18.0799999237061	106.666664123535
18.0900001525879	160
18.1000003814697	166.66667175293
18.1100006103516	246.66667175293
18.1200008392334	260
18.1299991607666	166.66667175293
18.1399993896484	186.66667175293
18.1499996185303	233.33332824707
18.1599998474121	220
18.1700000762939	173.33332824707
18.1800003051758	206.66667175293
18.1900005340576	186.66667175293
18.2000007629395	233.33332824707
18.2099990844727	186.66667175293
18.2199993133545	186.66667175293
18.2299995422363	166.66667175293
18.2399997711182	133.33332824707
18.25	146.66667175293
18.2600002288818	180
18.2700004577637	140
18.2800006866455	153.33332824707
18.2900009155273	200
18.2999992370605	240
18.3099994659424	200
18.3199996948242	186.66667175293
18.3299999237061	186.66667175293
18.3400001525879	180
18.3500003814697	206.66667175293
18.3600006103516	213.33332824707
18.3700008392334	213.33332824707
18.3799991607666	173.33332824707
18.3899993896484	186.66667175293
18.3999996185303	186.66667175293
18.4099998474121	173.33332824707
18.4200000762939	120
18.4300003051758	213.33332824707
18.4400005340576	213.33332824707
18.4500007629395	180
18.4599990844727	213.33332824707
18.4699993133545	186.66667175293
18.4799995422363	193.33332824707
18.4899997711182	153.33332824707
18.5	206.66667175293
18.5100002288818	153.33332824707
18.5200004577637	213.33332824707
18.5300006866455	220
18.5400009155273	166.66667175293
18.5499992370605	173.33332824707
18.5599994659424	200
18.5699996948242	226.66667175293
18.5799999237061	200
18.5900001525879	206.66667175293
18.6000003814697	160
18.6100006103516	166.66667175293
18.6200008392334	206.66667175293
18.6299991607666	126.666664123535
18.6399993896484	206.66667175293
18.6499996185303	180
18.6599998474121	233.33332824707
18.6700000762939	213.33332824707
18.6800003051758	213.33332824707
18.6900005340576	213.33332824707
18.7000007629395	173.33332824707
18.7099990844727	193.33332824707
18.7199993133545	153.33332824707
18.7299995422363	213.33332824707
18.7399997711182	153.33332824707
18.75	186.66667175293
18.7600002288818	160
18.7700004577637	173.33332824707
18.7800006866455	200
18.7900009155273	206.66667175293
18.7999992370605	180
18.8099994659424	213.33332824707
18.8199996948242	193.33332824707
18.8299999237061	153.33332824707
18.8400001525879	186.66667175293
18.8500003814697	193.33332824707
18.8600006103516	233.33332824707
18.8700008392334	186.66667175293
18.8799991607666	213.33332824707
18.8899993896484	200
18.8999996185303	200
18.9099998474121	213.33332824707
18.9200000762939	206.66667175293
18.9300003051758	213.33332824707
18.9400005340576	226.66667175293
18.9500007629395	160
18.9599990844727	120
18.9699993133545	213.33332824707
18.9799995422363	113.333335876465
18.9899997711182	300
19	160
19.0100002288818	186.66667175293
19.0200004577637	160
19.0300006866455	146.66667175293
19.0400009155273	226.66667175293
19.0499992370605	126.666664123535
19.0599994659424	160
19.0699996948242	193.33332824707
19.0799999237061	180
19.0900001525879	173.33332824707
19.1000003814697	233.33332824707
19.1100006103516	220
19.1200008392334	193.33332824707
19.1299991607666	200
19.1399993896484	193.33332824707
19.1499996185303	140
19.1599998474121	220
19.1700000762939	213.33332824707
19.1800003051758	186.66667175293
19.1900005340576	160
19.2000007629395	153.33332824707
19.2099990844727	180
19.2199993133545	180
19.2299995422363	193.33332824707
19.2399997711182	160
19.25	133.33332824707
19.2600002288818	173.33332824707
19.2700004577637	166.66667175293
19.2800006866455	160
19.2900009155273	193.33332824707
19.2999992370605	133.33332824707
19.3099994659424	206.66667175293
19.3199996948242	146.66667175293
19.3299999237061	160
19.3400001525879	193.33332824707
19.3500003814697	220
19.3600006103516	193.33332824707
19.3700008392334	193.33332824707
19.3799991607666	206.66667175293
19.3899993896484	173.33332824707
19.3999996185303	200
19.4099998474121	153.33332824707
19.4200000762939	173.33332824707
19.4300003051758	180
19.4400005340576	186.66667175293
19.4500007629395	200
19.4599990844727	200
19.4699993133545	173.33332824707
19.4799995422363	153.33332824707
19.4899997711182	173.33332824707
19.5	180
19.5100002288818	173.33332824707
19.5200004577637	186.66667175293
19.5300006866455	186.66667175293
19.5400009155273	140
19.5499992370605	160
19.5599994659424	160
19.5699996948242	153.33332824707
19.5799999237061	166.66667175293
19.5900001525879	206.66667175293
19.6000003814697	253.33332824707
19.6100006103516	146.66667175293
19.6200008392334	220
19.6299991607666	153.33332824707
19.6399993896484	133.33332824707
19.6499996185303	226.66667175293
19.6599998474121	186.66667175293
19.6700000762939	133.33332824707
19.6800003051758	193.33332824707
19.6900005340576	213.33332824707
19.7000007629395	153.33332824707
19.7099990844727	206.66667175293
19.7199993133545	200
19.7299995422363	133.33332824707
19.7399997711182	113.333335876465
19.75	260
19.7600002288818	146.66667175293
19.7700004577637	120
19.7800006866455	133.33332824707
19.7900009155273	133.33332824707
19.7999992370605	173.33332824707
19.8099994659424	213.33332824707
19.8199996948242	180
19.8299999237061	180
19.8400001525879	153.33332824707
19.8500003814697	166.66667175293
19.8600006103516	153.33332824707
19.8700008392334	186.66667175293
19.8799991607666	146.66667175293
19.8899993896484	113.333335876465
19.8999996185303	133.33332824707
19.9099998474121	193.33332824707
19.9200000762939	146.66667175293
19.9300003051758	100
19.9400005340576	140
19.9500007629395	146.66667175293
19.9599990844727	146.66667175293
19.9699993133545	200
19.9799995422363	140
19.9899997711182	186.66667175293
20	166.66667175293
20.0100002288818	146.66667175293
20.0200004577637	113.333335876465
20.0300006866455	200
20.0400009155273	126.666664123535
20.0499992370605	166.66667175293
20.0599994659424	180
20.0699996948242	206.66667175293
20.0799999237061	166.66667175293
20.0900001525879	153.33332824707
20.1000003814697	153.33332824707
20.1100006103516	166.66667175293
20.1200008392334	186.66667175293
20.1299991607666	193.33332824707
20.1399993896484	173.33332824707
20.1499996185303	153.33332824707
20.1599998474121	180
20.1700000762939	186.66667175293
20.1800003051758	246.66667175293
20.1900005340576	206.66667175293
20.2000007629395	133.33332824707
20.2099990844727	140
20.2199993133545	140
20.2299995422363	113.333335876465
20.2399997711182	153.33332824707
20.25	126.666664123535
20.2600002288818	180
20.2700004577637	153.33332824707
20.2800006866455	113.333335876465
20.2900009155273	180
20.2999992370605	160
20.3099994659424	126.666664123535
20.3199996948242	186.66667175293
20.3299999237061	186.66667175293
20.3400001525879	140
20.3500003814697	166.66667175293
20.3600006103516	180
20.3700008392334	160
20.3799991607666	206.66667175293
20.3899993896484	200
20.3999996185303	166.66667175293
20.4099998474121	166.66667175293
20.4200000762939	160
20.4300003051758	173.33332824707
20.4400005340576	140
20.4500007629395	200
20.4599990844727	133.33332824707
20.4699993133545	166.66667175293
20.4799995422363	166.66667175293
20.4899997711182	153.33332824707
20.5	180
20.5100002288818	166.66667175293
20.5200004577637	166.66667175293
20.5300006866455	166.66667175293
20.5400009155273	113.333335876465
20.5499992370605	200
20.5599994659424	106.666664123535
20.5699996948242	133.33332824707
20.5799999237061	186.66667175293
20.5900001525879	160
20.6000003814697	173.33332824707
20.6100006103516	146.66667175293
20.6200008392334	133.33332824707
20.6299991607666	153.33332824707
20.6399993896484	100
20.6499996185303	133.33332824707
20.6599998474121	193.33332824707
20.6700000762939	126.666664123535
20.6800003051758	186.66667175293
20.6900005340576	193.33332824707
20.7000007629395	166.66667175293
20.7099990844727	173.33332824707
20.7199993133545	120
20.7299995422363	166.66667175293
20.7399997711182	140
20.75	186.66667175293
20.7600002288818	133.33332824707
20.7700004577637	126.666664123535
20.7800006866455	106.666664123535
20.7900009155273	146.66667175293
20.7999992370605	140
20.8099994659424	253.33332824707
20.8199996948242	173.33332824707
20.8299999237061	166.66667175293
20.8400001525879	153.33332824707
20.8500003814697	160
20.8600006103516	133.33332824707
20.8700008392334	140
20.8799991607666	180
20.8899993896484	133.33332824707
20.8999996185303	133.33332824707
20.9099998474121	153.33332824707
20.9200000762939	173.33332824707
20.9300003051758	140
20.9400005340576	100
20.9500007629395	140
20.9599990844727	166.66667175293
20.9699993133545	140
20.9799995422363	180
20.9899997711182	173.33332824707
21	140
21.0100002288818	106.666664123535
21.0200004577637	160
21.0300006866455	173.33332824707
21.0400009155273	180
21.0499992370605	113.333335876465
21.0599994659424	120
21.0699996948242	153.33332824707
21.0799999237061	106.666664123535
21.0900001525879	160
21.1000003814697	133.33332824707
21.1100006103516	160
21.1200008392334	193.33332824707
21.1299991607666	193.33332824707
21.1399993896484	226.66667175293
21.1499996185303	186.66667175293
21.1599998474121	153.33332824707
21.1700000762939	113.333335876465
21.1800003051758	113.333335876465
21.1900005340576	120
21.2000007629395	173.33332824707
21.2099990844727	166.66667175293
21.2199993133545	173.33332824707
21.2299995422363	106.666664123535
21.2399997711182	120
21.25	180
21.2600002288818	133.33332824707
21.2700004577637	100
21.2800006866455	186.66667175293
21.2900009155273	153.33332824707
21.2999992370605	133.33332824707
21.3099994659424	173.33332824707
21.3199996948242	140
21.3299999237061	233.33332824707
21.3400001525879	186.66667175293
21.3500003814697	220
21.3600006103516	146.66667175293
21.3700008392334	106.666664123535
21.3799991607666	133.33332824707
21.3899993896484	126.666664123535
21.3999996185303	166.66667175293
21.4099998474121	100
21.4200000762939	180
21.4300003051758	166.66667175293
21.4400005340576	146.66667175293
21.4500007629395	133.33332824707
21.4599990844727	193.33332824707
21.4699993133545	140
21.4799995422363	180
21.4899997711182	146.66667175293
21.5	133.33332824707
21.5100002288818	146.66667175293
21.5200004577637	106.666664123535
21.5300006866455	140
21.5400009155273	193.33332824707
21.5499992370605	166.66667175293
21.5599994659424	146.66667175293
21.5699996948242	126.666664123535
21.5799999237061	200
21.5900001525879	180
21.6000003814697	180
21.6100006103516	160
21.6200008392334	133.33332824707
21.6299991607666	166.66667175293
21.6399993896484	120
21.6499996185303	140
21.6599998474121	160
21.6700000762939	120
21.6800003051758	173.33332824707
21.6900005340576	146.66667175293
21.7000007629395	133.33332824707
21.7099990844727	153.33332824707
21.7199993133545	206.66667175293
21.7299995422363	166.66667175293
21.7399997711182	106.666664123535
21.75	160
21.7600002288818	146.66667175293
21.7700004577637	193.33332824707
21.7800006866455	166.66667175293
21.7900009155273	180
21.7999992370605	120
21.8099994659424	133.33332824707
21.8199996948242	146.66667175293
21.8299999237061	106.666664123535
21.8400001525879	140
21.8500003814697	133.33332824707
21.8600006103516	160
21.8700008392334	133.33332824707
21.8799991607666	133.33332824707
21.8899993896484	126.666664123535
21.8999996185303	180
21.9099998474121	173.33332824707
21.9200000762939	160
21.9300003051758	133.33332824707
21.9400005340576	126.666664123535
21.9500007629395	113.333335876465
21.9599990844727	200
21.9699993133545	166.66667175293
21.9799995422363	180
21.9899997711182	106.666664123535
22	86.6666641235352
22.0100002288818	173.33332824707
22.0200004577637	166.66667175293
22.0300006866455	113.333335876465
22.0400009155273	126.666664123535
22.0499992370605	160
22.0599994659424	206.66667175293
22.0699996948242	120
22.0799999237061	173.33332824707
22.0900001525879	173.33332824707
22.1000003814697	140
22.1100006103516	126.666664123535
22.1200008392334	160
22.1299991607666	200
22.1399993896484	160
22.1499996185303	120
22.1599998474121	140
22.1700000762939	173.33332824707
22.1800003051758	180
22.1900005340576	166.66667175293
22.2000007629395	233.33332824707
22.2099990844727	106.666664123535
22.2199993133545	180
22.2299995422363	160
22.2399997711182	186.66667175293
22.25	166.66667175293
22.2600002288818	113.333335876465
22.2700004577637	160
22.2800006866455	193.33332824707
22.2900009155273	140
22.2999992370605	120
22.3099994659424	153.33332824707
22.3199996948242	153.33332824707
22.3299999237061	173.33332824707
22.3400001525879	166.66667175293
22.3500003814697	153.33332824707
22.3600006103516	126.666664123535
22.3700008392334	173.33332824707
22.3799991607666	140
22.3899993896484	180
22.3999996185303	146.66667175293
22.4099998474121	153.33332824707
22.4200000762939	133.33332824707
22.4300003051758	173.33332824707
22.4400005340576	140
22.4500007629395	213.33332824707
22.4599990844727	126.666664123535
22.4699993133545	120
22.4799995422363	153.33332824707
22.4899997711182	140
22.5	180
22.5100002288818	140
22.5200004577637	120
22.5300006866455	133.33332824707
22.5400009155273	146.66667175293
22.5499992370605	166.66667175293
22.5599994659424	100
22.5699996948242	180
22.5799999237061	166.66667175293
22.5900001525879	133.33332824707
22.6000003814697	160
22.6100006103516	153.33332824707
22.6200008392334	133.33332824707
22.6299991607666	133.33332824707
22.6399993896484	126.666664123535
22.6499996185303	120
22.6599998474121	113.333335876465
22.6700000762939	160
22.6800003051758	93.3333358764648
22.6900005340576	173.33332824707
22.7000007629395	113.333335876465
22.7099990844727	140
22.7199993133545	113.333335876465
22.7299995422363	140
22.7399997711182	186.66667175293
22.75	160
22.7600002288818	120
22.7700004577637	186.66667175293
22.7800006866455	160
22.7900009155273	113.333335876465
22.7999992370605	113.333335876465
22.8099994659424	160
22.8199996948242	140
22.8299999237061	146.66667175293
22.8400001525879	133.33332824707
22.8500003814697	166.66667175293
22.8600006103516	173.33332824707
22.8700008392334	166.66667175293
22.8799991607666	173.33332824707
22.8899993896484	140
22.8999996185303	133.33332824707
22.9099998474121	120
22.9200000762939	186.66667175293
22.9300003051758	133.33332824707
22.9400005340576	193.33332824707
22.9500007629395	160
22.9599990844727	160
22.9699993133545	126.666664123535
22.9799995422363	146.66667175293
22.9899997711182	160
23	120
23.0100002288818	153.33332824707
23.0200004577637	160
23.0300006866455	200
23.0400009155273	186.66667175293
23.0499992370605	126.666664123535
23.0599994659424	126.666664123535
23.0699996948242	146.66667175293
23.0799999237061	146.66667175293
23.0900001525879	126.666664123535
23.1000003814697	100
23.1100006103516	173.33332824707
23.1200008392334	93.3333358764648
23.1299991607666	140
23.1399993896484	153.33332824707
23.1499996185303	200
23.1599998474121	233.33332824707
23.1700000762939	153.33332824707
23.1800003051758	180
23.1900005340576	166.66667175293
23.2000007629395	160
23.2099990844727	140
23.2199993133545	153.33332824707
23.2299995422363	160
23.2399997711182	193.33332824707
23.25	166.66667175293
23.2600002288818	206.66667175293
23.2700004577637	140
23.2800006866455	213.33332824707
23.2900009155273	173.33332824707
23.2999992370605	140
23.3099994659424	133.33332824707
23.3199996948242	126.666664123535
23.3299999237061	106.666664123535
23.3400001525879	146.66667175293
23.3500003814697	200
23.3600006103516	173.33332824707
23.3700008392334	126.666664123535
23.3799991607666	153.33332824707
23.3899993896484	166.66667175293
23.3999996185303	186.66667175293
23.4099998474121	133.33332824707
23.4200000762939	200
23.4300003051758	153.33332824707
23.4400005340576	133.33332824707
23.4500007629395	133.33332824707
23.4599990844727	186.66667175293
23.4699993133545	133.33332824707
23.4799995422363	153.33332824707
23.4899997711182	160
23.5	166.66667175293
23.5100002288818	140
23.5200004577637	193.33332824707
23.5300006866455	173.33332824707
23.5400009155273	166.66667175293
23.5499992370605	180
23.5599994659424	153.33332824707
23.5699996948242	133.33332824707
23.5799999237061	226.66667175293
23.5900001525879	173.33332824707
23.6000003814697	120
23.6100006103516	180
23.6200008392334	160
23.6299991607666	200
23.6399993896484	180
23.6499996185303	133.33332824707
23.6599998474121	133.33332824707
23.6700000762939	193.33332824707
23.6800003051758	173.33332824707
23.6900005340576	120
23.7000007629395	153.33332824707
23.7099990844727	146.66667175293
23.7199993133545	186.66667175293
23.7299995422363	186.66667175293
23.7399997711182	153.33332824707
23.75	153.33332824707
23.7600002288818	173.33332824707
23.7700004577637	160
23.7800006866455	206.66667175293
23.7900009155273	140
23.7999992370605	153.33332824707
23.8099994659424	173.33332824707
23.8199996948242	153.33332824707
23.8299999237061	146.66667175293
23.8400001525879	146.66667175293
23.8500003814697	180
23.8600006103516	173.33332824707
23.8700008392334	166.66667175293
23.8799991607666	133.33332824707
23.8899993896484	180
23.8999996185303	213.33332824707
23.9099998474121	140
23.9200000762939	213.33332824707
23.9300003051758	140
23.9400005340576	113.333335876465
23.9500007629395	200
23.9599990844727	140
23.9699993133545	166.66667175293
23.9799995422363	240
23.9899997711182	193.33332824707
24	153.33332824707
24.0100002288818	186.66667175293
24.0200004577637	133.33332824707
24.0300006866455	140
24.0400009155273	193.33332824707
24.0499992370605	140
24.0599994659424	133.33332824707
24.0699996948242	186.66667175293
24.0799999237061	200
24.0900001525879	180
24.1000003814697	146.66667175293
24.1100006103516	153.33332824707
24.1200008392334	106.666664123535
24.1299991607666	120
24.1399993896484	133.33332824707
24.1499996185303	126.666664123535
24.1599998474121	140
24.1700000762939	180
24.1800003051758	133.33332824707
24.1900005340576	166.66667175293
24.2000007629395	160
24.2099990844727	186.66667175293
24.2199993133545	166.66667175293
24.2299995422363	153.33332824707
24.2399997711182	213.33332824707
24.25	193.33332824707
24.2600002288818	180
24.2700004577637	293.333343505859
24.2800006866455	193.33332824707
24.2900009155273	193.33332824707
24.2999992370605	180
24.3099994659424	200
24.3199996948242	166.66667175293
24.3299999237061	166.66667175293
24.3400001525879	193.33332824707
24.3500003814697	160
24.3600006103516	220
24.3700008392334	266.666656494141
24.3799991607666	186.66667175293
24.3899993896484	180
24.3999996185303	160
24.4099998474121	193.33332824707
24.4200000762939	220
24.4300003051758	193.33332824707
24.4400005340576	193.33332824707
24.4500007629395	193.33332824707
24.4599990844727	246.66667175293
24.4699993133545	253.33332824707
24.4799995422363	180
24.4899997711182	233.33332824707
24.5	233.33332824707
24.5100002288818	233.33332824707
24.5200004577637	260
24.5300006866455	240
24.5400009155273	193.33332824707
24.5499992370605	166.66667175293
24.5599994659424	340
24.5699996948242	266.666656494141
24.5799999237061	206.66667175293
24.5900001525879	186.66667175293
24.6000003814697	186.66667175293
24.6100006103516	240
24.6200008392334	260
24.6299991607666	260
24.6399993896484	226.66667175293
24.6499996185303	213.33332824707
24.6599998474121	260
24.6700000762939	280
24.6800003051758	253.33332824707
24.6900005340576	320
24.7000007629395	266.666656494141
24.7099990844727	253.33332824707
24.7199993133545	306.666656494141
24.7299995422363	273.333343505859
24.7399997711182	320
24.75	286.666656494141
24.7600002288818	280
24.7700004577637	286.666656494141
24.7800006866455	300
24.7900009155273	380
24.7999992370605	300
24.8099994659424	366.666656494141
24.8199996948242	433.333343505859
24.8299999237061	320
24.8400001525879	373.333343505859
24.8500003814697	433.333343505859
24.8600006103516	306.666656494141
24.8700008392334	460
24.8799991607666	386.666656494141
24.8899993896484	386.666656494141
24.8999996185303	326.666656494141
24.9099998474121	386.666656494141
24.9200000762939	500
24.9300003051758	453.333343505859
24.9400005340576	420
24.9500007629395	446.666656494141
24.9599990844727	513.333312988281
24.9699993133545	560
24.9799995422363	626.666687011719
24.9899997711182	626.666687011719
25	613.333312988281
25.0100002288818	620
25.0200004577637	420
25.0300006866455	500
25.0400009155273	560
25.0499992370605	653.333312988281
25.0599994659424	713.333312988281
25.0699996948242	606.666687011719
25.0799999237061	620
25.0900001525879	666.666687011719
25.1000003814697	693.333312988281
25.1100006103516	653.333312988281
25.1200008392334	800
25.1299991607666	793.333312988281
25.1399993896484	793.333312988281
25.1499996185303	840
25.1599998474121	686.666687011719
25.1700000762939	700
25.1800003051758	946.666687011719
25.1900005340576	700
25.2000007629395	746.666687011719
25.2099990844727	946.666687011719
25.2199993133545	960
25.2299995422363	920
25.2399997711182	793.333312988281
25.25	1020
25.2600002288818	900
25.2700004577637	1000
25.2800006866455	886.666687011719
25.2900009155273	906.666687011719
25.2999992370605	960
25.3099994659424	886.666687011719
25.3199996948242	993.333312988281
25.3299999237061	1053.33337402344
25.3400001525879	946.666687011719
25.3500003814697	866.666687011719
25.3600006103516	826.666687011719
25.3700008392334	953.333312988281
25.3799991607666	1060
25.3899993896484	780
25.3999996185303	933.333312988281
25.4099998474121	900
25.4200000762939	826.666687011719
25.4300003051758	906.666687011719
25.4400005340576	873.333312988281
25.4500007629395	926.666687011719
25.4599990844727	866.666687011719
25.4699993133545	700
25.4799995422363	693.333312988281
25.4899997711182	686.666687011719
25.5	766.666687011719
25.5100002288818	553.333312988281
25.5200004577637	686.666687011719
25.5300006866455	673.333312988281
25.5400009155273	686.666687011719
25.5499992370605	586.666687011719
25.5599994659424	606.666687011719
25.5699996948242	493.333343505859
25.5799999237061	586.666687011719
25.5900001525879	626.666687011719
25.6000003814697	553.333312988281
25.6100006103516	566.666687011719
25.6200008392334	573.333312988281
25.6299991607666	466.666656494141
25.6399993896484	380
25.6499996185303	500
25.6599998474121	480
25.6700000762939	440
25.6800003051758	493.333343505859
25.6900005340576	500
25.7000007629395	500
25.7099990844727	413.333343505859
25.7199993133545	406.666656494141
25.7299995422363	366.666656494141
25.7399997711182	353.333343505859
25.75	466.666656494141
25.7600002288818	440
25.7700004577637	373.333343505859
25.7800006866455	313.333343505859
25.7900009155273	313.333343505859
25.7999992370605	360
25.8099994659424	393.333343505859
25.8199996948242	326.666656494141
25.8299999237061	333.333343505859
25.8400001525879	346.666656494141
25.8500003814697	220
25.8600006103516	233.33332824707
25.8700008392334	260
25.8799991607666	280
25.8899993896484	313.333343505859
25.8999996185303	266.666656494141
25.9099998474121	233.33332824707
25.9200000762939	280
25.9300003051758	286.666656494141
25.9400005340576	253.33332824707
25.9500007629395	320
25.9599990844727	240
25.9699993133545	260
25.9799995422363	180
25.9899997711182	213.33332824707
26	233.33332824707
26.0100002288818	286.666656494141
26.0200004577637	326.666656494141
26.0300006866455	146.66667175293
26.0400009155273	266.666656494141
26.0499992370605	260
26.0599994659424	193.33332824707
26.0699996948242	240
26.0799999237061	240
26.0900001525879	273.333343505859
26.1000003814697	193.33332824707
26.1100006103516	266.666656494141
26.1200008392334	246.66667175293
26.1299991607666	200
26.1399993896484	200
26.1499996185303	180
26.1599998474121	193.33332824707
26.1700000762939	213.33332824707
26.1800003051758	286.666656494141
26.1900005340576	260
26.2000007629395	166.66667175293
26.2099990844727	146.66667175293
26.2199993133545	200
26.2299995422363	173.33332824707
26.2399997711182	226.66667175293
26.25	206.66667175293
26.2600002288818	220
26.2700004577637	220
26.2800006866455	153.33332824707
26.2900009155273	200
26.2999992370605	193.33332824707
26.3099994659424	206.66667175293
26.3199996948242	206.66667175293
26.3299999237061	213.33332824707
26.3400001525879	226.66667175293
26.3500003814697	213.33332824707
26.3600006103516	273.333343505859
26.3700008392334	186.66667175293
26.3799991607666	140
26.3899993896484	200
26.3999996185303	166.66667175293
26.4099998474121	146.66667175293
26.4200000762939	180
26.4300003051758	226.66667175293
26.4400005340576	193.33332824707
26.4500007629395	226.66667175293
26.4599990844727	206.66667175293
26.4699993133545	166.66667175293
26.4799995422363	200
26.4899997711182	120
26.5	186.66667175293
26.5100002288818	120
26.5200004577637	160
26.5300006866455	180
26.5400009155273	153.33332824707
26.5499992370605	206.66667175293
26.5599994659424	160
26.5699996948242	220
26.5799999237061	180
26.5900001525879	153.33332824707
26.6000003814697	186.66667175293
26.6100006103516	160
26.6200008392334	193.33332824707
26.6299991607666	160
26.6399993896484	193.33332824707
26.6499996185303	180
26.6599998474121	173.33332824707
26.6700000762939	193.33332824707
26.6800003051758	213.33332824707
26.6900005340576	146.66667175293
26.7000007629395	193.33332824707
26.7099990844727	166.66667175293
26.7199993133545	200
26.7299995422363	180
26.7399997711182	146.66667175293
26.75	166.66667175293
26.7600002288818	166.66667175293
26.7700004577637	180
26.7800006866455	233.33332824707
26.7900009155273	206.66667175293
26.7999992370605	206.66667175293
26.8099994659424	166.66667175293
26.8199996948242	160
26.8299999237061	173.33332824707
26.8400001525879	160
26.8500003814697	120
26.8600006103516	126.666664123535
26.8700008392334	153.33332824707
26.8799991607666	193.33332824707
26.8899993896484	140
26.8999996185303	186.66667175293
26.9099998474121	173.33332824707
26.9200000762939	160
26.9300003051758	146.66667175293
26.9400005340576	140
26.9500007629395	140
26.9599990844727	160
26.9699993133545	133.33332824707
26.9799995422363	120
26.9899997711182	160
27	193.33332824707
27.0100002288818	140
27.0200004577637	106.666664123535
27.0300006866455	186.66667175293
27.0400009155273	153.33332824707
27.0499992370605	93.3333358764648
27.0599994659424	153.33332824707
27.0699996948242	146.66667175293
27.0799999237061	146.66667175293
27.0900001525879	133.33332824707
27.1000003814697	173.33332824707
27.1100006103516	173.33332824707
27.1200008392334	126.666664123535
27.1299991607666	206.66667175293
27.1399993896484	140
27.1499996185303	213.33332824707
27.1599998474121	133.33332824707
27.1700000762939	120
27.1800003051758	160
27.1900005340576	120
27.2000007629395	180
27.2099990844727	186.66667175293
27.2199993133545	153.33332824707
27.2299995422363	106.666664123535
27.2399997711182	200
27.25	153.33332824707
27.2600002288818	133.33332824707
27.2700004577637	180
27.2800006866455	206.66667175293
27.2900009155273	133.33332824707
27.2999992370605	173.33332824707
27.3099994659424	126.666664123535
27.3199996948242	166.66667175293
27.3299999237061	186.66667175293
27.3400001525879	166.66667175293
27.3500003814697	146.66667175293
27.3600006103516	106.666664123535
27.3700008392334	126.666664123535
27.3799991607666	153.33332824707
27.3899993896484	166.66667175293
27.3999996185303	126.666664123535
27.4099998474121	166.66667175293
27.4200000762939	120
27.4300003051758	133.33332824707
27.4400005340576	160
27.4500007629395	140
27.4599990844727	180
27.4699993133545	140
27.4799995422363	126.666664123535
27.4899997711182	160
27.5	180
27.5100002288818	233.33332824707
27.5200004577637	173.33332824707
27.5300006866455	133.33332824707
27.5400009155273	186.66667175293
27.5499992370605	126.666664123535
27.5599994659424	160
27.5699996948242	133.33332824707
27.5799999237061	126.666664123535
27.5900001525879	113.333335876465
27.6000003814697	100
27.6100006103516	186.66667175293
27.6200008392334	140
27.6299991607666	173.33332824707
27.6399993896484	86.6666641235352
27.6499996185303	140
27.6599998474121	133.33332824707
27.6700000762939	173.33332824707
27.6800003051758	126.666664123535
27.6900005340576	166.66667175293
27.7000007629395	106.666664123535
27.7099990844727	113.333335876465
27.7199993133545	80
27.7299995422363	173.33332824707
27.7399997711182	126.666664123535
27.75	173.33332824707
27.7600002288818	146.66667175293
27.7700004577637	193.33332824707
27.7800006866455	180
27.7900009155273	146.66667175293
27.7999992370605	126.666664123535
27.8099994659424	146.66667175293
27.8199996948242	126.666664123535
27.8299999237061	173.33332824707
27.8400001525879	106.666664123535
27.8500003814697	173.33332824707
27.8600006103516	160
27.8700008392334	153.33332824707
27.8799991607666	146.66667175293
27.8899993896484	126.666664123535
27.8999996185303	173.33332824707
27.9099998474121	160
27.9200000762939	153.33332824707
27.9300003051758	140
27.9400005340576	133.33332824707
27.9500007629395	133.33332824707
27.9599990844727	153.33332824707
27.9699993133545	133.33332824707
27.9799995422363	186.66667175293
27.9899997711182	120
28	153.33332824707
28.0100002288818	133.33332824707
28.0200004577637	200
28.0300006866455	80
28.0400009155273	133.33332824707
28.0499992370605	153.33332824707
28.0599994659424	120
28.0699996948242	133.33332824707
28.0799999237061	140
28.0900001525879	160
28.1000003814697	126.666664123535
28.1100006103516	146.66667175293
28.1200008392334	120
28.1299991607666	186.66667175293
28.1399993896484	186.66667175293
28.1499996185303	153.33332824707
28.1599998474121	86.6666641235352
28.1700000762939	146.66667175293
28.1800003051758	106.666664123535
28.1900005340576	120
28.2000007629395	120
28.2099990844727	120
28.2199993133545	113.333335876465
28.2299995422363	93.3333358764648
28.2399997711182	120
28.25	153.33332824707
28.2600002288818	146.66667175293
28.2700004577637	146.66667175293
28.2800006866455	86.6666641235352
28.2900009155273	160
28.2999992370605	146.66667175293
28.3099994659424	113.333335876465
28.3199996948242	120
28.3299999237061	106.666664123535
28.3400001525879	126.666664123535
28.3500003814697	180
28.3600006103516	106.666664123535
28.3700008392334	160
28.3799991607666	140
28.3899993896484	153.33332824707
28.3999996185303	120
28.4099998474121	133.33332824707
28.4200000762939	173.33332824707
28.4300003051758	126.666664123535
28.4400005340576	153.33332824707
28.4500007629395	120
28.4599990844727	166.66667175293
28.4699993133545	120
28.4799995422363	126.666664123535
28.4899997711182	166.66667175293
28.5	113.333335876465
28.5100002288818	166.66667175293
28.5200004577637	166.66667175293
28.5300006866455	166.66667175293
28.5400009155273	193.33332824707
28.5499992370605	120
28.5599994659424	100
28.5699996948242	126.666664123535
28.5799999237061	113.333335876465
28.5900001525879	140
28.6000003814697	160
28.6100006103516	126.666664123535
28.6200008392334	126.666664123535
28.6299991607666	140
28.6399993896484	126.666664123535
28.6499996185303	166.66667175293
28.6599998474121	133.33332824707
28.6700000762939	126.666664123535
28.6800003051758	106.666664123535
28.6900005340576	126.666664123535
28.7000007629395	153.33332824707
28.7099990844727	160
28.7199993133545	133.33332824707
28.7299995422363	80
28.7399997711182	133.33332824707
28.75	126.666664123535
28.7600002288818	126.666664123535
28.7700004577637	140
28.7800006866455	106.666664123535
28.7900009155273	120
28.7999992370605	133.33332824707
28.8099994659424	106.666664123535
28.8199996948242	133.33332824707
28.8299999237061	106.666664123535
28.8400001525879	66.6666641235352
28.8500003814697	133.33332824707
28.8600006103516	100
28.8700008392334	113.333335876465
28.8799991607666	140
28.8899993896484	126.666664123535
28.8999996185303	140
28.9099998474121	100
28.9200000762939	126.666664123535
28.9300003051758	66.6666641235352
28.9400005340576	120
28.9500007629395	146.66667175293
28.9599990844727	120
28.9699993133545	153.33332824707
28.9799995422363	106.666664123535
28.9899997711182	113.333335876465
29	100
29.0100002288818	93.3333358764648
29.0200004577637	100
29.0300006866455	166.66667175293
29.0400009155273	93.3333358764648
29.0499992370605	113.333335876465
29.0599994659424	106.666664123535
29.0699996948242	173.33332824707
29.0799999237061	133.33332824707
29.0900001525879	73.3333358764648
29.1000003814697	133.33332824707
29.1100006103516	106.666664123535
29.1200008392334	106.666664123535
29.1299991607666	60
29.1399993896484	113.333335876465
29.1499996185303	133.33332824707
29.1599998474121	120
29.1700000762939	120
29.1800003051758	80
29.1900005340576	100
29.2000007629395	120
29.2099990844727	186.66667175293
29.2199993133545	133.33332824707
29.2299995422363	133.33332824707
29.2399997711182	100
29.25	106.666664123535
29.2600002288818	153.33332824707
29.2700004577637	186.66667175293
29.2800006866455	93.3333358764648
29.2900009155273	120
29.2999992370605	140
29.3099994659424	180
29.3199996948242	86.6666641235352
29.3299999237061	146.66667175293
29.3400001525879	106.666664123535
29.3500003814697	106.666664123535
29.3600006103516	113.333335876465
29.3700008392334	106.666664123535
29.3799991607666	80
29.3899993896484	73.3333358764648
29.3999996185303	100
29.4099998474121	80
29.4200000762939	100
29.4300003051758	153.33332824707
29.4400005340576	140
29.4500007629395	140
29.4599990844727	80
29.4699993133545	106.666664123535
29.4799995422363	100
29.4899997711182	126.666664123535
29.5	93.3333358764648
29.5100002288818	153.33332824707
29.5200004577637	140
29.5300006866455	140
29.5400009155273	106.666664123535
29.5499992370605	120
29.5599994659424	113.333335876465
29.5699996948242	106.666664123535
29.5799999237061	120
29.5900001525879	106.666664123535
29.6000003814697	120
29.6100006103516	100
29.6200008392334	120
29.6299991607666	93.3333358764648
29.6399993896484	133.33332824707
29.6499996185303	113.333335876465
29.6599998474121	146.66667175293
29.6700000762939	113.333335876465
29.6800003051758	133.33332824707
29.6900005340576	86.6666641235352
29.7000007629395	93.3333358764648
29.7099990844727	106.666664123535
29.7199993133545	140
29.7299995422363	133.33332824707
29.7399997711182	100
29.75	133.33332824707
29.7600002288818	126.666664123535
29.7700004577637	100
29.7800006866455	140
29.7900009155273	126.666664123535
29.7999992370605	140
29.8099994659424	153.33332824707
29.8199996948242	120
29.8299999237061	120
29.8400001525879	93.3333358764648
29.8500003814697	140
29.8600006103516	93.3333358764648
29.8700008392334	113.333335876465
29.8799991607666	133.33332824707
29.8899993896484	106.666664123535
29.8999996185303	80
29.9099998474121	60
29.9200000762939	126.666664123535
29.9300003051758	133.33332824707
29.9400005340576	120
29.9500007629395	133.33332824707
29.9599990844727	113.333335876465
29.9699993133545	73.3333358764648
29.9799995422363	120
29.9899997711182	93.3333358764648
30	126.666664123535
30.0100002288818	80
30.0200004577637	86.6666641235352
30.0300006866455	100
30.0400009155273	106.666664123535
30.0499992370605	126.666664123535
30.0599994659424	126.666664123535
30.0699996948242	86.6666641235352
30.0799999237061	120
30.0900001525879	160
30.1000003814697	160
30.1100006103516	120
30.1200008392334	113.333335876465
30.1299991607666	146.66667175293
30.1399993896484	106.666664123535
30.1499996185303	73.3333358764648
30.1599998474121	120
30.1700000762939	93.3333358764648
30.1800003051758	113.333335876465
30.1900005340576	93.3333358764648
30.2000007629395	120
30.2099990844727	153.33332824707
30.2199993133545	120
30.2299995422363	126.666664123535
30.2399997711182	100
30.25	86.6666641235352
30.2600002288818	146.66667175293
30.2700004577637	126.666664123535
30.2800006866455	153.33332824707
30.2900009155273	126.666664123535
30.2999992370605	106.666664123535
30.3099994659424	113.333335876465
30.3199996948242	106.666664123535
30.3299999237061	133.33332824707
30.3400001525879	140
30.3500003814697	106.666664123535
30.3600006103516	73.3333358764648
30.3700008392334	80
30.3799991607666	113.333335876465
30.3899993896484	133.33332824707
30.3999996185303	160
30.4099998474121	80
30.4200000762939	113.333335876465
30.4300003051758	60
30.4400005340576	66.6666641235352
30.4500007629395	53.3333320617676
30.4599990844727	86.6666641235352
30.4699993133545	113.333335876465
30.4799995422363	126.666664123535
30.4899997711182	126.666664123535
30.5	106.666664123535
30.5100002288818	146.66667175293
30.5200004577637	86.6666641235352
30.5300006866455	106.666664123535
30.5400009155273	93.3333358764648
30.5499992370605	126.666664123535
30.5599994659424	100
30.5699996948242	140
30.5799999237061	73.3333358764648
30.5900001525879	86.6666641235352
30.6000003814697	86.6666641235352
30.6100006103516	133.33332824707
30.6200008392334	140
30.6299991607666	133.33332824707
30.6399993896484	73.3333358764648
30.6499996185303	80
30.6599998474121	86.6666641235352
30.6700000762939	106.666664123535
30.6800003051758	140
30.6900005340576	93.3333358764648
30.7000007629395	93.3333358764648
30.7099990844727	113.333335876465
30.7199993133545	100
30.7299995422363	126.666664123535
30.7399997711182	106.666664123535
30.75	146.66667175293
30.7600002288818	106.666664123535
30.7700004577637	153.33332824707
30.7800006866455	160
30.7900009155273	106.666664123535
30.7999992370605	120
30.8099994659424	93.3333358764648
30.8199996948242	73.3333358764648
30.8299999237061	73.3333358764648
30.8400001525879	173.33332824707
30.8500003814697	140
30.8600006103516	106.666664123535
30.8700008392334	126.666664123535
30.8799991607666	106.666664123535
30.8899993896484	86.6666641235352
30.8999996185303	106.666664123535
30.9099998474121	160
30.9200000762939	120
30.9300003051758	106.666664123535
30.9400005340576	120
30.9500007629395	60
30.9599990844727	73.3333358764648
30.9699993133545	80
30.9799995422363	126.666664123535
30.9899997711182	140
31	80
31.0100002288818	93.3333358764648
31.0200004577637	120
31.0300006866455	106.666664123535
31.0400009155273	80
31.0499992370605	133.33332824707
31.0599994659424	113.333335876465
31.0699996948242	126.666664123535
31.0799999237061	153.33332824707
31.0900001525879	93.3333358764648
31.1000003814697	93.3333358764648
31.1100006103516	113.333335876465
31.1200008392334	146.66667175293
31.1299991607666	106.666664123535
31.1399993896484	133.33332824707
31.1499996185303	126.666664123535
31.1599998474121	86.6666641235352
31.1700000762939	106.666664123535
31.1800003051758	46.6666679382324
31.1900005340576	113.333335876465
31.2000007629395	133.33332824707
31.2099990844727	120
31.2199993133545	146.66667175293
31.2299995422363	93.3333358764648
31.2399997711182	120
31.25	113.333335876465
31.2600002288818	86.6666641235352
31.2700004577637	93.3333358764648
31.2800006866455	113.333335876465
31.2900009155273	120
31.2999992370605	113.333335876465
31.3099994659424	133.33332824707
31.3199996948242	100
31.3299999237061	80
31.3400001525879	146.66667175293
31.3500003814697	120
31.3600006103516	86.6666641235352
31.3700008392334	120
31.3799991607666	106.666664123535
31.3899993896484	73.3333358764648
31.3999996185303	106.666664123535
31.4099998474121	93.3333358764648
31.4200000762939	86.6666641235352
31.4300003051758	120
31.4400005340576	93.3333358764648
31.4500007629395	60
31.4599990844727	106.666664123535
31.4699993133545	126.666664123535
31.4799995422363	106.666664123535
31.4899997711182	113.333335876465
31.5	126.666664123535
31.5100002288818	140
31.5200004577637	80
31.5300006866455	60
31.5400009155273	100
31.5499992370605	100
31.5599994659424	126.666664123535
31.5699996948242	86.6666641235352
31.5799999237061	73.3333358764648
31.5900001525879	140
31.6000003814697	140
31.6100006103516	86.6666641235352
31.6200008392334	106.666664123535
31.6299991607666	133.33332824707
31.6399993896484	113.333335876465
31.6499996185303	126.666664123535
31.6599998474121	106.666664123535
31.6700000762939	106.666664123535
31.6800003051758	106.666664123535
31.6900005340576	100
31.7000007629395	100
31.7099990844727	93.3333358764648
31.7199993133545	120
31.7299995422363	106.666664123535
31.7399997711182	80
31.75	106.666664123535
31.7600002288818	113.333335876465
31.7700004577637	100
31.7800006866455	140
31.7900009155273	113.333335876465
31.7999992370605	113.333335876465
31.8099994659424	93.3333358764648
31.8199996948242	100
31.8299999237061	106.666664123535
31.8400001525879	40
31.8500003814697	86.6666641235352
31.8600006103516	133.33332824707
31.8700008392334	93.3333358764648
31.8799991607666	113.333335876465
31.8899993896484	93.3333358764648
31.8999996185303	80
31.9099998474121	66.6666641235352
31.9200000762939	133.33332824707
31.9300003051758	86.6666641235352
31.9400005340576	140
31.9500007629395	120
31.9599990844727	106.666664123535
31.9699993133545	60
31.9799995422363	80
31.9899997711182	106.666664123535
32	120
32.0099983215332	93.3333358764648
32.0200004577637	100
32.0299987792969	120
32.0400009155273	93.3333358764648
32.0499992370605	66.6666641235352
32.060001373291	86.6666641235352
32.0699996948242	86.6666641235352
32.0800018310547	106.666664123535
32.0900001525879	113.333335876465
32.0999984741211	106.666664123535
32.1100006103516	100
32.1199989318848	93.3333358764648
32.1300010681152	140
32.1399993896484	93.3333358764648
32.1500015258789	80
32.1599998474121	66.6666641235352
32.1699981689453	73.3333358764648
32.1800003051758	126.666664123535
32.189998626709	140
32.2000007629395	113.333335876465
32.2099990844727	140
32.2200012207031	133.33332824707
32.2299995422363	133.33332824707
32.2400016784668	120
32.25	113.333335876465
32.2599983215332	120
32.2700004577637	113.333335876465
32.2799987792969	86.6666641235352
32.2900009155273	153.33332824707
32.2999992370605	100
32.310001373291	66.6666641235352
32.3199996948242	86.6666641235352
32.3300018310547	100
32.3400001525879	53.3333320617676
32.3499984741211	86.6666641235352
32.3600006103516	40
32.3699989318848	86.6666641235352
32.3800010681152	120
32.3899993896484	80
32.4000015258789	73.3333358764648
32.4099998474121	93.3333358764648
32.4199981689453	120
32.4300003051758	180
32.439998626709	113.333335876465
32.4500007629395	106.666664123535
32.4599990844727	106.666664123535
32.4700012207031	46.6666679382324
32.4799995422363	73.3333358764648
32.4900016784668	100
32.5	146.66667175293
32.5099983215332	66.6666641235352
32.5200004577637	80
32.5299987792969	86.6666641235352
32.5400009155273	93.3333358764648
32.5499992370605	100
32.560001373291	80
32.5699996948242	113.333335876465
32.5800018310547	100
32.5900001525879	113.333335876465
32.5999984741211	106.666664123535
32.6100006103516	73.3333358764648
32.6199989318848	93.3333358764648
32.6300010681152	113.333335876465
32.6399993896484	120
32.6500015258789	100
32.6599998474121	120
32.6699981689453	106.666664123535
32.6800003051758	93.3333358764648
32.689998626709	53.3333320617676
32.7000007629395	66.6666641235352
32.7099990844727	100
32.7200012207031	53.3333320617676
32.7299995422363	100
32.7400016784668	126.666664123535
32.75	100
32.7599983215332	73.3333358764648
32.7700004577637	120
32.7799987792969	106.666664123535
32.7900009155273	60
32.7999992370605	53.3333320617676
32.810001373291	93.3333358764648
32.8199996948242	46.6666679382324
32.8300018310547	100
32.8400001525879	100
32.8499984741211	126.666664123535
32.8600006103516	80
32.8699989318848	73.3333358764648
32.8800010681152	120
32.8899993896484	86.6666641235352
32.9000015258789	60
32.9099998474121	80
32.9199981689453	93.3333358764648
32.9300003051758	113.333335876465
32.939998626709	86.6666641235352
32.9500007629395	93.3333358764648
32.9599990844727	113.333335876465
32.9700012207031	100
32.9799995422363	80
32.9900016784668	100
33	86.6666641235352
33.0099983215332	86.6666641235352
33.0200004577637	100
33.0299987792969	93.3333358764648
33.0400009155273	93.3333358764648
33.0499992370605	86.6666641235352
33.060001373291	60
33.0699996948242	93.3333358764648
33.0800018310547	86.6666641235352
33.0900001525879	113.333335876465
33.0999984741211	80
33.1100006103516	60
33.1199989318848	73.3333358764648
33.1300010681152	53.3333320617676
33.1399993896484	126.666664123535
33.1500015258789	100
33.1599998474121	106.666664123535
33.1699981689453	100
33.1800003051758	60
33.189998626709	80
33.2000007629395	100
33.2099990844727	153.33332824707
33.2200012207031	53.3333320617676
33.2299995422363	133.33332824707
33.2400016784668	86.6666641235352
33.25	86.6666641235352
33.2599983215332	100
33.2700004577637	60
33.2799987792969	60
33.2900009155273	100
33.2999992370605	66.6666641235352
33.310001373291	46.6666679382324
33.3199996948242	133.33332824707
33.3300018310547	66.6666641235352
33.3400001525879	120
33.3499984741211	153.33332824707
33.3600006103516	153.33332824707
33.3699989318848	80
33.3800010681152	160
33.3899993896484	133.33332824707
33.4000015258789	66.6666641235352
33.4099998474121	80
33.4199981689453	126.666664123535
33.4300003051758	93.3333358764648
33.439998626709	126.666664123535
33.4500007629395	126.666664123535
33.4599990844727	106.666664123535
33.4700012207031	93.3333358764648
33.4799995422363	46.6666679382324
33.4900016784668	113.333335876465
33.5	93.3333358764648
33.5099983215332	66.6666641235352
33.5200004577637	100
33.5299987792969	113.333335876465
33.5400009155273	100
33.5499992370605	120
33.560001373291	126.666664123535
33.5699996948242	113.333335876465
33.5800018310547	106.666664123535
33.5900001525879	126.666664123535
33.5999984741211	113.333335876465
33.6100006103516	100
33.6199989318848	66.6666641235352
33.6300010681152	86.6666641235352
33.6399993896484	100
33.6500015258789	113.333335876465
33.6599998474121	113.333335876465
33.6699981689453	133.33332824707
33.6800003051758	100
33.689998626709	120
33.7000007629395	80
33.7099990844727	86.6666641235352
33.7200012207031	113.333335876465
33.7299995422363	106.666664123535
33.7400016784668	153.33332824707
33.75	93.3333358764648
33.7599983215332	113.333335876465
33.7700004577637	106.666664123535
33.7799987792969	86.6666641235352
33.7900009155273	100
33.7999992370605	113.333335876465
33.810001373291	73.3333358764648
33.8199996948242	93.3333358764648
33.8300018310547	93.3333358764648
33.8400001525879	113.333335876465
33.8499984741211	146.66667175293
33.8600006103516	120
33.8699989318848	126.666664123535
33.8800010681152	93.3333358764648
33.8899993896484	93.3333358764648
33.9000015258789	106.666664123535
33.9099998474121	113.333335876465
33.9199981689453	100
33.9300003051758	80
33.939998626709	80
33.9500007629395	100
33.9599990844727	73.3333358764648
33.9700012207031	160
33.9799995422363	106.666664123535
33.9900016784668	106.666664123535
34	126.666664123535
34.0099983215332	133.33332824707
34.0200004577637	126.666664123535
34.0299987792969	126.666664123535
34.0400009155273	106.666664123535
34.0499992370605	93.3333358764648
34.060001373291	53.3333320617676
34.0699996948242	80
34.0800018310547	113.333335876465
34.0900001525879	133.33332824707
34.0999984741211	106.666664123535
34.1100006103516	86.6666641235352
34.1199989318848	93.3333358764648
34.1300010681152	93.3333358764648
34.1399993896484	146.66667175293
34.1500015258789	133.33332824707
34.1599998474121	73.3333358764648
34.1699981689453	113.333335876465
34.1800003051758	133.33332824707
34.189998626709	106.666664123535
34.2000007629395	93.3333358764648
34.2099990844727	120
34.2200012207031	86.6666641235352
34.2299995422363	106.666664123535
34.2400016784668	66.6666641235352
34.25	120
34.2599983215332	60
34.2700004577637	66.6666641235352
34.2799987792969	80
34.2900009155273	86.6666641235352
34.2999992370605	86.6666641235352
34.310001373291	66.6666641235352
34.3199996948242	106.666664123535
34.3300018310547	80
34.3400001525879	73.3333358764648
34.3499984741211	100
34.3600006103516	133.33332824707
34.3699989318848	80
34.3800010681152	73.3333358764648
34.3899993896484	66.6666641235352
34.4000015258789	80
34.4099998474121	120
34.4199981689453	93.3333358764648
34.4300003051758	80
34.439998626709	93.3333358764648
34.4500007629395	100
34.4599990844727	106.666664123535
34.4700012207031	120
34.4799995422363	60
34.4900016784668	113.333335876465
34.5	93.3333358764648
34.5099983215332	73.3333358764648
34.5200004577637	80
34.5299987792969	93.3333358764648
34.5400009155273	120
34.5499992370605	66.6666641235352
34.560001373291	93.3333358764648
34.5699996948242	66.6666641235352
34.5800018310547	86.6666641235352
34.5900001525879	66.6666641235352
34.5999984741211	140
34.6100006103516	120
34.6199989318848	73.3333358764648
34.6300010681152	53.3333320617676
34.6399993896484	80
34.6500015258789	93.3333358764648
34.6599998474121	86.6666641235352
34.6699981689453	80
34.6800003051758	93.3333358764648
34.689998626709	73.3333358764648
34.7000007629395	73.3333358764648
34.7099990844727	106.666664123535
34.7200012207031	93.3333358764648
34.7299995422363	106.666664123535
34.7400016784668	73.3333358764648
34.75	33.3333320617676
34.7599983215332	73.3333358764648
34.7700004577637	40
34.7799987792969	86.6666641235352
34.7900009155273	80
34.7999992370605	53.3333320617676
34.810001373291	73.3333358764648
34.8199996948242	73.3333358764648
34.8300018310547	106.666664123535
34.8400001525879	100
34.8499984741211	106.666664123535
34.8600006103516	133.33332824707
34.8699989318848	80
34.8800010681152	86.6666641235352
34.8899993896484	146.66667175293
34.9000015258789	160
34.9099998474121	173.33332824707
34.9199981689453	106.666664123535
34.9300003051758	113.333335876465
34.939998626709	106.666664123535
34.9500007629395	126.666664123535
34.9599990844727	106.666664123535
34.9700012207031	113.333335876465
34.9799995422363	193.33332824707
34.9900016784668	186.66667175293
35	220
35.0099983215332	320
35.0200004577637	366.666656494141
35.0299987792969	386.666656494141
35.0400009155273	400
35.0499992370605	380
35.060001373291	513.333312988281
35.0699996948242	353.333343505859
35.0800018310547	460
35.0900001525879	413.333343505859
35.0999984741211	386.666656494141
35.1100006103516	553.333312988281
35.1199989318848	480
35.1300010681152	440
35.1399993896484	420
35.1500015258789	400
35.1599998474121	413.333343505859
35.1699981689453	293.333343505859
35.1800003051758	233.33332824707
35.189998626709	293.333343505859
35.2000007629395	293.333343505859
35.2099990844727	193.33332824707
35.2200012207031	206.66667175293
35.2299995422363	226.66667175293
35.2400016784668	173.33332824707
35.25	140
35.2599983215332	133.33332824707
35.2700004577637	113.333335876465
35.2799987792969	133.33332824707
35.2900009155273	186.66667175293
35.2999992370605	80
35.310001373291	53.3333320617676
35.3199996948242	100
35.3300018310547	146.66667175293
35.3400001525879	86.6666641235352
35.3499984741211	93.3333358764648
35.3600006103516	100
35.3699989318848	93.3333358764648
35.3800010681152	113.333335876465
35.3899993896484	160
35.4000015258789	93.3333358764648
35.4099998474121	93.3333358764648
35.4199981689453	140
35.4300003051758	86.6666641235352
35.439998626709	86.6666641235352
35.4500007629395	126.666664123535
35.4599990844727	106.666664123535
35.4700012207031	100
35.4799995422363	73.3333358764648
35.4900016784668	86.6666641235352
35.5	106.666664123535
35.5099983215332	73.3333358764648
35.5200004577637	120
35.5299987792969	113.333335876465
35.5400009155273	100
35.5499992370605	120
35.560001373291	133.33332824707
35.5699996948242	93.3333358764648
35.5800018310547	133.33332824707
35.5900001525879	113.333335876465
35.5999984741211	133.33332824707
35.6100006103516	140
35.6199989318848	80
35.6300010681152	100
35.6399993896484	120
35.6500015258789	100
35.6599998474121	86.6666641235352
35.6699981689453	120
35.6800003051758	113.333335876465
35.689998626709	53.3333320617676
35.7000007629395	106.666664123535
35.7099990844727	86.6666641235352
35.7200012207031	106.666664123535
35.7299995422363	73.3333358764648
35.7400016784668	113.333335876465
35.75	113.333335876465
35.7599983215332	60
35.7700004577637	126.666664123535
35.7799987792969	113.333335876465
35.7900009155273	66.6666641235352
35.7999992370605	133.33332824707
35.810001373291	100
35.8199996948242	106.666664123535
35.8300018310547	126.666664123535
35.8400001525879	113.333335876465
35.8499984741211	73.3333358764648
35.8600006103516	106.666664123535
35.8699989318848	113.333335876465
35.8800010681152	180
35.8899993896484	140
35.9000015258789	106.666664123535
35.9099998474121	120
35.9199981689453	120
35.9300003051758	100
35.939998626709	120
35.9500007629395	133.33332824707
35.9599990844727	106.666664123535
35.9700012207031	160
35.9799995422363	133.33332824707
35.9900016784668	106.666664123535
36	100
36.0099983215332	113.333335876465
36.0200004577637	120
36.0299987792969	146.66667175293
36.0400009155273	120
36.0499992370605	133.33332824707
36.060001373291	113.333335876465
36.0699996948242	86.6666641235352
36.0800018310547	93.3333358764648
36.0900001525879	140
36.0999984741211	113.333335876465
36.1100006103516	173.33332824707
36.1199989318848	140
36.1300010681152	100
36.1399993896484	106.666664123535
36.1500015258789	120
36.1599998474121	80
36.1699981689453	100
36.1800003051758	100
36.189998626709	73.3333358764648
36.2000007629395	106.666664123535
36.2099990844727	100
36.2200012207031	120
36.2299995422363	60
36.2400016784668	73.3333358764648
36.25	80
36.2599983215332	86.6666641235352
36.2700004577637	80
36.2799987792969	120
36.2900009155273	146.66667175293
36.2999992370605	126.666664123535
36.310001373291	133.33332824707
36.3199996948242	86.6666641235352
36.3300018310547	106.666664123535
36.3400001525879	113.333335876465
36.3499984741211	66.6666641235352
36.3600006103516	106.666664123535
36.3699989318848	146.66667175293
36.3800010681152	86.6666641235352
36.3899993896484	100
36.4000015258789	100
36.4099998474121	93.3333358764648
36.4199981689453	93.3333358764648
36.4300003051758	126.666664123535
36.439998626709	100
36.4500007629395	100
36.4599990844727	113.333335876465
36.4700012207031	80
36.4799995422363	66.6666641235352
36.4900016784668	73.3333358764648
36.5	80
36.5099983215332	120
36.5200004577637	113.333335876465
36.5299987792969	40
36.5400009155273	73.3333358764648
36.5499992370605	126.666664123535
36.560001373291	113.333335876465
36.5699996948242	153.33332824707
36.5800018310547	120
36.5900001525879	80
36.5999984741211	80
36.6100006103516	126.666664123535
36.6199989318848	133.33332824707
36.6300010681152	100
36.6399993896484	100
36.6500015258789	80
36.6599998474121	100
36.6699981689453	80
36.6800003051758	93.3333358764648
36.689998626709	93.3333358764648
36.7000007629395	86.6666641235352
36.7099990844727	86.6666641235352
36.7200012207031	113.333335876465
36.7299995422363	100
36.7400016784668	106.666664123535
36.75	93.3333358764648
36.7599983215332	93.3333358764648
36.7700004577637	86.6666641235352
36.7799987792969	140
36.7900009155273	140
36.7999992370605	106.666664123535
36.810001373291	73.3333358764648
36.8199996948242	113.333335876465
36.8300018310547	73.3333358764648
36.8400001525879	66.6666641235352
36.8499984741211	73.3333358764648
36.8600006103516	120
36.8699989318848	93.3333358764648
36.8800010681152	120
36.8899993896484	93.3333358764648
36.9000015258789	66.6666641235352
36.9099998474121	120
36.9199981689453	80
36.9300003051758	153.33332824707
36.939998626709	106.666664123535
36.9500007629395	173.33332824707
36.9599990844727	133.33332824707
36.9700012207031	113.333335876465
36.9799995422363	86.6666641235352
36.9900016784668	86.6666641235352
37	113.333335876465
37.0099983215332	120
37.0200004577637	113.333335876465
37.0299987792969	113.333335876465
37.0400009155273	80
37.0499992370605	140
37.060001373291	93.3333358764648
37.0699996948242	160
37.0800018310547	146.66667175293
37.0900001525879	166.66667175293
37.0999984741211	153.33332824707
37.1100006103516	86.6666641235352
37.1199989318848	140
37.1300010681152	160
37.1399993896484	126.666664123535
37.1500015258789	100
37.1599998474121	126.666664123535
37.1699981689453	93.3333358764648
37.1800003051758	126.666664123535
37.189998626709	93.3333358764648
37.2000007629395	113.333335876465
37.2099990844727	80
37.2200012207031	86.6666641235352
37.2299995422363	113.333335876465
37.2400016784668	106.666664123535
37.25	80
37.2599983215332	106.666664123535
37.2700004577637	113.333335876465
37.2799987792969	106.666664123535
37.2900009155273	120
37.2999992370605	120
37.310001373291	120
37.3199996948242	186.66667175293
37.3300018310547	120
37.3400001525879	100
37.3499984741211	86.6666641235352
37.3600006103516	106.666664123535
37.3699989318848	133.33332824707
37.3800010681152	120
37.3899993896484	146.66667175293
37.4000015258789	180
37.4099998474121	100
37.4199981689453	93.3333358764648
37.4300003051758	120
37.439998626709	146.66667175293
37.4500007629395	80
37.4599990844727	140
37.4700012207031	140
37.4799995422363	126.666664123535
37.4900016784668	133.33332824707
37.5	153.33332824707
37.5099983215332	133.33332824707
37.5200004577637	126.666664123535
37.5299987792969	146.66667175293
37.5400009155273	133.33332824707
37.5499992370605	113.333335876465
37.560001373291	133.33332824707
37.5699996948242	120
37.5800018310547	106.666664123535
37.5900001525879	140
37.5999984741211	106.666664123535
37.6100006103516	146.66667175293
37.6199989318848	146.66667175293
37.6300010681152	106.666664123535
37.6399993896484	100
37.6500015258789	166.66667175293
37.6599998474121	206.66667175293
37.6699981689453	180
37.6800003051758	173.33332824707
37.689998626709	140
37.7000007629395	133.33332824707
37.7099990844727	113.333335876465
37.7200012207031	153.33332824707
37.7299995422363	146.66667175293
37.7400016784668	113.333335876465
37.75	160
37.7599983215332	173.33332824707
37.7700004577637	146.66667175293
37.7799987792969	180
37.7900009155273	180
37.7999992370605	133.33332824707
37.810001373291	173.33332824707
37.8199996948242	193.33332824707
37.8300018310547	166.66667175293
37.8400001525879	100
37.8499984741211	126.666664123535
37.8600006103516	193.33332824707
37.8699989318848	153.33332824707
37.8800010681152	180
37.8899993896484	180
37.9000015258789	200
37.9099998474121	200
37.9199981689453	266.666656494141
37.9300003051758	200
37.939998626709	146.66667175293
37.9500007629395	133.33332824707
37.9599990844727	140
37.9700012207031	153.33332824707
37.9799995422363	126.666664123535
37.9900016784668	160
38	200
38.0099983215332	206.66667175293
38.0200004577637	226.66667175293
38.0299987792969	173.33332824707
38.0400009155273	160
38.0499992370605	173.33332824707
38.060001373291	160
38.0699996948242	160
38.0800018310547	166.66667175293
38.0900001525879	133.33332824707
38.0999984741211	160
38.1100006103516	173.33332824707
38.1199989318848	200
38.1300010681152	160
38.1399993896484	186.66667175293
38.1500015258789	206.66667175293
38.1599998474121	213.33332824707
38.1699981689453	206.66667175293
38.1800003051758	206.66667175293
38.189998626709	193.33332824707
38.2000007629395	240
38.2099990844727	200
38.2200012207031	213.33332824707
38.2299995422363	226.66667175293
38.2400016784668	240
38.25	213.33332824707
38.2599983215332	226.66667175293
38.2700004577637	273.333343505859
38.2799987792969	273.333343505859
38.2900009155273	353.333343505859
38.2999992370605	340
38.310001373291	433.333343505859
38.3199996948242	580
38.3300018310547	633.333312988281
38.3400001525879	666.666687011719
38.3499984741211	793.333312988281
38.3600006103516	1120
38.3699989318848	1100
38.3800010681152	1333.33337402344
38.3899993896484	1393.33337402344
38.4000015258789	1273.33337402344
38.4099998474121	1093.33337402344
38.4199981689453	1100
38.4300003051758	1006.66668701172
38.439998626709	900
38.4500007629395	886.666687011719
38.4599990844727	893.333312988281
38.4700012207031	806.666687011719
38.4799995422363	960
38.4900016784668	866.666687011719
38.5	806.666687011719
38.5099983215332	626.666687011719
38.5200004577637	666.666687011719
38.5299987792969	580
38.5400009155273	360
38.5499992370605	393.333343505859
38.560001373291	333.333343505859
38.5699996948242	280
38.5800018310547	333.333343505859
38.5900001525879	313.333343505859
38.5999984741211	300
38.6100006103516	206.66667175293
38.6199989318848	213.33332824707
38.6300010681152	146.66667175293
38.6399993896484	153.33332824707
38.6500015258789	180
38.6599998474121	146.66667175293
38.6699981689453	213.33332824707
38.6800003051758	186.66667175293
38.689998626709	120
38.7000007629395	133.33332824707
38.7099990844727	186.66667175293
38.7200012207031	166.66667175293
38.7299995422363	193.33332824707
38.7400016784668	166.66667175293
38.75	146.66667175293
38.7599983215332	133.33332824707
38.7700004577637	153.33332824707
38.7799987792969	146.66667175293
38.7900009155273	120
38.7999992370605	106.666664123535
38.810001373291	133.33332824707
38.8199996948242	126.666664123535
38.8300018310547	100
38.8400001525879	146.66667175293
38.8499984741211	153.33332824707
38.8600006103516	173.33332824707
38.8699989318848	160
38.8800010681152	186.66667175293
38.8899993896484	126.666664123535
38.9000015258789	146.66667175293
38.9099998474121	100
38.9199981689453	113.333335876465
38.9300003051758	126.666664123535
38.939998626709	80
38.9500007629395	126.666664123535
38.9599990844727	133.33332824707
38.9700012207031	100
38.9799995422363	106.666664123535
38.9900016784668	106.666664123535
39	113.333335876465
39.0099983215332	160
39.0200004577637	133.33332824707
39.0299987792969	106.666664123535
39.0400009155273	153.33332824707
39.0499992370605	126.666664123535
39.060001373291	100
39.0699996948242	93.3333358764648
39.0800018310547	126.666664123535
39.0900001525879	106.666664123535
39.0999984741211	126.666664123535
39.1100006103516	106.666664123535
39.1199989318848	100
39.1300010681152	120
39.1399993896484	140
39.1500015258789	113.333335876465
39.1599998474121	180
39.1699981689453	100
39.1800003051758	86.6666641235352
39.189998626709	166.66667175293
39.2000007629395	80
39.2099990844727	166.66667175293
39.2200012207031	133.33332824707
39.2299995422363	106.666664123535
39.2400016784668	146.66667175293
39.25	180
39.2599983215332	133.33332824707
39.2700004577637	140
39.2799987792969	120
39.2900009155273	86.6666641235352
39.2999992370605	60
39.310001373291	160
39.3199996948242	133.33332824707
39.3300018310547	100
39.3400001525879	126.666664123535
39.3499984741211	140
39.3600006103516	140
39.3699989318848	80
39.3800010681152	113.333335876465
39.3899993896484	173.33332824707
39.4000015258789	153.33332824707
39.4099998474121	100
39.4199981689453	126.666664123535
39.4300003051758	160
39.439998626709	140
39.4500007629395	146.66667175293
39.4599990844727	93.3333358764648
39.4700012207031	100
39.4799995422363	113.333335876465
39.4900016784668	73.3333358764648
39.5	120
39.5099983215332	86.6666641235352
39.5200004577637	126.666664123535
39.5299987792969	160
39.5400009155273	146.66667175293
39.5499992370605	80
39.560001373291	66.6666641235352
39.5699996948242	180
39.5800018310547	120
39.5900001525879	93.3333358764648
39.5999984741211	126.666664123535
39.6100006103516	113.333335876465
39.6199989318848	146.66667175293
39.6300010681152	140
39.6399993896484	113.333335876465
39.6500015258789	140
39.6599998474121	120
39.6699981689453	126.666664123535
39.6800003051758	160
39.689998626709	120
39.7000007629395	126.666664123535
39.7099990844727	126.666664123535
39.7200012207031	106.666664123535
39.7299995422363	160
39.7400016784668	133.33332824707
39.75	180
39.7599983215332	180
39.7700004577637	160
39.7799987792969	146.66667175293
39.7900009155273	153.33332824707
39.7999992370605	186.66667175293
39.810001373291	180
39.8199996948242	193.33332824707
39.8300018310547	193.33332824707
39.8400001525879	240
39.8499984741211	226.66667175293
39.8600006103516	286.666656494141
39.8699989318848	366.666656494141
39.8800010681152	306.666656494141
39.8899993896484	366.666656494141
39.9000015258789	393.333343505859
39.9099998474121	360
39.9199981689453	366.666656494141
39.9300003051758	520
39.939998626709	573.333312988281
39.9500007629395	613.333312988281
39.9599990844727	606.666687011719
39.9700012207031	693.333312988281
39.9799995422363	840
39.9900016784668	813.333312988281
40	760
40.0099983215332	980
40.0200004577637	1093.33337402344
40.0299987792969	1280
40.0400009155273	1500
40.0499992370605	1740
40.060001373291	1960
40.0699996948242	2620
40.0800018310547	2766.66674804688
40.0900001525879	3566.66674804688
40.0999984741211	3913.33325195313
40.1100006103516	4346.66650390625
40.1199989318848	5180
40.1300010681152	5393.33349609375
40.1399993896484	5366.66650390625
40.1500015258789	5546.66650390625
40.1599998474121	5340
40.1699981689453	5240
40.1800003051758	5033.33349609375
40.189998626709	4653.33349609375
40.2000007629395	4413.33349609375
40.2099990844727	4420
40.2200012207031	4200
40.2299995422363	4026.66674804688
40.2400016784668	4220
40.25	3693.33325195313
40.2599983215332	3526.66674804688
40.2700004577637	3086.66674804688
40.2799987792969	2620
40.2900009155273	2393.33325195313
40.2999992370605	2173.33325195313
40.310001373291	1760
40.3199996948242	1533.33337402344
40.3300018310547	1206.66662597656
40.3400001525879	1093.33337402344
40.3499984741211	1020
40.3600006103516	840
40.3699989318848	740
40.3800010681152	666.666687011719
40.3899993896484	580
40.4000015258789	566.666687011719
40.4099998474121	520
40.4199981689453	486.666656494141
40.4300003051758	373.333343505859
40.439998626709	306.666656494141
40.4500007629395	333.333343505859
40.4599990844727	293.333343505859
40.4700012207031	273.333343505859
40.4799995422363	220
40.4900016784668	206.66667175293
40.5	180
40.5099983215332	173.33332824707
40.5200004577637	133.33332824707
40.5299987792969	226.66667175293
40.5400009155273	180
40.5499992370605	166.66667175293
40.560001373291	153.33332824707
40.5699996948242	186.66667175293
40.5800018310547	160
40.5900001525879	200
40.5999984741211	120
40.6100006103516	166.66667175293
40.6199989318848	160
40.6300010681152	133.33332824707
40.6399993896484	146.66667175293
40.6500015258789	100
40.6599998474121	133.33332824707
40.6699981689453	166.66667175293
40.6800003051758	73.3333358764648
40.689998626709	86.6666641235352
40.7000007629395	106.666664123535
40.7099990844727	100
40.7200012207031	106.666664123535
40.7299995422363	86.6666641235352
40.7400016784668	180
40.75	140
40.7599983215332	100
40.7700004577637	106.666664123535
40.7799987792969	93.3333358764648
40.7900009155273	106.666664123535
40.7999992370605	93.3333358764648
40.810001373291	106.666664123535
40.8199996948242	126.666664123535
40.8300018310547	86.6666641235352
40.8400001525879	80
40.8499984741211	113.333335876465
40.8600006103516	73.3333358764648
40.8699989318848	86.6666641235352
40.8800010681152	66.6666641235352
40.8899993896484	73.3333358764648
40.9000015258789	113.333335876465
40.9099998474121	120
40.9199981689453	140
40.9300003051758	113.333335876465
40.939998626709	113.333335876465
40.9500007629395	113.333335876465
40.9599990844727	140
40.9700012207031	86.6666641235352
40.9799995422363	53.3333320617676
40.9900016784668	60
41	100
41.0099983215332	120
41.0200004577637	120
41.0299987792969	100
41.0400009155273	133.33332824707
41.0499992370605	93.3333358764648
41.060001373291	100
41.0699996948242	80
41.0800018310547	60
41.0900001525879	53.3333320617676
41.0999984741211	40
41.1100006103516	80
41.1199989318848	60
41.1300010681152	133.33332824707
41.1399993896484	66.6666641235352
41.1500015258789	53.3333320617676
41.1599998474121	86.6666641235352
41.1699981689453	46.6666679382324
41.1800003051758	100
41.189998626709	60
41.2000007629395	80
41.2099990844727	93.3333358764648
41.2200012207031	126.666664123535
41.2299995422363	120
41.2400016784668	66.6666641235352
41.25	53.3333320617676
41.2599983215332	66.6666641235352
41.2700004577637	93.3333358764648
41.2799987792969	93.3333358764648
41.2900009155273	86.6666641235352
41.2999992370605	66.6666641235352
41.310001373291	80
41.3199996948242	60
41.3300018310547	66.6666641235352
41.3400001525879	93.3333358764648
41.3499984741211	60
41.3600006103516	33.3333320617676
41.3699989318848	73.3333358764648
41.3800010681152	120
41.3899993896484	73.3333358764648
41.4000015258789	100
41.4099998474121	106.666664123535
41.4199981689453	120
41.4300003051758	120
41.439998626709	80
41.4500007629395	86.6666641235352
41.4599990844727	80
41.4700012207031	113.333335876465
41.4799995422363	100
41.4900016784668	66.6666641235352
41.5	53.3333320617676
41.5099983215332	40
41.5200004577637	80
41.5299987792969	60
41.5400009155273	73.3333358764648
41.5499992370605	60
41.560001373291	46.6666679382324
41.5699996948242	80
41.5800018310547	100
41.5900001525879	53.3333320617676
41.5999984741211	113.333335876465
41.6100006103516	120
41.6199989318848	80
41.6300010681152	120
41.6399993896484	100
41.6500015258789	93.3333358764648
41.6599998474121	73.3333358764648
41.6699981689453	66.6666641235352
41.6800003051758	53.3333320617676
41.689998626709	80
41.7000007629395	106.666664123535
41.7099990844727	106.666664123535
41.7200012207031	93.3333358764648
41.7299995422363	66.6666641235352
41.7400016784668	80
41.75	100
41.7599983215332	80
41.7700004577637	66.6666641235352
41.7799987792969	66.6666641235352
41.7900009155273	66.6666641235352
41.7999992370605	120
41.810001373291	100
41.8199996948242	93.3333358764648
41.8300018310547	80
41.8400001525879	100
41.8499984741211	93.3333358764648
41.8600006103516	86.6666641235352
41.8699989318848	100
41.8800010681152	80
41.8899993896484	93.3333358764648
41.9000015258789	80
41.9099998474121	66.6666641235352
41.9199981689453	100
41.9300003051758	86.6666641235352
41.939998626709	106.666664123535
41.9500007629395	86.6666641235352
41.9599990844727	73.3333358764648
41.9700012207031	53.3333320617676
41.9799995422363	86.6666641235352
41.9900016784668	53.3333320617676
42	60
42.0099983215332	86.6666641235352
42.0200004577637	66.6666641235352
42.0299987792969	106.666664123535
42.0400009155273	66.6666641235352
42.0499992370605	80
42.060001373291	53.3333320617676
42.0699996948242	80
42.0800018310547	73.3333358764648
42.0900001525879	93.3333358764648
42.0999984741211	53.3333320617676
42.1100006103516	66.6666641235352
42.1199989318848	73.3333358764648
42.1300010681152	86.6666641235352
42.1399993896484	60
42.1500015258789	100
42.1599998474121	53.3333320617676
42.1699981689453	60
42.1800003051758	73.3333358764648
42.189998626709	60
42.2000007629395	86.6666641235352
42.2099990844727	86.6666641235352
42.2200012207031	93.3333358764648
42.2299995422363	80
42.2400016784668	86.6666641235352
42.25	73.3333358764648
42.2599983215332	66.6666641235352
42.2700004577637	60
42.2799987792969	46.6666679382324
42.2900009155273	93.3333358764648
42.2999992370605	73.3333358764648
42.310001373291	73.3333358764648
42.3199996948242	60
42.3300018310547	73.3333358764648
42.3400001525879	100
42.3499984741211	66.6666641235352
42.3600006103516	66.6666641235352
42.3699989318848	80
42.3800010681152	93.3333358764648
42.3899993896484	86.6666641235352
42.4000015258789	66.6666641235352
42.4099998474121	80
42.4199981689453	93.3333358764648
42.4300003051758	113.333335876465
42.439998626709	73.3333358764648
42.4500007629395	106.666664123535
42.4599990844727	106.666664123535
42.4700012207031	80
42.4799995422363	60
42.4900016784668	73.3333358764648
42.5	80
42.5099983215332	93.3333358764648
42.5200004577637	66.6666641235352
42.5299987792969	80
42.5400009155273	86.6666641235352
42.5499992370605	40
42.560001373291	73.3333358764648
42.5699996948242	113.333335876465
42.5800018310547	66.6666641235352
42.5900001525879	100
42.5999984741211	93.3333358764648
42.6100006103516	73.3333358764648
42.6199989318848	66.6666641235352
42.6300010681152	53.3333320617676
42.6399993896484	53.3333320617676
42.6500015258789	66.6666641235352
42.6599998474121	60
42.6699981689453	100
42.6800003051758	53.3333320617676
42.689998626709	100
42.7000007629395	53.3333320617676
42.7099990844727	66.6666641235352
42.7200012207031	66.6666641235352
42.7299995422363	73.3333358764648
42.7400016784668	100
42.75	113.333335876465
42.7599983215332	66.6666641235352
42.7700004577637	66.6666641235352
42.7799987792969	80
42.7900009155273	66.6666641235352
42.7999992370605	53.3333320617676
42.810001373291	53.3333320617676
42.8199996948242	73.3333358764648
42.8300018310547	66.6666641235352
42.8400001525879	93.3333358764648
42.8499984741211	100
42.8600006103516	60
42.8699989318848	93.3333358764648
42.8800010681152	60
42.8899993896484	80
42.9000015258789	100
42.9099998474121	80
42.9199981689453	86.6666641235352
42.9300003051758	73.3333358764648
42.939998626709	66.6666641235352
42.9500007629395	73.3333358764648
42.9599990844727	73.3333358764648
42.9700012207031	73.3333358764648
42.9799995422363	33.3333320617676
42.9900016784668	46.6666679382324
43	100
43.0099983215332	106.666664123535
43.0200004577637	126.666664123535
43.0299987792969	100
43.0400009155273	86.6666641235352
43.0499992370605	80
43.060001373291	73.3333358764648
43.0699996948242	86.6666641235352
43.0800018310547	73.3333358764648
43.0900001525879	106.666664123535
43.0999984741211	86.6666641235352
43.1100006103516	93.3333358764648
43.1199989318848	60
43.1300010681152	86.6666641235352
43.1399993896484	66.6666641235352
43.1500015258789	80
43.1599998474121	106.666664123535
43.1699981689453	106.666664123535
43.1800003051758	73.3333358764648
43.189998626709	53.3333320617676
43.2000007629395	93.3333358764648
43.2099990844727	53.3333320617676
43.2200012207031	100
43.2299995422363	113.333335876465
43.2400016784668	100
43.25	73.3333358764648
43.2599983215332	73.3333358764648
43.2700004577637	93.3333358764648
43.2799987792969	106.666664123535
43.2900009155273	80
43.2999992370605	66.6666641235352
43.310001373291	93.3333358764648
43.3199996948242	93.3333358764648
43.3300018310547	53.3333320617676
43.3400001525879	53.3333320617676
43.3499984741211	106.666664123535
43.3600006103516	80
43.3699989318848	73.3333358764648
43.3800010681152	40
43.3899993896484	100
43.4000015258789	66.6666641235352
43.4099998474121	66.6666641235352
43.4199981689453	46.6666679382324
43.4300003051758	73.3333358764648
43.439998626709	66.6666641235352
43.4500007629395	86.6666641235352
43.4599990844727	53.3333320617676
43.4700012207031	53.3333320617676
43.4799995422363	93.3333358764648
43.4900016784668	93.3333358764648
43.5	73.3333358764648
43.5099983215332	73.3333358764648
43.5200004577637	73.3333358764648
43.5299987792969	73.3333358764648
43.5400009155273	66.6666641235352
43.5499992370605	73.3333358764648
43.560001373291	66.6666641235352
43.5699996948242	46.6666679382324
43.5800018310547	66.6666641235352
43.5900001525879	86.6666641235352
43.5999984741211	26.6666660308838
43.6100006103516	100
43.6199989318848	66.6666641235352
43.6300010681152	86.6666641235352
43.6399993896484	66.6666641235352
43.6500015258789	60
43.6599998474121	60
43.6699981689453	100
43.6800003051758	73.3333358764648
43.689998626709	93.3333358764648
43.7000007629395	66.6666641235352
43.7099990844727	53.3333320617676
43.7200012207031	73.3333358764648
43.7299995422363	66.6666641235352
43.7400016784668	93.3333358764648
43.75	80
43.7599983215332	73.3333358764648
43.7700004577637	66.6666641235352
43.7799987792969	46.6666679382324
43.7900009155273	53.3333320617676
43.7999992370605	46.6666679382324
43.810001373291	20
43.8199996948242	60
43.8300018310547	86.6666641235352
43.8400001525879	73.3333358764648
43.8499984741211	80
43.8600006103516	60
43.8699989318848	60
43.8800010681152	73.3333358764648
43.8899993896484	46.6666679382324
43.9000015258789	33.3333320617676
43.9099998474121	100
43.9199981689453	46.6666679382324
43.9300003051758	86.6666641235352
43.939998626709	80
43.9500007629395	66.6666641235352
43.9599990844727	66.6666641235352
43.9700012207031	46.6666679382324
43.9799995422363	46.6666679382324
43.9900016784668	46.6666679382324
44	20
44.0099983215332	93.3333358764648
44.0200004577637	86.6666641235352
44.0299987792969	46.6666679382324
44.0400009155273	40
44.0499992370605	100
44.060001373291	46.6666679382324
44.0699996948242	80
44.0800018310547	66.6666641235352
44.0900001525879	53.3333320617676
44.0999984741211	60
44.1100006103516	73.3333358764648
44.1199989318848	26.6666660308838
44.1300010681152	53.3333320617676
44.1399993896484	53.3333320617676
44.1500015258789	60
44.1599998474121	86.6666641235352
44.1699981689453	60
44.1800003051758	33.3333320617676
44.189998626709	40
44.2000007629395	46.6666679382324
44.2099990844727	93.3333358764648
44.2200012207031	60
44.2299995422363	40
44.2400016784668	66.6666641235352
44.25	66.6666641235352
44.2599983215332	60
44.2700004577637	53.3333320617676
44.2799987792969	93.3333358764648
44.2900009155273	40
44.2999992370605	86.6666641235352
44.310001373291	66.6666641235352
44.3199996948242	93.3333358764648
44.3300018310547	20
44.3400001525879	26.6666660308838
44.3499984741211	60
44.3600006103516	53.3333320617676
44.3699989318848	26.6666660308838
44.3800010681152	66.6666641235352
44.3899993896484	80
44.4000015258789	60
44.4099998474121	73.3333358764648
44.4199981689453	66.6666641235352
44.4300003051758	80
44.439998626709	60
44.4500007629395	113.333335876465
44.4599990844727	66.6666641235352
44.4700012207031	53.3333320617676
44.4799995422363	66.6666641235352
44.4900016784668	46.6666679382324
44.5	53.3333320617676
44.5099983215332	66.6666641235352
44.5200004577637	53.3333320617676
44.5299987792969	86.6666641235352
44.5400009155273	86.6666641235352
44.5499992370605	53.3333320617676
44.560001373291	53.3333320617676
44.5699996948242	20
44.5800018310547	33.3333320617676
44.5900001525879	80
44.5999984741211	46.6666679382324
44.6100006103516	80
44.6199989318848	53.3333320617676
44.6300010681152	46.6666679382324
44.6399993896484	73.3333358764648
44.6500015258789	26.6666660308838
44.6599998474121	80
44.6699981689453	66.6666641235352
44.6800003051758	46.6666679382324
44.689998626709	93.3333358764648
44.7000007629395	46.6666679382324
44.7099990844727	40
44.7200012207031	26.6666660308838
44.7299995422363	60
44.7400016784668	86.6666641235352
44.75	40
44.7599983215332	60
44.7700004577637	86.6666641235352
44.7799987792969	46.6666679382324
44.7900009155273	66.6666641235352
44.7999992370605	66.6666641235352
44.810001373291	60
44.8199996948242	53.3333320617676
44.8300018310547	66.6666641235352
44.8400001525879	46.6666679382324
44.8499984741211	66.6666641235352
44.8600006103516	53.3333320617676
44.8699989318848	86.6666641235352
44.8800010681152	53.3333320617676
44.8899993896484	66.6666641235352
44.9000015258789	80
44.9099998474121	66.6666641235352
44.9199981689453	53.3333320617676
44.9300003051758	60
44.939998626709	33.3333320617676
44.9500007629395	60
44.9599990844727	93.3333358764648
44.9700012207031	53.3333320617676
44.9799995422363	80
44.9900016784668	93.3333358764648
45	80
45.0099983215332	80
45.0200004577637	40
45.0299987792969	80
45.0400009155273	86.6666641235352
45.0499992370605	113.333335876465
45.060001373291	60
45.0699996948242	66.6666641235352
45.0800018310547	60
45.0900001525879	73.3333358764648
45.0999984741211	53.3333320617676
45.1100006103516	80
45.1199989318848	60
45.1300010681152	53.3333320617676
45.1399993896484	46.6666679382324
45.1500015258789	46.6666679382324
45.1599998474121	60
45.1699981689453	60
45.1800003051758	46.6666679382324
45.189998626709	53.3333320617676
45.2000007629395	60
45.2099990844727	73.3333358764648
45.2200012207031	53.3333320617676
45.2299995422363	53.3333320617676
45.2400016784668	53.3333320617676
45.25	80
45.2599983215332	73.3333358764648
45.2700004577637	60
45.2799987792969	53.3333320617676
45.2900009155273	73.3333358764648
45.2999992370605	66.6666641235352
45.310001373291	60
45.3199996948242	40
45.3300018310547	53.3333320617676
45.3400001525879	53.3333320617676
45.3499984741211	80
45.3600006103516	53.3333320617676
45.3699989318848	46.6666679382324
45.3800010681152	46.6666679382324
45.3899993896484	66.6666641235352
45.4000015258789	40
45.4099998474121	66.6666641235352
45.4199981689453	33.3333320617676
45.4300003051758	73.3333358764648
45.439998626709	60
45.4500007629395	13.3333330154419
45.4599990844727	20
45.4700012207031	66.6666641235352
45.4799995422363	53.3333320617676
45.4900016784668	66.6666641235352
45.5	40
45.5099983215332	60
45.5200004577637	26.6666660308838
45.5299987792969	73.3333358764648
45.5400009155273	33.3333320617676
45.5499992370605	53.3333320617676
45.560001373291	73.3333358764648
45.5699996948242	60
45.5800018310547	60
45.5900001525879	66.6666641235352
45.5999984741211	46.6666679382324
45.6100006103516	86.6666641235352
45.6199989318848	40
45.6300010681152	33.3333320617676
45.6399993896484	53.3333320617676
45.6500015258789	106.666664123535
45.6599998474121	66.6666641235352
45.6699981689453	53.3333320617676
45.6800003051758	66.6666641235352
45.689998626709	60
45.7000007629395	60
45.7099990844727	46.6666679382324
45.7200012207031	53.3333320617676
45.7299995422363	46.6666679382324
45.7400016784668	33.3333320617676
45.75	73.3333358764648
45.7599983215332	66.6666641235352
45.7700004577637	53.3333320617676
45.7799987792969	33.3333320617676
45.7900009155273	73.3333358764648
45.7999992370605	53.3333320617676
45.810001373291	66.6666641235352
45.8199996948242	66.6666641235352
45.8300018310547	53.3333320617676
45.8400001525879	53.3333320617676
45.8499984741211	66.6666641235352
45.8600006103516	53.3333320617676
45.8699989318848	53.3333320617676
45.8800010681152	60
45.8899993896484	40
45.9000015258789	20
45.9099998474121	53.3333320617676
45.9199981689453	46.6666679382324
45.9300003051758	26.6666660308838
45.939998626709	60
45.9500007629395	86.6666641235352
45.9599990844727	46.6666679382324
45.9700012207031	60
45.9799995422363	46.6666679382324
45.9900016784668	73.3333358764648
46	53.3333320617676
46.0099983215332	46.6666679382324
46.0200004577637	73.3333358764648
46.0299987792969	40
46.0400009155273	46.6666679382324
46.0499992370605	66.6666641235352
46.060001373291	33.3333320617676
46.0699996948242	60
46.0800018310547	66.6666641235352
46.0900001525879	93.3333358764648
46.0999984741211	73.3333358764648
46.1100006103516	46.6666679382324
46.1199989318848	80
46.1300010681152	46.6666679382324
46.1399993896484	100
46.1500015258789	100
46.1599998474121	26.6666660308838
46.1699981689453	26.6666660308838
46.1800003051758	46.6666679382324
46.189998626709	60
46.2000007629395	73.3333358764648
46.2099990844727	60
46.2200012207031	26.6666660308838
46.2299995422363	53.3333320617676
46.2400016784668	73.3333358764648
46.25	60
46.2599983215332	53.3333320617676
46.2700004577637	60
46.2799987792969	80
46.2900009155273	60
46.2999992370605	66.6666641235352
46.310001373291	66.6666641235352
46.3199996948242	66.6666641235352
46.3300018310547	66.6666641235352
46.3400001525879	60
46.3499984741211	80
46.3600006103516	73.3333358764648
46.3699989318848	60
46.3800010681152	60
46.3899993896484	66.6666641235352
46.4000015258789	40
46.4099998474121	66.6666641235352
46.4199981689453	33.3333320617676
46.4300003051758	46.6666679382324
46.439998626709	66.6666641235352
46.4500007629395	80
46.4599990844727	66.6666641235352
46.4700012207031	66.6666641235352
46.4799995422363	80
46.4900016784668	66.6666641235352
46.5	86.6666641235352
46.5099983215332	86.6666641235352
46.5200004577637	46.6666679382324
46.5299987792969	40
46.5400009155273	20
46.5499992370605	80
46.560001373291	60
46.5699996948242	60
46.5800018310547	73.3333358764648
46.5900001525879	66.6666641235352
46.5999984741211	40
46.6100006103516	53.3333320617676
46.6199989318848	60
46.6300010681152	53.3333320617676
46.6399993896484	73.3333358764648
46.6500015258789	86.6666641235352
46.6599998474121	46.6666679382324
46.6699981689453	40
46.6800003051758	40
46.689998626709	46.6666679382324
46.7000007629395	60
46.7099990844727	53.3333320617676
46.7200012207031	53.3333320617676
46.7299995422363	40
46.7400016784668	46.6666679382324
46.75	73.3333358764648
46.7599983215332	100
46.7700004577637	100
46.7799987792969	53.3333320617676
46.7900009155273	60
46.7999992370605	60
46.810001373291	60
46.8199996948242	93.3333358764648
46.8300018310547	53.3333320617676
46.8400001525879	60
46.8499984741211	46.6666679382324
46.8600006103516	46.6666679382324
46.8699989318848	53.3333320617676
46.8800010681152	73.3333358764648
46.8899993896484	26.6666660308838
46.9000015258789	66.6666641235352
46.9099998474121	100
46.9199981689453	80
46.9300003051758	53.3333320617676
46.939998626709	66.6666641235352
46.9500007629395	66.6666641235352
46.9599990844727	33.3333320617676
46.9700012207031	40
46.9799995422363	40
46.9900016784668	26.6666660308838
47	46.6666679382324
47.0099983215332	73.3333358764648
47.0200004577637	80
47.0299987792969	53.3333320617676
47.0400009155273	93.3333358764648
47.0499992370605	73.3333358764648
47.060001373291	66.6666641235352
47.0699996948242	60
47.0800018310547	66.6666641235352
47.0900001525879	86.6666641235352
47.0999984741211	60
47.1100006103516	33.3333320617676
47.1199989318848	80
47.1300010681152	86.6666641235352
47.1399993896484	80
47.1500015258789	60
47.1599998474121	53.3333320617676
47.1699981689453	73.3333358764648
47.1800003051758	53.3333320617676
47.189998626709	33.3333320617676
47.2000007629395	86.6666641235352
47.2099990844727	100
47.2200012207031	46.6666679382324
47.2299995422363	73.3333358764648
47.2400016784668	40
47.25	60
47.2599983215332	73.3333358764648
47.2700004577637	60
47.2799987792969	80
47.2900009155273	80
47.2999992370605	60
47.310001373291	80
47.3199996948242	73.3333358764648
47.3300018310547	80
47.3400001525879	66.6666641235352
47.3499984741211	100
47.3600006103516	93.3333358764648
47.3699989318848	73.3333358764648
47.3800010681152	66.6666641235352
47.3899993896484	93.3333358764648
47.4000015258789	66.6666641235352
47.4099998474121	113.333335876465
47.4199981689453	33.3333320617676
47.4300003051758	66.6666641235352
47.439998626709	80
47.4500007629395	46.6666679382324
47.4599990844727	113.333335876465
47.4700012207031	100
47.4799995422363	106.666664123535
47.4900016784668	66.6666641235352
47.5	53.3333320617676
47.5099983215332	126.666664123535
47.5200004577637	153.33332824707
47.5299987792969	100
47.5400009155273	113.333335876465
47.5499992370605	93.3333358764648
47.560001373291	106.666664123535
47.5699996948242	53.3333320617676
47.5800018310547	80
47.5900001525879	86.6666641235352
47.5999984741211	80
47.6100006103516	120
47.6199989318848	66.6666641235352
47.6300010681152	93.3333358764648
47.6399993896484	86.6666641235352
47.6500015258789	66.6666641235352
47.6599998474121	133.33332824707
47.6699981689453	73.3333358764648
47.6800003051758	140
47.689998626709	133.33332824707
47.7000007629395	73.3333358764648
47.7099990844727	93.3333358764648
47.7200012207031	140
47.7299995422363	93.3333358764648
47.7400016784668	160
47.75	173.33332824707
47.7599983215332	133.33332824707
47.7700004577637	106.666664123535
47.7799987792969	93.3333358764648
47.7900009155273	140
47.7999992370605	160
47.810001373291	153.33332824707
47.8199996948242	133.33332824707
47.8300018310547	100
47.8400001525879	180
47.8499984741211	153.33332824707
47.8600006103516	146.66667175293
47.8699989318848	140
47.8800010681152	140
47.8899993896484	186.66667175293
47.9000015258789	140
47.9099998474121	186.66667175293
47.9199981689453	146.66667175293
47.9300003051758	126.666664123535
47.939998626709	133.33332824707
47.9500007629395	100
47.9599990844727	120
47.9700012207031	133.33332824707
47.9799995422363	133.33332824707
47.9900016784668	166.66667175293
48	153.33332824707
48.0099983215332	126.666664123535
48.0200004577637	180
48.0299987792969	173.33332824707
48.0400009155273	180
48.0499992370605	160
48.060001373291	153.33332824707
48.0699996948242	200
48.0800018310547	153.33332824707
48.0900001525879	146.66667175293
48.0999984741211	166.66667175293
48.1100006103516	153.33332824707
48.1199989318848	140
48.1300010681152	133.33332824707
48.1399993896484	146.66667175293
48.1500015258789	166.66667175293
48.1599998474121	166.66667175293
48.1699981689453	140
48.1800003051758	93.3333358764648
48.189998626709	113.333335876465
48.2000007629395	140
48.2099990844727	113.333335876465
48.2200012207031	120
48.2299995422363	166.66667175293
48.2400016784668	133.33332824707
48.25	126.666664123535
48.2599983215332	126.666664123535
48.2700004577637	160
48.2799987792969	113.333335876465
48.2900009155273	153.33332824707
48.2999992370605	133.33332824707
48.310001373291	106.666664123535
48.3199996948242	80
48.3300018310547	133.33332824707
48.3400001525879	93.3333358764648
48.3499984741211	120
48.3600006103516	133.33332824707
48.3699989318848	113.333335876465
48.3800010681152	146.66667175293
48.3899993896484	133.33332824707
48.4000015258789	80
48.4099998474121	80
48.4199981689453	126.666664123535
48.4300003051758	73.3333358764648
48.439998626709	133.33332824707
48.4500007629395	120
48.4599990844727	86.6666641235352
48.4700012207031	93.3333358764648
48.4799995422363	66.6666641235352
48.4900016784668	86.6666641235352
48.5	146.66667175293
48.5099983215332	106.666664123535
48.5200004577637	66.6666641235352
48.5299987792969	73.3333358764648
48.5400009155273	80
48.5499992370605	140
48.560001373291	73.3333358764648
48.5699996948242	100
48.5800018310547	66.6666641235352
48.5900001525879	80
48.5999984741211	66.6666641235352
48.6100006103516	86.6666641235352
48.6199989318848	80
48.6300010681152	73.3333358764648
48.6399993896484	86.6666641235352
48.6500015258789	80
48.6599998474121	60
48.6699981689453	66.6666641235352
48.6800003051758	20
48.689998626709	60
48.7000007629395	53.3333320617676
48.7099990844727	66.6666641235352
48.7200012207031	40
48.7299995422363	46.6666679382324
48.7400016784668	86.6666641235352
48.75	73.3333358764648
48.7599983215332	53.3333320617676
48.7700004577637	106.666664123535
48.7799987792969	53.3333320617676
48.7900009155273	53.3333320617676
48.7999992370605	80
48.810001373291	53.3333320617676
48.8199996948242	60
48.8300018310547	66.6666641235352
48.8400001525879	60
48.8499984741211	73.3333358764648
48.8600006103516	86.6666641235352
48.8699989318848	60
48.8800010681152	60
48.8899993896484	66.6666641235352
48.9000015258789	80
48.9099998474121	80
48.9199981689453	86.6666641235352
48.9300003051758	33.3333320617676
48.939998626709	33.3333320617676
48.9500007629395	46.6666679382324
48.9599990844727	60
48.9700012207031	66.6666641235352
48.9799995422363	60
48.9900016784668	46.6666679382324
49	66.6666641235352
49.0099983215332	80
49.0200004577637	80
49.0299987792969	33.3333320617676
49.0400009155273	40
49.0499992370605	60
49.060001373291	20
49.0699996948242	40
49.0800018310547	66.6666641235352
49.0900001525879	100
49.0999984741211	66.6666641235352
49.1100006103516	80
49.1199989318848	46.6666679382324
49.1300010681152	33.3333320617676
49.1399993896484	40
49.1500015258789	53.3333320617676
49.1599998474121	93.3333358764648
49.1699981689453	66.6666641235352
49.1800003051758	80
49.189998626709	26.6666660308838
49.2000007629395	80
49.2099990844727	60
49.2200012207031	40
49.2299995422363	66.6666641235352
49.2400016784668	66.6666641235352
49.25	66.6666641235352
49.2599983215332	46.6666679382324
49.2700004577637	26.6666660308838
49.2799987792969	66.6666641235352
49.2900009155273	53.3333320617676
49.2999992370605	53.3333320617676
49.310001373291	60
49.3199996948242	53.3333320617676
49.3300018310547	60
49.3400001525879	53.3333320617676
49.3499984741211	33.3333320617676
49.3600006103516	20
49.3699989318848	53.3333320617676
49.3800010681152	80
49.3899993896484	93.3333358764648
49.4000015258789	60
49.4099998474121	46.6666679382324
49.4199981689453	46.6666679382324
49.4300003051758	93.3333358764648
49.439998626709	73.3333358764648
49.4500007629395	20
49.4599990844727	60
49.4700012207031	53.3333320617676
49.4799995422363	40
49.4900016784668	60
49.5	40
49.5099983215332	26.6666660308838
49.5200004577637	86.6666641235352
49.5299987792969	46.6666679382324
49.5400009155273	60
49.5499992370605	80
49.560001373291	73.3333358764648
49.5699996948242	60
49.5800018310547	26.6666660308838
49.5900001525879	33.3333320617676
49.5999984741211	46.6666679382324
49.6100006103516	60
49.6199989318848	73.3333358764648
49.6300010681152	53.3333320617676
49.6399993896484	46.6666679382324
49.6500015258789	33.3333320617676
49.6599998474121	46.6666679382324
49.6699981689453	73.3333358764648
49.6800003051758	60
49.689998626709	73.3333358764648
49.7000007629395	60
49.7099990844727	26.6666660308838
49.7200012207031	33.3333320617676
49.7299995422363	46.6666679382324
49.7400016784668	73.3333358764648
49.75	66.6666641235352
49.7599983215332	66.6666641235352
49.7700004577637	46.6666679382324
49.7799987792969	53.3333320617676
49.7900009155273	60
49.7999992370605	40
49.810001373291	73.3333358764648
49.8199996948242	6.66666650772095
49.8300018310547	40
49.8400001525879	66.6666641235352
49.8499984741211	60
49.8600006103516	40
49.8699989318848	20
49.8800010681152	40
49.8899993896484	20
49.9000015258789	0
49.9099998474121	40
49.9199981689453	46.6666679382324
49.9300003051758	40
49.939998626709	53.3333320617676
49.9500007629395	46.6666679382324
49.9599990844727	40
49.9700012207031	46.6666679382324
49.9799995422363	26.6666660308838
49.9900016784668	53.3333320617676
50	66.6666641235352
50.0099983215332	53.3333320617676
50.0200004577637	60
50.0299987792969	66.6666641235352
50.0400009155273	53.3333320617676
50.0499992370605	40
50.060001373291	53.3333320617676
50.0699996948242	53.3333320617676
50.0800018310547	66.6666641235352
50.0900001525879	26.6666660308838
50.0999984741211	40
50.1100006103516	40
50.1199989318848	53.3333320617676
50.1300010681152	40
50.1399993896484	86.6666641235352
50.1500015258789	33.3333320617676
50.1599998474121	26.6666660308838
50.1699981689453	66.6666641235352
50.1800003051758	26.6666660308838
50.189998626709	46.6666679382324
50.2000007629395	53.3333320617676
50.2099990844727	40
50.2200012207031	66.6666641235352
50.2299995422363	73.3333358764648
50.2400016784668	53.3333320617676
50.25	80
50.2599983215332	60
50.2700004577637	66.6666641235352
50.2799987792969	13.3333330154419
50.2900009155273	46.6666679382324
50.2999992370605	53.3333320617676
50.310001373291	33.3333320617676
50.3199996948242	46.6666679382324
50.3300018310547	46.6666679382324
50.3400001525879	53.3333320617676
50.3499984741211	40
50.3600006103516	60
50.3699989318848	33.3333320617676
50.3800010681152	60
50.3899993896484	40
50.4000015258789	33.3333320617676
50.4099998474121	73.3333358764648
50.4199981689453	73.3333358764648
50.4300003051758	33.3333320617676
50.439998626709	26.6666660308838
50.4500007629395	53.3333320617676
50.4599990844727	26.6666660308838
50.4700012207031	33.3333320617676
50.4799995422363	40
50.4900016784668	53.3333320617676
50.5	80
50.5099983215332	53.3333320617676
50.5200004577637	46.6666679382324
50.5299987792969	33.3333320617676
50.5400009155273	73.3333358764648
50.5499992370605	86.6666641235352
50.560001373291	60
50.5699996948242	46.6666679382324
50.5800018310547	60
50.5900001525879	80
50.5999984741211	46.6666679382324
50.6100006103516	60
50.6199989318848	66.6666641235352
50.6300010681152	40
50.6399993896484	53.3333320617676
50.6500015258789	60
50.6599998474121	33.3333320617676
50.6699981689453	80
50.6800003051758	46.6666679382324
50.689998626709	20
50.7000007629395	66.6666641235352
50.7099990844727	53.3333320617676
50.7200012207031	40
50.7299995422363	46.6666679382324
50.7400016784668	40
50.75	26.6666660308838
50.7599983215332	60
50.7700004577637	66.6666641235352
50.7799987792969	60
50.7900009155273	40
50.7999992370605	46.6666679382324
50.810001373291	53.3333320617676
50.8199996948242	40
50.8300018310547	40
50.8400001525879	26.6666660308838
50.8499984741211	80
50.8600006103516	40
50.8699989318848	66.6666641235352
50.8800010681152	60
50.8899993896484	46.6666679382324
50.9000015258789	20
50.9099998474121	46.6666679382324
50.9199981689453	40
50.9300003051758	33.3333320617676
50.939998626709	53.3333320617676
50.9500007629395	46.6666679382324
50.9599990844727	33.3333320617676
50.9700012207031	20
50.9799995422363	20
50.9900016784668	26.6666660308838
51	40
51.0099983215332	40
51.0200004577637	40
51.0299987792969	80
51.0400009155273	66.6666641235352
51.0499992370605	46.6666679382324
51.060001373291	40
51.0699996948242	40
51.0800018310547	40
51.0900001525879	60
51.0999984741211	26.6666660308838
51.1100006103516	60
51.1199989318848	40
51.1300010681152	46.6666679382324
51.1399993896484	60
51.1500015258789	53.3333320617676
51.1599998474121	40
51.1699981689453	46.6666679382324
51.1800003051758	26.6666660308838
51.189998626709	73.3333358764648
51.2000007629395	33.3333320617676
51.2099990844727	13.3333330154419
51.2200012207031	53.3333320617676
51.2299995422363	33.3333320617676
51.2400016784668	73.3333358764648
51.25	26.6666660308838
51.2599983215332	33.3333320617676
51.2700004577637	53.3333320617676
51.2799987792969	33.3333320617676
51.2900009155273	60
51.2999992370605	53.3333320617676
51.310001373291	73.3333358764648
51.3199996948242	53.3333320617676
51.3300018310547	73.3333358764648
51.3400001525879	53.3333320617676
51.3499984741211	60
51.3600006103516	33.3333320617676
51.3699989318848	66.6666641235352
51.3800010681152	60
51.3899993896484	53.3333320617676
51.4000015258789	60
51.4099998474121	60
51.4199981689453	73.3333358764648
51.4300003051758	73.3333358764648
51.439998626709	53.3333320617676
51.4500007629395	60
51.4599990844727	40
51.4700012207031	73.3333358764648
51.4799995422363	40
51.4900016784668	46.6666679382324
51.5	60
51.5099983215332	46.6666679382324
51.5200004577637	46.6666679382324
51.5299987792969	33.3333320617676
51.5400009155273	33.3333320617676
51.5499992370605	53.3333320617676
51.560001373291	53.3333320617676
51.5699996948242	33.3333320617676
51.5800018310547	60
51.5900001525879	53.3333320617676
51.5999984741211	73.3333358764648
51.6100006103516	60
51.6199989318848	60
51.6300010681152	66.6666641235352
51.6399993896484	46.6666679382324
51.6500015258789	53.3333320617676
51.6599998474121	86.6666641235352
51.6699981689453	53.3333320617676
51.6800003051758	53.3333320617676
51.689998626709	40
51.7000007629395	86.6666641235352
51.7099990844727	33.3333320617676
51.7200012207031	33.3333320617676
51.7299995422363	60
51.7400016784668	73.3333358764648
51.75	33.3333320617676
51.7599983215332	60
51.7700004577637	80
51.7799987792969	46.6666679382324
51.7900009155273	60
51.7999992370605	53.3333320617676
51.810001373291	66.6666641235352
51.8199996948242	53.3333320617676
51.8300018310547	60
51.8400001525879	53.3333320617676
51.8499984741211	40
51.8600006103516	33.3333320617676
51.8699989318848	46.6666679382324
51.8800010681152	26.6666660308838
51.8899993896484	33.3333320617676
51.9000015258789	46.6666679382324
51.9099998474121	66.6666641235352
51.9199981689453	60
51.9300003051758	40
51.939998626709	40
51.9500007629395	53.3333320617676
51.9599990844727	13.3333330154419
51.9700012207031	13.3333330154419
51.9799995422363	46.6666679382324
51.9900016784668	40
52	66.6666641235352
52.0099983215332	66.6666641235352
52.0200004577637	46.6666679382324
52.0299987792969	60
52.0400009155273	46.6666679382324
52.0499992370605	80
52.060001373291	46.6666679382324
52.0699996948242	60
52.0800018310547	40
52.0900001525879	46.6666679382324
52.0999984741211	53.3333320617676
52.1100006103516	46.6666679382324
52.1199989318848	53.3333320617676
52.1300010681152	66.6666641235352
52.1399993896484	53.3333320617676
52.1500015258789	86.6666641235352
52.1599998474121	66.6666641235352
52.1699981689453	60
52.1800003051758	46.6666679382324
52.189998626709	73.3333358764648
52.2000007629395	66.6666641235352
52.2099990844727	60
52.2200012207031	60
52.2299995422363	40
52.2400016784668	80
52.25	53.3333320617676
52.2599983215332	73.3333358764648
52.2700004577637	66.6666641235352
52.2799987792969	40
52.2900009155273	60
52.2999992370605	66.6666641235352
52.310001373291	93.3333358764648
52.3199996948242	26.6666660308838
52.3300018310547	53.3333320617676
52.3400001525879	66.6666641235352
52.3499984741211	66.6666641235352
52.3600006103516	46.6666679382324
52.3699989318848	46.6666679382324
52.3800010681152	53.3333320617676
52.3899993896484	80
52.4000015258789	73.3333358764648
52.4099998474121	80
52.4199981689453	113.333335876465
52.4300003051758	66.6666641235352
52.439998626709	60
52.4500007629395	53.3333320617676
52.4599990844727	80
52.4700012207031	86.6666641235352
52.4799995422363	86.6666641235352
52.4900016784668	100
52.5	73.3333358764648
52.5099983215332	93.3333358764648
52.5200004577637	100
52.5299987792969	60
52.5400009155273	60
52.5499992370605	73.3333358764648
52.560001373291	80
52.5699996948242	113.333335876465
52.5800018310547	93.3333358764648
52.5900001525879	86.6666641235352
52.5999984741211	93.3333358764648
52.6100006103516	80
52.6199989318848	86.6666641235352
52.6300010681152	120
52.6399993896484	133.33332824707
52.6500015258789	140
52.6599998474121	106.666664123535
52.6699981689453	73.3333358764648
52.6800003051758	93.3333358764648
52.689998626709	146.66667175293
52.7000007629395	193.33332824707
52.7099990844727	180
52.7200012207031	133.33332824707
52.7299995422363	93.3333358764648
52.7400016784668	180
52.75	173.33332824707
52.7599983215332	200
52.7700004577637	300
52.7799987792969	233.33332824707
52.7900009155273	320
52.7999992370605	280
52.810001373291	313.333343505859
52.8199996948242	366.666656494141
52.8300018310547	373.333343505859
52.8400001525879	413.333343505859
52.8499984741211	573.333312988281
52.8600006103516	573.333312988281
52.8699989318848	626.666687011719
52.8800010681152	813.333312988281
52.8899993896484	1006.66668701172
52.9000015258789	1073.33337402344
52.9099998474121	1253.33337402344
52.9199981689453	1493.33337402344
52.9300003051758	1793.33337402344
52.939998626709	1873.33337402344
52.9500007629395	1953.33337402344
52.9599990844727	2220
52.9700012207031	2166.66674804688
52.9799995422363	2066.66674804688
52.9900016784668	1966.66662597656
53	1793.33337402344
53.0099983215332	1680
53.0200004577637	1520
53.0299987792969	1440
53.0400009155273	1420
53.0499992370605	1373.33337402344
53.060001373291	1406.66662597656
53.0699996948242	1420
53.0800018310547	1473.33337402344
53.0900001525879	1393.33337402344
53.0999984741211	1493.33337402344
53.1100006103516	1240
53.1199989318848	1140
53.1300010681152	1193.33337402344
53.1399993896484	1093.33337402344
53.1500015258789	840
53.1599998474121	800
53.1699981689453	700
53.1800003051758	560
53.189998626709	586.666687011719
53.2000007629395	433.333343505859
53.2099990844727	433.333343505859
53.2200012207031	340
53.2299995422363	333.333343505859
53.2400016784668	313.333343505859
53.25	193.33332824707
53.2599983215332	233.33332824707
53.2700004577637	273.333343505859
53.2799987792969	226.66667175293
53.2900009155273	200
53.2999992370605	206.66667175293
53.310001373291	253.33332824707
53.3199996948242	186.66667175293
53.3300018310547	193.33332824707
53.3400001525879	106.666664123535
53.3499984741211	113.333335876465
53.3600006103516	153.33332824707
53.3699989318848	106.666664123535
53.3800010681152	93.3333358764648
53.3899993896484	66.6666641235352
53.4000015258789	166.66667175293
53.4099998474121	46.6666679382324
53.4199981689453	80
53.4300003051758	106.666664123535
53.439998626709	73.3333358764648
53.4500007629395	120
53.4599990844727	100
53.4700012207031	73.3333358764648
53.4799995422363	93.3333358764648
53.4900016784668	66.6666641235352
53.5	66.6666641235352
53.5099983215332	53.3333320617676
53.5200004577637	53.3333320617676
53.5299987792969	60
53.5400009155273	100
53.5499992370605	113.333335876465
53.560001373291	60
53.5699996948242	86.6666641235352
53.5800018310547	86.6666641235352
53.5900001525879	66.6666641235352
53.5999984741211	113.333335876465
53.6100006103516	80
53.6199989318848	126.666664123535
53.6300010681152	86.6666641235352
53.6399993896484	126.666664123535
53.6500015258789	133.33332824707
53.6599998474121	133.33332824707
53.6699981689453	133.33332824707
53.6800003051758	146.66667175293
53.689998626709	93.3333358764648
53.7000007629395	86.6666641235352
53.7099990844727	53.3333320617676
53.7200012207031	66.6666641235352
53.7299995422363	60
53.7400016784668	60
53.75	80
53.7599983215332	73.3333358764648
53.7700004577637	66.6666641235352
53.7799987792969	100
53.7900009155273	106.666664123535
53.7999992370605	106.666664123535
53.810001373291	66.6666641235352
53.8199996948242	86.6666641235352
53.8300018310547	80
53.8400001525879	93.3333358764648
53.8499984741211	53.3333320617676
53.8600006103516	73.3333358764648
53.8699989318848	93.3333358764648
53.8800010681152	73.3333358764648
53.8899993896484	66.6666641235352
53.9000015258789	73.3333358764648
53.9099998474121	106.666664123535
53.9199981689453	106.666664123535
53.9300003051758	133.33332824707
53.939998626709	60
53.9500007629395	93.3333358764648
53.9599990844727	146.66667175293
53.9700012207031	113.333335876465
53.9799995422363	113.333335876465
53.9900016784668	86.6666641235352
54	100
54.0099983215332	100
54.0200004577637	66.6666641235352
54.0299987792969	106.666664123535
54.0400009155273	120
54.0499992370605	126.666664123535
54.060001373291	73.3333358764648
54.0699996948242	100
54.0800018310547	140
54.0900001525879	86.6666641235352
54.0999984741211	73.3333358764648
54.1100006103516	113.333335876465
54.1199989318848	126.666664123535
54.1300010681152	133.33332824707
54.1399993896484	133.33332824707
54.1500015258789	146.66667175293
54.1599998474121	146.66667175293
54.1699981689453	140
54.1800003051758	140
54.189998626709	133.33332824707
54.2000007629395	93.3333358764648
54.2099990844727	80
54.2200012207031	113.333335876465
54.2299995422363	126.666664123535
54.2400016784668	140
54.25	113.333335876465
54.2599983215332	73.3333358764648
54.2700004577637	80
54.2799987792969	100
54.2900009155273	80
54.2999992370605	66.6666641235352
54.310001373291	60
54.3199996948242	113.333335876465
54.3300018310547	80
54.3400001525879	120
54.3499984741211	60
54.3600006103516	113.333335876465
54.3699989318848	113.333335876465
54.3800010681152	126.666664123535
54.3899993896484	113.333335876465
54.4000015258789	126.666664123535
54.4099998474121	100
54.4199981689453	66.6666641235352
54.4300003051758	40
54.439998626709	113.333335876465
54.4500007629395	140
54.4599990844727	93.3333358764648
54.4700012207031	80
54.4799995422363	66.6666641235352
54.4900016784668	46.6666679382324
54.5	73.3333358764648
54.5099983215332	120
54.5200004577637	113.333335876465
54.5299987792969	93.3333358764648
54.5400009155273	120
54.5499992370605	106.666664123535
54.560001373291	100
54.5699996948242	86.6666641235352
54.5800018310547	86.6666641235352
54.5900001525879	106.666664123535
54.5999984741211	86.6666641235352
54.6100006103516	93.3333358764648
54.6199989318848	146.66667175293
54.6300010681152	126.666664123535
54.6399993896484	106.666664123535
54.6500015258789	106.666664123535
54.6599998474121	126.666664123535
54.6699981689453	126.666664123535
54.6800003051758	120
54.689998626709	113.333335876465
54.7000007629395	86.6666641235352
54.7099990844727	100
54.7200012207031	126.666664123535
54.7299995422363	160
54.7400016784668	133.33332824707
54.75	113.333335876465
54.7599983215332	80
54.7700004577637	126.666664123535
54.7799987792969	120
54.7900009155273	146.66667175293
54.7999992370605	106.666664123535
54.810001373291	93.3333358764648
54.8199996948242	106.666664123535
54.8300018310547	126.666664123535
54.8400001525879	153.33332824707
54.8499984741211	86.6666641235352
54.8600006103516	93.3333358764648
54.8699989318848	80
54.8800010681152	106.666664123535
54.8899993896484	133.33332824707
54.9000015258789	113.333335876465
54.9099998474121	93.3333358764648
54.9199981689453	106.666664123535
54.9300003051758	133.33332824707
54.939998626709	126.666664123535
54.9500007629395	133.33332824707
54.9599990844727	160
54.9700012207031	113.333335876465
54.9799995422363	113.333335876465
54.9900016784668	93.3333358764648
55	86.6666641235352
55.0099983215332	113.333335876465
55.0200004577637	86.6666641235352
55.0299987792969	80
55.0400009155273	113.333335876465
55.0499992370605	73.3333358764648
55.060001373291	93.3333358764648
55.0699996948242	86.6666641235352
55.0800018310547	93.3333358764648
55.0900001525879	86.6666641235352
55.0999984741211	113.333335876465
55.1100006103516	120
55.1199989318848	113.333335876465
55.1300010681152	80
55.1399993896484	113.333335876465
55.1500015258789	113.333335876465
55.1599998474121	106.666664123535
55.1699981689453	106.666664123535
55.1800003051758	106.666664123535
55.189998626709	146.66667175293
55.2000007629395	126.666664123535
55.2099990844727	133.33332824707
55.2200012207031	93.3333358764648
55.2299995422363	100
55.2400016784668	73.3333358764648
55.25	113.333335876465
55.2599983215332	140
55.2700004577637	80
55.2799987792969	100
55.2900009155273	93.3333358764648
55.2999992370605	73.3333358764648
55.310001373291	133.33332824707
55.3199996948242	120
55.3300018310547	66.6666641235352
55.3400001525879	73.3333358764648
55.3499984741211	126.666664123535
55.3600006103516	80
55.3699989318848	113.333335876465
55.3800010681152	80
55.3899993896484	100
55.4000015258789	60
55.4099998474121	120
55.4199981689453	73.3333358764648
55.4300003051758	86.6666641235352
55.439998626709	80
55.4500007629395	93.3333358764648
55.4599990844727	73.3333358764648
55.4700012207031	60
55.4799995422363	66.6666641235352
55.4900016784668	86.6666641235352
55.5	126.666664123535
55.5099983215332	80
55.5200004577637	53.3333320617676
55.5299987792969	53.3333320617676
55.5400009155273	66.6666641235352
55.5499992370605	80
55.560001373291	66.6666641235352
55.5699996948242	66.6666641235352
55.5800018310547	60
55.5900001525879	73.3333358764648
55.5999984741211	86.6666641235352
55.6100006103516	73.3333358764648
55.6199989318848	60
55.6300010681152	53.3333320617676
55.6399993896484	80
55.6500015258789	106.666664123535
55.6599998474121	73.3333358764648
55.6699981689453	126.666664123535
55.6800003051758	100
55.689998626709	60
55.7000007629395	40
55.7099990844727	66.6666641235352
55.7200012207031	66.6666641235352
55.7299995422363	53.3333320617676
55.7400016784668	40
55.75	66.6666641235352
55.7599983215332	66.6666641235352
55.7700004577637	73.3333358764648
55.7799987792969	93.3333358764648
55.7900009155273	66.6666641235352
55.7999992370605	80
55.810001373291	60
55.8199996948242	100
55.8300018310547	66.6666641235352
55.8400001525879	60
55.8499984741211	60
55.8600006103516	60
55.8699989318848	53.3333320617676
55.8800010681152	93.3333358764648
55.8899993896484	60
55.9000015258789	73.3333358764648
55.9099998474121	73.3333358764648
55.9199981689453	60
55.9300003051758	100
55.939998626709	60
55.9500007629395	86.6666641235352
55.9599990844727	40
55.9700012207031	46.6666679382324
55.9799995422363	26.6666660308838
55.9900016784668	33.3333320617676
56	46.6666679382324
56.0099983215332	33.3333320617676
56.0200004577637	73.3333358764648
56.0299987792969	73.3333358764648
56.0400009155273	46.6666679382324
56.0499992370605	66.6666641235352
56.060001373291	40
56.0699996948242	73.3333358764648
56.0800018310547	73.3333358764648
56.0900001525879	93.3333358764648
56.0999984741211	86.6666641235352
56.1100006103516	73.3333358764648
56.1199989318848	53.3333320617676
56.1300010681152	53.3333320617676
56.1399993896484	60
56.1500015258789	73.3333358764648
56.1599998474121	46.6666679382324
56.1699981689453	33.3333320617676
56.1800003051758	33.3333320617676
56.189998626709	20
56.2000007629395	60
56.2099990844727	33.3333320617676
56.2200012207031	60
56.2299995422363	40
56.2400016784668	80
56.25	40
56.2599983215332	46.6666679382324
56.2700004577637	26.6666660308838
56.2799987792969	33.3333320617676
56.2900009155273	26.6666660308838
56.2999992370605	40
56.310001373291	73.3333358764648
56.3199996948242	53.3333320617676
56.3300018310547	40
56.3400001525879	60
56.3499984741211	80
56.3600006103516	53.3333320617676
56.3699989318848	46.6666679382324
56.3800010681152	46.6666679382324
56.3899993896484	40
56.4000015258789	60
56.4099998474121	40
56.4199981689453	73.3333358764648
56.4300003051758	40
56.439998626709	73.3333358764648
56.4500007629395	60
56.4599990844727	40
56.4700012207031	33.3333320617676
56.4799995422363	53.3333320617676
56.4900016784668	113.333335876465
56.5	80
56.5099983215332	66.6666641235352
56.5200004577637	40
56.5299987792969	66.6666641235352
56.5400009155273	100
56.5499992370605	60
56.560001373291	60
56.5699996948242	53.3333320617676
56.5800018310547	46.6666679382324
56.5900001525879	46.6666679382324
56.5999984741211	66.6666641235352
56.6100006103516	26.6666660308838
56.6199989318848	40
56.6300010681152	40
56.6399993896484	66.6666641235352
56.6500015258789	66.6666641235352
56.6599998474121	86.6666641235352
56.6699981689453	80
56.6800003051758	73.3333358764648
56.689998626709	40
56.7000007629395	66.6666641235352
56.7099990844727	53.3333320617676
56.7200012207031	66.6666641235352
56.7299995422363	73.3333358764648
56.7400016784668	66.6666641235352
56.75	66.6666641235352
56.7599983215332	60
56.7700004577637	80
56.7799987792969	73.3333358764648
56.7900009155273	53.3333320617676
56.7999992370605	93.3333358764648
56.810001373291	80
56.8199996948242	73.3333358764648
56.8300018310547	26.6666660308838
56.8400001525879	46.6666679382324
56.8499984741211	53.3333320617676
56.8600006103516	66.6666641235352
56.8699989318848	46.6666679382324
56.8800010681152	20
56.8899993896484	60
56.9000015258789	60
56.9099998474121	60
56.9199981689453	46.6666679382324
56.9300003051758	66.6666641235352
56.939998626709	66.6666641235352
56.9500007629395	46.6666679382324
56.9599990844727	53.3333320617676
56.9700012207031	46.6666679382324
56.9799995422363	53.3333320617676
56.9900016784668	53.3333320617676
57	80
57.0099983215332	60
57.0200004577637	86.6666641235352
57.0299987792969	100
57.0400009155273	33.3333320617676
57.0499992370605	60
57.060001373291	60
57.0699996948242	60
57.0800018310547	66.6666641235352
57.0900001525879	93.3333358764648
57.0999984741211	46.6666679382324
57.1100006103516	33.3333320617676
57.1199989318848	66.6666641235352
57.1300010681152	40
57.1399993896484	60
57.1500015258789	46.6666679382324
57.1599998474121	60
57.1699981689453	60
57.1800003051758	60
57.189998626709	53.3333320617676
57.2000007629395	60
57.2099990844727	46.6666679382324
57.2200012207031	40
57.2299995422363	86.6666641235352
57.2400016784668	66.6666641235352
57.25	53.3333320617676
57.2599983215332	40
57.2700004577637	46.6666679382324
57.2799987792969	46.6666679382324
57.2900009155273	46.6666679382324
57.2999992370605	40
57.310001373291	46.6666679382324
57.3199996948242	60
57.3300018310547	66.6666641235352
57.3400001525879	60
57.3499984741211	60
57.3600006103516	80
57.3699989318848	66.6666641235352
57.3800010681152	53.3333320617676
57.3899993896484	80
57.4000015258789	46.6666679382324
57.4099998474121	26.6666660308838
57.4199981689453	53.3333320617676
57.4300003051758	40
57.439998626709	26.6666660308838
57.4500007629395	46.6666679382324
57.4599990844727	33.3333320617676
57.4700012207031	40
57.4799995422363	46.6666679382324
57.4900016784668	33.3333320617676
57.5	66.6666641235352
57.5099983215332	26.6666660308838
57.5200004577637	40
57.5299987792969	46.6666679382324
57.5400009155273	13.3333330154419
57.5499992370605	33.3333320617676
57.560001373291	73.3333358764648
57.5699996948242	33.3333320617676
57.5800018310547	60
57.5900001525879	46.6666679382324
57.5999984741211	60
57.6100006103516	80
57.6199989318848	26.6666660308838
57.6300010681152	26.6666660308838
57.6399993896484	33.3333320617676
57.6500015258789	40
57.6599998474121	33.3333320617676
57.6699981689453	60
57.6800003051758	40
57.689998626709	80
57.7000007629395	46.6666679382324
57.7099990844727	33.3333320617676
57.7200012207031	53.3333320617676
57.7299995422363	60
57.7400016784668	66.6666641235352
57.75	53.3333320617676
57.7599983215332	33.3333320617676
57.7700004577637	40
57.7799987792969	33.3333320617676
57.7900009155273	60
57.7999992370605	26.6666660308838
57.810001373291	26.6666660308838
57.8199996948242	60
57.8300018310547	40
57.8400001525879	40
57.8499984741211	73.3333358764648
57.8600006103516	60
57.8699989318848	60
57.8800010681152	80
57.8899993896484	66.6666641235352
57.9000015258789	93.3333358764648
57.9099998474121	86.6666641235352
57.9199981689453	73.3333358764648
57.9300003051758	80
57.939998626709	33.3333320617676
57.9500007629395	40
57.9599990844727	26.6666660308838
57.9700012207031	53.3333320617676
57.9799995422363	40
57.9900016784668	33.3333320617676
58	53.3333320617676
58.0099983215332	20
58.0200004577637	73.3333358764648
58.0299987792969	53.3333320617676
58.0400009155273	46.6666679382324
58.0499992370605	46.6666679382324
58.060001373291	60
58.0699996948242	53.3333320617676
58.0800018310547	40
58.0900001525879	33.3333320617676
58.0999984741211	33.3333320617676
58.1100006103516	46.6666679382324
58.1199989318848	40
58.1300010681152	80
58.1399993896484	66.6666641235352
58.1500015258789	40
58.1599998474121	66.6666641235352
58.1699981689453	40
58.1800003051758	46.6666679382324
58.189998626709	40
58.2000007629395	86.6666641235352
58.2099990844727	33.3333320617676
58.2200012207031	40
58.2299995422363	26.6666660308838
58.2400016784668	60
58.25	46.6666679382324
58.2599983215332	40
58.2700004577637	66.6666641235352
58.2799987792969	46.6666679382324
58.2900009155273	40
58.2999992370605	66.6666641235352
58.310001373291	20
58.3199996948242	53.3333320617676
58.3300018310547	60
58.3400001525879	60
58.3499984741211	46.6666679382324
58.3600006103516	46.6666679382324
58.3699989318848	80
58.3800010681152	46.6666679382324
58.3899993896484	40
58.4000015258789	40
58.4099998474121	53.3333320617676
58.4199981689453	46.6666679382324
58.4300003051758	40
58.439998626709	53.3333320617676
58.4500007629395	66.6666641235352
58.4599990844727	80
58.4700012207031	33.3333320617676
58.4799995422363	66.6666641235352
58.4900016784668	80
58.5	46.6666679382324
58.5099983215332	40
58.5200004577637	40
58.5299987792969	53.3333320617676
58.5400009155273	40
58.5499992370605	46.6666679382324
58.560001373291	53.3333320617676
58.5699996948242	73.3333358764648
58.5800018310547	73.3333358764648
58.5900001525879	66.6666641235352
58.5999984741211	26.6666660308838
58.6100006103516	46.6666679382324
58.6199989318848	40
58.6300010681152	46.6666679382324
58.6399993896484	66.6666641235352
58.6500015258789	46.6666679382324
58.6599998474121	53.3333320617676
58.6699981689453	33.3333320617676
58.6800003051758	53.3333320617676
58.689998626709	40
58.7000007629395	26.6666660308838
58.7099990844727	40
58.7200012207031	46.6666679382324
58.7299995422363	40
58.7400016784668	53.3333320617676
58.75	100
58.7599983215332	40
58.7700004577637	26.6666660308838
58.7799987792969	46.6666679382324
58.7900009155273	26.6666660308838
58.7999992370605	20
58.810001373291	33.3333320617676
58.8199996948242	86.6666641235352
58.8300018310547	46.6666679382324
58.8400001525879	60
58.8499984741211	40
58.8600006103516	33.3333320617676
58.8699989318848	53.3333320617676
58.8800010681152	53.3333320617676
58.8899993896484	46.6666679382324
58.9000015258789	60
58.9099998474121	66.6666641235352
58.9199981689453	40
58.9300003051758	53.3333320617676
58.939998626709	66.6666641235352
58.9500007629395	13.3333330154419
58.9599990844727	53.3333320617676
58.9700012207031	40
58.9799995422363	33.3333320617676
58.9900016784668	53.3333320617676
59	33.3333320617676
59.0099983215332	53.3333320617676
59.0200004577637	46.6666679382324
59.0299987792969	33.3333320617676
59.0400009155273	40
59.0499992370605	53.3333320617676
59.060001373291	26.6666660308838
59.0699996948242	40
59.0800018310547	60
59.0900001525879	53.3333320617676
59.0999984741211	73.3333358764648
59.1100006103516	46.6666679382324
59.1199989318848	73.3333358764648
59.1300010681152	53.3333320617676
59.1399993896484	40
59.1500015258789	33.3333320617676
59.1599998474121	33.3333320617676
59.1699981689453	73.3333358764648
59.1800003051758	46.6666679382324
59.189998626709	40
59.2000007629395	53.3333320617676
59.2099990844727	60
59.2200012207031	33.3333320617676
59.2299995422363	60
59.2400016784668	46.6666679382324
59.25	73.3333358764648
59.2599983215332	66.6666641235352
59.2700004577637	80
59.2799987792969	26.6666660308838
59.2900009155273	40
59.2999992370605	46.6666679382324
59.310001373291	40
59.3199996948242	66.6666641235352
59.3300018310547	80
59.3400001525879	33.3333320617676
59.3499984741211	46.6666679382324
59.3600006103516	53.3333320617676
59.3699989318848	40
59.3800010681152	40
59.3899993896484	53.3333320617676
59.4000015258789	53.3333320617676
59.4099998474121	20
59.4199981689453	60
59.4300003051758	33.3333320617676
59.439998626709	40
59.4500007629395	40
59.4599990844727	60
59.4700012207031	53.3333320617676
59.4799995422363	26.6666660308838
59.4900016784668	46.6666679382324
59.5	66.6666641235352
59.5099983215332	86.6666641235352
59.5200004577637	13.3333330154419
59.5299987792969	66.6666641235352
59.5400009155273	73.3333358764648
59.5499992370605	33.3333320617676
59.560001373291	60
59.5699996948242	33.3333320617676
59.5800018310547	40
59.5900001525879	33.3333320617676
59.5999984741211	20
59.6100006103516	20
59.6199989318848	33.3333320617676
59.6300010681152	46.6666679382324
59.6399993896484	60
59.6500015258789	26.6666660308838
59.6599998474121	46.6666679382324
59.6699981689453	33.3333320617676
59.6800003051758	53.3333320617676
59.689998626709	33.3333320617676
59.7000007629395	40
59.7099990844727	46.6666679382324
59.7200012207031	73.3333358764648
59.7299995422363	20
59.7400016784668	40
59.75	33.3333320617676
59.7599983215332	60
59.7700004577637	33.3333320617676
59.7799987792969	20
59.7900009155273	60
59.7999992370605	26.6666660308838
59.810001373291	33.3333320617676
59.8199996948242	53.3333320617676
59.8300018310547	20
59.8400001525879	53.3333320617676
59.8499984741211	20
59.8600006103516	40
59.8699989318848	6.66666650772095
59.8800010681152	20
59.8899993896484	20
59.9000015258789	20
59.9099998474121	46.6666679382324
59.9199981689453	33.3333320617676
59.9300003051758	80
59.939998626709	46.6666679382324
59.9500007629395	73.3333358764648
59.9599990844727	53.3333320617676
59.9700012207031	26.6666660308838
59.9799995422363	60
59.9900016784668	33.3333320617676
60	40
60.0099983215332	46.6666679382324
60.0200004577637	40
60.0299987792969	26.6666660308838
60.0400009155273	13.3333330154419
60.0499992370605	20
60.060001373291	53.3333320617676
60.0699996948242	53.3333320617676
60.0800018310547	66.6666641235352
60.0900001525879	46.6666679382324
60.0999984741211	46.6666679382324
60.1100006103516	33.3333320617676
60.1199989318848	46.6666679382324
60.1300010681152	40
60.1399993896484	33.3333320617676
60.1500015258789	40
60.1599998474121	26.6666660308838
60.1699981689453	80
60.1800003051758	33.3333320617676
60.189998626709	53.3333320617676
60.2000007629395	20
60.2099990844727	46.6666679382324
60.2200012207031	40
60.2299995422363	53.3333320617676
60.2400016784668	60
60.25	46.6666679382324
60.2599983215332	40
60.2700004577637	46.6666679382324
60.2799987792969	26.6666660308838
60.2900009155273	26.6666660308838
60.2999992370605	46.6666679382324
60.310001373291	40
60.3199996948242	13.3333330154419
60.3300018310547	40
60.3400001525879	26.6666660308838
60.3499984741211	60
60.3600006103516	40
60.3699989318848	20
60.3800010681152	53.3333320617676
60.3899993896484	33.3333320617676
60.4000015258789	33.3333320617676
60.4099998474121	13.3333330154419
60.4199981689453	13.3333330154419
60.4300003051758	6.66666650772095
60.439998626709	26.6666660308838
60.4500007629395	46.6666679382324
60.4599990844727	33.3333320617676
60.4700012207031	33.3333320617676
60.4799995422363	26.6666660308838
60.4900016784668	33.3333320617676
60.5	40
60.5099983215332	33.3333320617676
60.5200004577637	26.6666660308838
60.5299987792969	46.6666679382324
60.5400009155273	13.3333330154419
60.5499992370605	33.3333320617676
60.560001373291	40
60.5699996948242	53.3333320617676
60.5800018310547	26.6666660308838
60.5900001525879	40
60.5999984741211	73.3333358764648
60.6100006103516	46.6666679382324
60.6199989318848	80
60.6300010681152	33.3333320617676
60.6399993896484	40
60.6500015258789	73.3333358764648
60.6599998474121	60
60.6699981689453	26.6666660308838
60.6800003051758	46.6666679382324
60.689998626709	53.3333320617676
60.7000007629395	40
60.7099990844727	13.3333330154419
60.7200012207031	73.3333358764648
60.7299995422363	53.3333320617676
60.7400016784668	26.6666660308838
60.75	40
60.7599983215332	40
60.7700004577637	46.6666679382324
60.7799987792969	20
60.7900009155273	40
60.7999992370605	53.3333320617676
60.810001373291	46.6666679382324
60.8199996948242	53.3333320617676
60.8300018310547	40
60.8400001525879	46.6666679382324
60.8499984741211	60
60.8600006103516	46.6666679382324
60.8699989318848	33.3333320617676
60.8800010681152	66.6666641235352
60.8899993896484	60
60.9000015258789	46.6666679382324
60.9099998474121	33.3333320617676
60.9199981689453	20
60.9300003051758	20
60.939998626709	20
60.9500007629395	46.6666679382324
60.9599990844727	66.6666641235352
60.9700012207031	60
60.9799995422363	46.6666679382324
60.9900016784668	80
61	66.6666641235352
61.0099983215332	33.3333320617676
61.0200004577637	33.3333320617676
61.0299987792969	33.3333320617676
61.0400009155273	26.6666660308838
61.0499992370605	60
61.060001373291	53.3333320617676
61.0699996948242	40
61.0800018310547	60
61.0900001525879	60
61.0999984741211	46.6666679382324
61.1100006103516	60
61.1199989318848	33.3333320617676
61.1300010681152	53.3333320617676
61.1399993896484	33.3333320617676
61.1500015258789	26.6666660308838
61.1599998474121	66.6666641235352
61.1699981689453	53.3333320617676
61.1800003051758	33.3333320617676
61.189998626709	73.3333358764648
61.2000007629395	53.3333320617676
61.2099990844727	33.3333320617676
61.2200012207031	60
61.2299995422363	60
61.2400016784668	46.6666679382324
61.25	33.3333320617676
61.2599983215332	20
61.2700004577637	46.6666679382324
61.2799987792969	53.3333320617676
61.2900009155273	46.6666679382324
61.2999992370605	66.6666641235352
61.310001373291	53.3333320617676
61.3199996948242	46.6666679382324
61.3300018310547	40
61.3400001525879	60
61.3499984741211	60
61.3600006103516	53.3333320617676
61.3699989318848	60
61.3800010681152	60
61.3899993896484	60
61.4000015258789	40
61.4099998474121	33.3333320617676
61.4199981689453	80
61.4300003051758	40
61.439998626709	33.3333320617676
61.4500007629395	53.3333320617676
61.4599990844727	33.3333320617676
61.4700012207031	60
61.4799995422363	93.3333358764648
61.4900016784668	46.6666679382324
61.5	46.6666679382324
61.5099983215332	26.6666660308838
61.5200004577637	53.3333320617676
61.5299987792969	80
61.5400009155273	73.3333358764648
61.5499992370605	40
61.560001373291	46.6666679382324
61.5699996948242	26.6666660308838
61.5800018310547	40
61.5900001525879	40
61.5999984741211	26.6666660308838
61.6100006103516	46.6666679382324
61.6199989318848	40
61.6300010681152	80
61.6399993896484	46.6666679382324
61.6500015258789	46.6666679382324
61.6599998474121	66.6666641235352
61.6699981689453	53.3333320617676
61.6800003051758	26.6666660308838
61.689998626709	40
61.7000007629395	53.3333320617676
61.7099990844727	100
61.7200012207031	53.3333320617676
61.7299995422363	80
61.7400016784668	40
61.75	46.6666679382324
61.7599983215332	80
61.7700004577637	60
61.7799987792969	60
61.7900009155273	26.6666660308838
61.7999992370605	73.3333358764648
61.810001373291	60
61.8199996948242	60
61.8300018310547	46.6666679382324
61.8400001525879	60
61.8499984741211	40
61.8600006103516	73.3333358764648
61.8699989318848	80
61.8800010681152	73.3333358764648
61.8899993896484	60
61.9000015258789	40
61.9099998474121	46.6666679382324
61.9199981689453	26.6666660308838
61.9300003051758	40
61.939998626709	53.3333320617676
61.9500007629395	73.3333358764648
61.9599990844727	46.6666679382324
61.9700012207031	66.6666641235352
61.9799995422363	86.6666641235352
61.9900016784668	46.6666679382324
62	53.3333320617676
62.0099983215332	100
62.0200004577637	53.3333320617676
62.0299987792969	73.3333358764648
62.0400009155273	60
62.0499992370605	66.6666641235352
62.060001373291	33.3333320617676
62.0699996948242	53.3333320617676
62.0800018310547	26.6666660308838
62.0900001525879	80
62.0999984741211	66.6666641235352
62.1100006103516	60
62.1199989318848	86.6666641235352
62.1300010681152	73.3333358764648
62.1399993896484	86.6666641235352
62.1500015258789	60
62.1599998474121	80
62.1699981689453	40
62.1800003051758	93.3333358764648
62.189998626709	73.3333358764648
62.2000007629395	60
62.2099990844727	73.3333358764648
62.2200012207031	80
62.2299995422363	53.3333320617676
62.2400016784668	53.3333320617676
62.25	73.3333358764648
62.2599983215332	46.6666679382324
62.2700004577637	46.6666679382324
62.2799987792969	33.3333320617676
62.2900009155273	93.3333358764648
62.2999992370605	40
62.310001373291	80
62.3199996948242	53.3333320617676
62.3300018310547	53.3333320617676
62.3400001525879	73.3333358764648
62.3499984741211	53.3333320617676
62.3600006103516	46.6666679382324
62.3699989318848	46.6666679382324
62.3800010681152	53.3333320617676
62.3899993896484	86.6666641235352
62.4000015258789	86.6666641235352
62.4099998474121	60
62.4199981689453	66.6666641235352
62.4300003051758	80
62.439998626709	100
62.4500007629395	80
62.4599990844727	66.6666641235352
62.4700012207031	80
62.4799995422363	20
62.4900016784668	53.3333320617676
62.5	66.6666641235352
62.5099983215332	73.3333358764648
62.5200004577637	80
62.5299987792969	73.3333358764648
62.5400009155273	53.3333320617676
62.5499992370605	120
62.560001373291	126.666664123535
62.5699996948242	93.3333358764648
62.5800018310547	86.6666641235352
62.5900001525879	126.666664123535
62.5999984741211	120
62.6100006103516	106.666664123535
62.6199989318848	93.3333358764648
62.6300010681152	106.666664123535
62.6399993896484	120
62.6500015258789	80
62.6599998474121	86.6666641235352
62.6699981689453	73.3333358764648
62.6800003051758	100
62.689998626709	120
62.7000007629395	106.666664123535
62.7099990844727	133.33332824707
62.7200012207031	153.33332824707
62.7299995422363	126.666664123535
62.7400016784668	120
62.75	133.33332824707
62.7599983215332	160
62.7700004577637	206.66667175293
62.7799987792969	153.33332824707
62.7900009155273	226.66667175293
62.7999992370605	233.33332824707
62.810001373291	233.33332824707
62.8199996948242	240
62.8300018310547	233.33332824707
62.8400001525879	300
62.8499984741211	333.333343505859
62.8600006103516	406.666656494141
62.8699989318848	413.333343505859
62.8800010681152	380
62.8899993896484	406.666656494141
62.9000015258789	473.333343505859
62.9099998474121	460
62.9199981689453	486.666656494141
62.9300003051758	460
62.939998626709	486.666656494141
62.9500007629395	533.333312988281
62.9599990844727	513.333312988281
62.9700012207031	446.666656494141
62.9799995422363	406.666656494141
62.9900016784668	406.666656494141
63	340
63.0099983215332	360
63.0200004577637	340
63.0299987792969	380
63.0400009155273	393.333343505859
63.0499992370605	353.333343505859
63.060001373291	360
63.0699996948242	386.666656494141
63.0800018310547	293.333343505859
63.0900001525879	340
63.0999984741211	266.666656494141
63.1100006103516	233.33332824707
63.1199989318848	293.333343505859
63.1300010681152	233.33332824707
63.1399993896484	273.333343505859
63.1500015258789	180
63.1599998474121	180
63.1699981689453	253.33332824707
63.1800003051758	193.33332824707
63.189998626709	173.33332824707
63.2000007629395	126.666664123535
63.2099990844727	193.33332824707
63.2200012207031	120
63.2299995422363	186.66667175293
63.2400016784668	120
63.25	113.333335876465
63.2599983215332	146.66667175293
63.2700004577637	80
63.2799987792969	93.3333358764648
63.2900009155273	86.6666641235352
63.2999992370605	106.666664123535
63.310001373291	120
63.3199996948242	60
63.3300018310547	73.3333358764648
63.3400001525879	86.6666641235352
63.3499984741211	93.3333358764648
63.3600006103516	66.6666641235352
63.3699989318848	66.6666641235352
63.3800010681152	66.6666641235352
63.3899993896484	113.333335876465
63.4000015258789	73.3333358764648
63.4099998474121	93.3333358764648
63.4199981689453	86.6666641235352
63.4300003051758	66.6666641235352
63.439998626709	73.3333358764648
63.4500007629395	66.6666641235352
63.4599990844727	113.333335876465
63.4700012207031	113.333335876465
63.4799995422363	73.3333358764648
63.4900016784668	60
63.5	33.3333320617676
63.5099983215332	66.6666641235352
63.5200004577637	40
63.5299987792969	46.6666679382324
63.5400009155273	33.3333320617676
63.5499992370605	26.6666660308838
63.560001373291	53.3333320617676
63.5699996948242	93.3333358764648
63.5800018310547	60
63.5900001525879	33.3333320617676
63.5999984741211	80
63.6100006103516	80
63.6199989318848	93.3333358764648
63.6300010681152	60
63.6399993896484	66.6666641235352
63.6500015258789	60
63.6599998474121	73.3333358764648
63.6699981689453	66.6666641235352
63.6800003051758	53.3333320617676
63.689998626709	46.6666679382324
63.7000007629395	26.6666660308838
63.7099990844727	40
63.7200012207031	53.3333320617676
63.7299995422363	46.6666679382324
63.7400016784668	73.3333358764648
63.75	26.6666660308838
63.7599983215332	46.6666679382324
63.7700004577637	46.6666679382324
63.7799987792969	53.3333320617676
63.7900009155273	73.3333358764648
63.7999992370605	80
63.810001373291	46.6666679382324
63.8199996948242	53.3333320617676
63.8300018310547	33.3333320617676
63.8400001525879	40
63.8499984741211	40
63.8600006103516	60
63.8699989318848	53.3333320617676
63.8800010681152	40
63.8899993896484	73.3333358764648
63.9000015258789	60
63.9099998474121	33.3333320617676
63.9199981689453	40
63.9300003051758	80
63.939998626709	66.6666641235352
63.9500007629395	46.6666679382324
63.9599990844727	73.3333358764648
63.9700012207031	33.3333320617676
63.9799995422363	73.3333358764648
63.9900016784668	26.6666660308838
64	60
64.0100021362305	53.3333320617676
64.0199966430664	40
64.0299987792969	53.3333320617676
64.0400009155273	33.3333320617676
64.0500030517578	53.3333320617676
64.0599975585938	53.3333320617676
64.0699996948242	40
64.0800018310547	40
64.0899963378906	46.6666679382324
64.0999984741211	33.3333320617676
64.1100006103516	40
64.120002746582	40
64.129997253418	53.3333320617676
64.1399993896484	73.3333358764648
64.1500015258789	60
64.1600036621094	33.3333320617676
64.1699981689453	26.6666660308838
64.1800003051758	60
64.1900024414063	66.6666641235352
64.1999969482422	53.3333320617676
64.2099990844727	33.3333320617676
64.2200012207031	60
64.2300033569336	33.3333320617676
64.2399978637695	60
64.25	40
64.2600021362305	60
64.2699966430664	46.6666679382324
64.2799987792969	46.6666679382324
64.2900009155273	80
64.3000030517578	26.6666660308838
64.3099975585938	46.6666679382324
64.3199996948242	33.3333320617676
64.3300018310547	46.6666679382324
64.3399963378906	26.6666660308838
64.3499984741211	40
64.3600006103516	60
64.370002746582	40
64.379997253418	33.3333320617676
64.3899993896484	26.6666660308838
64.4000015258789	26.6666660308838
64.4100036621094	33.3333320617676
64.4199981689453	20
64.4300003051758	66.6666641235352
64.4400024414063	33.3333320617676
64.4499969482422	26.6666660308838
64.4599990844727	60
64.4700012207031	60
64.4800033569336	40
64.4899978637695	26.6666660308838
64.5	60
64.5100021362305	33.3333320617676
64.5199966430664	46.6666679382324
64.5299987792969	40
64.5400009155273	33.3333320617676
64.5500030517578	26.6666660308838
64.5599975585938	53.3333320617676
64.5699996948242	26.6666660308838
64.5800018310547	20
64.5899963378906	33.3333320617676
64.5999984741211	26.6666660308838
64.6100006103516	66.6666641235352
64.620002746582	33.3333320617676
64.629997253418	66.6666641235352
64.6399993896484	33.3333320617676
64.6500015258789	60
64.6600036621094	60
64.6699981689453	73.3333358764648
64.6800003051758	60
64.6900024414063	66.6666641235352
64.6999969482422	53.3333320617676
64.7099990844727	66.6666641235352
64.7200012207031	33.3333320617676
64.7300033569336	40
64.7399978637695	66.6666641235352
64.75	46.6666679382324
64.7600021362305	80
64.7699966430664	60
64.7799987792969	73.3333358764648
64.7900009155273	66.6666641235352
64.8000030517578	80
64.8099975585938	40
64.8199996948242	26.6666660308838
64.8300018310547	53.3333320617676
64.8399963378906	26.6666660308838
64.8499984741211	80
64.8600006103516	46.6666679382324
64.870002746582	13.3333330154419
64.879997253418	40
64.8899993896484	46.6666679382324
64.9000015258789	46.6666679382324
64.9100036621094	33.3333320617676
64.9199981689453	33.3333320617676
64.9300003051758	46.6666679382324
64.9400024414063	26.6666660308838
64.9499969482422	73.3333358764648
64.9599990844727	93.3333358764648
64.9700012207031	33.3333320617676
64.9800033569336	73.3333358764648
64.9899978637695	33.3333320617676
65	6.66666650772095
65.0100021362305	46.6666679382324
65.0199966430664	33.3333320617676
65.0299987792969	40
65.0400009155273	26.6666660308838
65.0500030517578	60
65.0599975585938	53.3333320617676
65.0699996948242	26.6666660308838
65.0800018310547	60
65.0899963378906	73.3333358764648
65.0999984741211	46.6666679382324
65.1100006103516	20
65.120002746582	66.6666641235352
65.129997253418	40
65.1399993896484	20
65.1500015258789	60
65.1600036621094	46.6666679382324
65.1699981689453	40
65.1800003051758	60
65.1900024414063	60
65.1999969482422	40
65.2099990844727	53.3333320617676
65.2200012207031	53.3333320617676
65.2300033569336	33.3333320617676
65.2399978637695	40
65.25	26.6666660308838
65.2600021362305	46.6666679382324
65.2699966430664	53.3333320617676
65.2799987792969	80
65.2900009155273	40
65.3000030517578	33.3333320617676
65.3099975585938	40
65.3199996948242	93.3333358764648
65.3300018310547	46.6666679382324
65.3399963378906	26.6666660308838
65.3499984741211	53.3333320617676
65.3600006103516	26.6666660308838
65.370002746582	33.3333320617676
65.379997253418	33.3333320617676
65.3899993896484	60
65.4000015258789	33.3333320617676
65.4100036621094	40
65.4199981689453	46.6666679382324
65.4300003051758	13.3333330154419
65.4400024414063	33.3333320617676
65.4499969482422	40
65.4599990844727	46.6666679382324
65.4700012207031	60
65.4800033569336	46.6666679382324
65.4899978637695	33.3333320617676
65.5	20
65.5100021362305	46.6666679382324
65.5199966430664	40
65.5299987792969	33.3333320617676
65.5400009155273	66.6666641235352
65.5500030517578	33.3333320617676
65.5599975585938	20
65.5699996948242	20
65.5800018310547	20
65.5899963378906	13.3333330154419
65.5999984741211	33.3333320617676
65.6100006103516	73.3333358764648
65.620002746582	33.3333320617676
65.629997253418	26.6666660308838
65.6399993896484	46.6666679382324
65.6500015258789	20
65.6600036621094	26.6666660308838
65.6699981689453	60
65.6800003051758	20
65.6900024414063	13.3333330154419
65.6999969482422	26.6666660308838
65.7099990844727	33.3333320617676
65.7200012207031	20
65.7300033569336	20
65.7399978637695	33.3333320617676
65.75	40
65.7600021362305	46.6666679382324
65.7699966430664	33.3333320617676
65.7799987792969	26.6666660308838
65.7900009155273	46.6666679382324
65.8000030517578	20
65.8099975585938	20
65.8199996948242	40
65.8300018310547	46.6666679382324
65.8399963378906	26.6666660308838
65.8499984741211	26.6666660308838
65.8600006103516	46.6666679382324
65.870002746582	20
65.879997253418	26.6666660308838
65.8899993896484	26.6666660308838
65.9000015258789	20
65.9100036621094	13.3333330154419
65.9199981689453	53.3333320617676
65.9300003051758	26.6666660308838
65.9400024414063	40
65.9499969482422	60
65.9599990844727	86.6666641235352
65.9700012207031	66.6666641235352
65.9800033569336	46.6666679382324
65.9899978637695	33.3333320617676
66	26.6666660308838
66.0100021362305	20
66.0199966430664	46.6666679382324
66.0299987792969	40
66.0400009155273	46.6666679382324
66.0500030517578	20
66.0599975585938	40
66.0699996948242	40
66.0800018310547	60
66.0899963378906	53.3333320617676
66.0999984741211	26.6666660308838
66.1100006103516	33.3333320617676
66.120002746582	53.3333320617676
66.129997253418	20
66.1399993896484	40
66.1500015258789	46.6666679382324
66.1600036621094	33.3333320617676
66.1699981689453	46.6666679382324
66.1800003051758	13.3333330154419
66.1900024414063	20
66.1999969482422	40
66.2099990844727	40
66.2200012207031	33.3333320617676
66.2300033569336	13.3333330154419
66.2399978637695	53.3333320617676
66.25	40
66.2600021362305	66.6666641235352
66.2699966430664	33.3333320617676
66.2799987792969	20
66.2900009155273	40
66.3000030517578	46.6666679382324
66.3099975585938	26.6666660308838
66.3199996948242	40
66.3300018310547	13.3333330154419
66.3399963378906	26.6666660308838
66.3499984741211	33.3333320617676
66.3600006103516	20
66.370002746582	26.6666660308838
66.379997253418	40
66.3899993896484	40
66.4000015258789	46.6666679382324
66.4100036621094	46.6666679382324
66.4199981689453	40
66.4300003051758	33.3333320617676
66.4400024414063	40
66.4499969482422	40
66.4599990844727	40
66.4700012207031	33.3333320617676
66.4800033569336	53.3333320617676
66.4899978637695	60
66.5	66.6666641235352
66.5100021362305	53.3333320617676
66.5199966430664	40
66.5299987792969	46.6666679382324
66.5400009155273	33.3333320617676
66.5500030517578	26.6666660308838
66.5599975585938	53.3333320617676
66.5699996948242	40
66.5800018310547	26.6666660308838
66.5899963378906	53.3333320617676
66.5999984741211	13.3333330154419
66.6100006103516	26.6666660308838
66.620002746582	13.3333330154419
66.629997253418	33.3333320617676
66.6399993896484	46.6666679382324
66.6500015258789	53.3333320617676
66.6600036621094	46.6666679382324
66.6699981689453	33.3333320617676
66.6800003051758	26.6666660308838
66.6900024414063	26.6666660308838
66.6999969482422	20
66.7099990844727	33.3333320617676
66.7200012207031	33.3333320617676
66.7300033569336	20
66.7399978637695	46.6666679382324
66.75	13.3333330154419
66.7600021362305	46.6666679382324
66.7699966430664	33.3333320617676
66.7799987792969	53.3333320617676
66.7900009155273	26.6666660308838
66.8000030517578	26.6666660308838
66.8099975585938	33.3333320617676
66.8199996948242	46.6666679382324
66.8300018310547	20
66.8399963378906	26.6666660308838
66.8499984741211	46.6666679382324
66.8600006103516	86.6666641235352
66.870002746582	20
66.879997253418	53.3333320617676
66.8899993896484	60
66.9000015258789	33.3333320617676
66.9100036621094	40
66.9199981689453	20
66.9300003051758	13.3333330154419
66.9400024414063	6.66666650772095
66.9499969482422	33.3333320617676
66.9599990844727	33.3333320617676
66.9700012207031	26.6666660308838
66.9800033569336	13.3333330154419
66.9899978637695	33.3333320617676
67	40
67.0100021362305	60
67.0199966430664	60
67.0299987792969	33.3333320617676
67.0400009155273	33.3333320617676
67.0500030517578	46.6666679382324
67.0599975585938	53.3333320617676
67.0699996948242	40
67.0800018310547	46.6666679382324
67.0899963378906	53.3333320617676
67.0999984741211	46.6666679382324
67.1100006103516	60
67.120002746582	53.3333320617676
67.129997253418	33.3333320617676
67.1399993896484	6.66666650772095
67.1500015258789	33.3333320617676
67.1600036621094	33.3333320617676
67.1699981689453	40
67.1800003051758	26.6666660308838
67.1900024414063	53.3333320617676
67.1999969482422	60
67.2099990844727	33.3333320617676
67.2200012207031	60
67.2300033569336	26.6666660308838
67.2399978637695	40
67.25	53.3333320617676
67.2600021362305	33.3333320617676
67.2699966430664	46.6666679382324
67.2799987792969	53.3333320617676
67.2900009155273	33.3333320617676
67.3000030517578	26.6666660308838
67.3099975585938	40
67.3199996948242	26.6666660308838
67.3300018310547	20
67.3399963378906	33.3333320617676
67.3499984741211	46.6666679382324
67.3600006103516	40
67.370002746582	26.6666660308838
67.379997253418	86.6666641235352
67.3899993896484	40
67.4000015258789	53.3333320617676
67.4100036621094	53.3333320617676
67.4199981689453	26.6666660308838
67.4300003051758	66.6666641235352
67.4400024414063	40
67.4499969482422	40
67.4599990844727	66.6666641235352
67.4700012207031	13.3333330154419
67.4800033569336	53.3333320617676
67.4899978637695	20
67.5	13.3333330154419
67.5100021362305	40
67.5199966430664	33.3333320617676
67.5299987792969	40
67.5400009155273	46.6666679382324
67.5500030517578	33.3333320617676
67.5599975585938	13.3333330154419
67.5699996948242	46.6666679382324
67.5800018310547	20
67.5899963378906	20
67.5999984741211	26.6666660308838
67.6100006103516	60
67.620002746582	20
67.629997253418	26.6666660308838
67.6399993896484	33.3333320617676
67.6500015258789	46.6666679382324
67.6600036621094	33.3333320617676
67.6699981689453	33.3333320617676
67.6800003051758	20
67.6900024414063	33.3333320617676
67.6999969482422	40
67.7099990844727	46.6666679382324
67.7200012207031	33.3333320617676
67.7300033569336	26.6666660308838
67.7399978637695	53.3333320617676
67.75	46.6666679382324
67.7600021362305	26.6666660308838
67.7699966430664	46.6666679382324
67.7799987792969	20
67.7900009155273	26.6666660308838
67.8000030517578	46.6666679382324
67.8099975585938	33.3333320617676
67.8199996948242	20
67.8300018310547	33.3333320617676
67.8399963378906	60
67.8499984741211	40
67.8600006103516	40
67.870002746582	46.6666679382324
67.879997253418	60
67.8899993896484	80
67.9000015258789	53.3333320617676
67.9100036621094	40
67.9199981689453	33.3333320617676
67.9300003051758	60
67.9400024414063	60
67.9499969482422	33.3333320617676
67.9599990844727	6.66666650772095
67.9700012207031	73.3333358764648
67.9800033569336	40
67.9899978637695	46.6666679382324
68	66.6666641235352
68.0100021362305	13.3333330154419
68.0199966430664	73.3333358764648
68.0299987792969	26.6666660308838
68.0400009155273	33.3333320617676
68.0500030517578	40
68.0599975585938	60
68.0699996948242	66.6666641235352
68.0800018310547	60
68.0899963378906	93.3333358764648
68.0999984741211	33.3333320617676
68.1100006103516	66.6666641235352
68.120002746582	53.3333320617676
68.129997253418	6.66666650772095
68.1399993896484	13.3333330154419
68.1500015258789	20
68.1600036621094	53.3333320617676
68.1699981689453	53.3333320617676
68.1800003051758	60
68.1900024414063	73.3333358764648
68.1999969482422	66.6666641235352
68.2099990844727	40
68.2200012207031	46.6666679382324
68.2300033569336	40
68.2399978637695	40
68.25	60
68.2600021362305	66.6666641235352
68.2699966430664	53.3333320617676
68.2799987792969	33.3333320617676
68.2900009155273	33.3333320617676
68.3000030517578	26.6666660308838
68.3099975585938	33.3333320617676
68.3199996948242	53.3333320617676
68.3300018310547	60
68.3399963378906	46.6666679382324
68.3499984741211	33.3333320617676
68.3600006103516	66.6666641235352
68.370002746582	80
68.379997253418	66.6666641235352
68.3899993896484	80
68.4000015258789	40
68.4100036621094	26.6666660308838
68.4199981689453	40
68.4300003051758	53.3333320617676
68.4400024414063	46.6666679382324
68.4499969482422	46.6666679382324
68.4599990844727	86.6666641235352
68.4700012207031	60
68.4800033569336	33.3333320617676
68.4899978637695	53.3333320617676
68.5	66.6666641235352
68.5100021362305	53.3333320617676
68.5199966430664	66.6666641235352
68.5299987792969	60
68.5400009155273	20
68.5500030517578	46.6666679382324
68.5599975585938	73.3333358764648
68.5699996948242	66.6666641235352
68.5800018310547	53.3333320617676
68.5899963378906	60
68.5999984741211	33.3333320617676
68.6100006103516	46.6666679382324
68.620002746582	73.3333358764648
68.629997253418	80
68.6399993896484	53.3333320617676
68.6500015258789	53.3333320617676
68.6600036621094	53.3333320617676
68.6699981689453	60
68.6800003051758	73.3333358764648
68.6900024414063	66.6666641235352
68.6999969482422	73.3333358764648
68.7099990844727	46.6666679382324
68.7200012207031	60
68.7300033569336	86.6666641235352
68.7399978637695	40
68.75	73.3333358764648
68.7600021362305	46.6666679382324
68.7699966430664	66.6666641235352
68.7799987792969	53.3333320617676
68.7900009155273	93.3333358764648
68.8000030517578	93.3333358764648
68.8099975585938	80
68.8199996948242	80
68.8300018310547	66.6666641235352
68.8399963378906	60
68.8499984741211	93.3333358764648
68.8600006103516	73.3333358764648
68.870002746582	53.3333320617676
68.879997253418	66.6666641235352
68.8899993896484	53.3333320617676
68.9000015258789	26.6666660308838
68.9100036621094	60
68.9199981689453	60
68.9300003051758	66.6666641235352
68.9400024414063	33.3333320617676
68.9499969482422	80
68.9599990844727	100
68.9700012207031	73.3333358764648
68.9800033569336	86.6666641235352
68.9899978637695	60
69	46.6666679382324
69.0100021362305	80
69.0199966430664	53.3333320617676
69.0299987792969	46.6666679382324
69.0400009155273	53.3333320617676
69.0500030517578	40
69.0599975585938	26.6666660308838
69.0699996948242	26.6666660308838
69.0800018310547	53.3333320617676
69.0899963378906	20
69.0999984741211	53.3333320617676
69.1100006103516	80
69.120002746582	66.6666641235352
69.129997253418	53.3333320617676
69.1399993896484	33.3333320617676
69.1500015258789	93.3333358764648
69.1600036621094	60
69.1699981689453	40
69.1800003051758	53.3333320617676
69.1900024414063	40
69.1999969482422	66.6666641235352
69.2099990844727	40
69.2200012207031	33.3333320617676
69.2300033569336	46.6666679382324
69.2399978637695	46.6666679382324
69.25	46.6666679382324
69.2600021362305	60
69.2699966430664	60
69.2799987792969	86.6666641235352
69.2900009155273	66.6666641235352
69.3000030517578	46.6666679382324
69.3099975585938	53.3333320617676
69.3199996948242	66.6666641235352
69.3300018310547	86.6666641235352
69.3399963378906	60
69.3499984741211	53.3333320617676
69.3600006103516	66.6666641235352
69.370002746582	60
69.379997253418	60
69.3899993896484	60
69.4000015258789	73.3333358764648
69.4100036621094	66.6666641235352
69.4199981689453	40
69.4300003051758	46.6666679382324
69.4400024414063	33.3333320617676
69.4499969482422	66.6666641235352
69.4599990844727	46.6666679382324
69.4700012207031	33.3333320617676
69.4800033569336	46.6666679382324
69.4899978637695	66.6666641235352
69.5	46.6666679382324
69.5100021362305	73.3333358764648
69.5199966430664	73.3333358764648
69.5299987792969	13.3333330154419
69.5400009155273	46.6666679382324
69.5500030517578	106.666664123535
69.5599975585938	53.3333320617676
69.5699996948242	53.3333320617676
69.5800018310547	80
69.5899963378906	60
69.5999984741211	73.3333358764648
69.6100006103516	46.6666679382324
69.620002746582	40
69.629997253418	40
69.6399993896484	53.3333320617676
69.6500015258789	93.3333358764648
69.6600036621094	86.6666641235352
69.6699981689453	106.666664123535
69.6800003051758	66.6666641235352
69.6900024414063	60
69.6999969482422	60
69.7099990844727	40
69.7200012207031	46.6666679382324
69.7300033569336	60
69.7399978637695	86.6666641235352
69.75	93.3333358764648
69.7600021362305	26.6666660308838
69.7699966430664	66.6666641235352
69.7799987792969	66.6666641235352
69.7900009155273	46.6666679382324
69.8000030517578	33.3333320617676
69.8099975585938	86.6666641235352
69.8199996948242	80
69.8300018310547	20
69.8399963378906	40
69.8499984741211	66.6666641235352
69.8600006103516	73.3333358764648
69.870002746582	80
69.879997253418	86.6666641235352
69.8899993896484	86.6666641235352
69.9000015258789	53.3333320617676
69.9100036621094	40
69.9199981689453	46.6666679382324
69.9300003051758	73.3333358764648
69.9400024414063	120
69.9499969482422	80
69.9599990844727	100
69.9700012207031	66.6666641235352
69.9800033569336	100
69.9899978637695	46.6666679382324
70	60
70.0100021362305	46.6666679382324
70.0199966430664	46.6666679382324
70.0299987792969	80
70.0400009155273	126.666664123535
70.0500030517578	126.666664123535
70.0599975585938	120
70.0699996948242	80
70.0800018310547	86.6666641235352
70.0899963378906	66.6666641235352
70.0999984741211	100
70.1100006103516	100
70.120002746582	80
70.129997253418	106.666664123535
70.1399993896484	93.3333358764648
70.1500015258789	73.3333358764648
70.1600036621094	100
70.1699981689453	86.6666641235352
70.1800003051758	106.666664123535
70.1900024414063	113.333335876465
70.1999969482422	80
70.2099990844727	113.333335876465
70.2200012207031	140
70.2300033569336	126.666664123535
70.2399978637695	166.66667175293
70.25	180
70.2600021362305	153.33332824707
70.2699966430664	166.66667175293
70.2799987792969	160
70.2900009155273	173.33332824707
70.3000030517578	193.33332824707
70.3099975585938	186.66667175293
70.3199996948242	213.33332824707
70.3300018310547	173.33332824707
70.3399963378906	180
70.3499984741211	213.33332824707
70.3600006103516	226.66667175293
70.370002746582	286.666656494141
70.379997253418	213.33332824707
70.3899993896484	206.66667175293
70.4000015258789	326.666656494141
70.4100036621094	340
70.4199981689453	340
70.4300003051758	386.666656494141
70.4400024414063	406.666656494141
70.4499969482422	486.666656494141
70.4599990844727	486.666656494141
70.4700012207031	620
70.4800033569336	706.666687011719
70.4899978637695	773.333312988281
70.5	960
70.5100021362305	1020
70.5199966430664	1033.33337402344
70.5299987792969	1300
70.5400009155273	1506.66662597656
70.5500030517578	1680
70.5599975585938	1746.66662597656
70.5699996948242	1993.33337402344
70.5800018310547	2120
70.5899963378906	2186.66674804688
70.5999984741211	2486.66674804688
70.6100006103516	2353.33325195313
70.620002746582	2286.66674804688
70.629997253418	2440
70.6399993896484	2226.66674804688
70.6500015258789	1913.33337402344
70.6600036621094	1793.33337402344
70.6699981689453	1820
70.6800003051758	1633.33337402344
70.6900024414063	1533.33337402344
70.6999969482422	1466.66662597656
70.7099990844727	1446.66662597656
70.7200012207031	1073.33337402344
70.7300033569336	1266.66662597656
70.7399978637695	1366.66662597656
70.75	1206.66662597656
70.7600021362305	1380
70.7699966430664	1266.66662597656
70.7799987792969	1513.33337402344
70.7900009155273	1346.66662597656
70.8000030517578	1353.33337402344
70.8099975585938	1240
70.8199996948242	1386.66662597656
70.8300018310547	1266.66662597656
70.8399963378906	1326.66662597656
70.8499984741211	1060
70.8600006103516	1026.66662597656
70.870002746582	973.333312988281
70.879997253418	806.666687011719
70.8899993896484	740
70.9000015258789	680
70.9100036621094	606.666687011719
70.9199981689453	493.333343505859
70.9300003051758	513.333312988281
70.9400024414063	446.666656494141
70.9499969482422	333.333343505859
70.9599990844727	340
70.9700012207031	253.33332824707
70.9800033569336	240
70.9899978637695	306.666656494141
71	193.33332824707
71.0100021362305	226.66667175293
71.0199966430664	186.66667175293
71.0299987792969	180
71.0400009155273	180
71.0500030517578	166.66667175293
71.0599975585938	173.33332824707
71.0699996948242	160
71.0800018310547	126.666664123535
71.0899963378906	153.33332824707
71.0999984741211	113.333335876465
71.1100006103516	126.666664123535
71.120002746582	133.33332824707
71.129997253418	133.33332824707
71.1399993896484	80
71.1500015258789	120
71.1600036621094	120
71.1699981689453	93.3333358764648
71.1800003051758	53.3333320617676
71.1900024414063	106.666664123535
71.1999969482422	66.6666641235352
71.2099990844727	100
71.2200012207031	53.3333320617676
71.2300033569336	66.6666641235352
71.2399978637695	93.3333358764648
71.25	113.333335876465
71.2600021362305	126.666664123535
71.2699966430664	133.33332824707
71.2799987792969	80
71.2900009155273	80
71.3000030517578	60
71.3099975585938	40
71.3199996948242	80
71.3300018310547	53.3333320617676
71.3399963378906	53.3333320617676
71.3499984741211	80
71.3600006103516	60
71.370002746582	66.6666641235352
71.379997253418	93.3333358764648
71.3899993896484	60
71.4000015258789	86.6666641235352
71.4100036621094	113.333335876465
71.4199981689453	80
71.4300003051758	93.3333358764648
71.4400024414063	60
71.4499969482422	66.6666641235352
71.4599990844727	60
71.4700012207031	80
71.4800033569336	73.3333358764648
71.4899978637695	80
71.5	80
71.5100021362305	53.3333320617676
71.5199966430664	66.6666641235352
71.5299987792969	73.3333358764648
71.5400009155273	46.6666679382324
71.5500030517578	66.6666641235352
71.5599975585938	80
71.5699996948242	73.3333358764648
71.5800018310547	53.3333320617676
71.5899963378906	46.6666679382324
71.5999984741211	86.6666641235352
71.6100006103516	60
71.620002746582	73.3333358764648
71.629997253418	66.6666641235352
71.6399993896484	53.3333320617676
71.6500015258789	80
71.6600036621094	73.3333358764648
71.6699981689453	86.6666641235352
71.6800003051758	80
71.6900024414063	73.3333358764648
71.6999969482422	53.3333320617676
71.7099990844727	60
71.7200012207031	53.3333320617676
71.7300033569336	53.3333320617676
71.7399978637695	53.3333320617676
71.75	46.6666679382324
71.7600021362305	80
71.7699966430664	73.3333358764648
71.7799987792969	73.3333358764648
71.7900009155273	80
71.8000030517578	53.3333320617676
71.8099975585938	60
71.8199996948242	60
71.8300018310547	66.6666641235352
71.8399963378906	33.3333320617676
71.8499984741211	66.6666641235352
71.8600006103516	66.6666641235352
71.870002746582	73.3333358764648
71.879997253418	46.6666679382324
71.8899993896484	46.6666679382324
71.9000015258789	66.6666641235352
71.9100036621094	86.6666641235352
71.9199981689453	53.3333320617676
71.9300003051758	40
71.9400024414063	60
71.9499969482422	60
71.9599990844727	60
71.9700012207031	80
71.9800033569336	53.3333320617676
71.9899978637695	60
72	60
72.0100021362305	40
72.0199966430664	66.6666641235352
72.0299987792969	60
72.0400009155273	80
72.0500030517578	46.6666679382324
72.0599975585938	60
72.0699996948242	66.6666641235352
72.0800018310547	46.6666679382324
72.0899963378906	53.3333320617676
72.0999984741211	60
72.1100006103516	60
72.120002746582	33.3333320617676
72.129997253418	66.6666641235352
72.1399993896484	66.6666641235352
72.1500015258789	66.6666641235352
72.1600036621094	53.3333320617676
72.1699981689453	93.3333358764648
72.1800003051758	60
72.1900024414063	60
72.1999969482422	53.3333320617676
72.2099990844727	46.6666679382324
72.2200012207031	93.3333358764648
72.2300033569336	33.3333320617676
72.2399978637695	33.3333320617676
72.25	53.3333320617676
72.2600021362305	60
72.2699966430664	73.3333358764648
72.2799987792969	46.6666679382324
72.2900009155273	40
72.3000030517578	20
72.3099975585938	20
72.3199996948242	13.3333330154419
72.3300018310547	20
72.3399963378906	46.6666679382324
72.3499984741211	73.3333358764648
72.3600006103516	33.3333320617676
72.370002746582	33.3333320617676
72.379997253418	40
72.3899993896484	60
72.4000015258789	20
72.4100036621094	53.3333320617676
72.4199981689453	26.6666660308838
72.4300003051758	46.6666679382324
72.4400024414063	53.3333320617676
72.4499969482422	53.3333320617676
72.4599990844727	46.6666679382324
72.4700012207031	46.6666679382324
72.4800033569336	46.6666679382324
72.4899978637695	46.6666679382324
72.5	20
72.5100021362305	13.3333330154419
72.5199966430664	40
72.5299987792969	66.6666641235352
72.5400009155273	53.3333320617676
72.5500030517578	46.6666679382324
72.5599975585938	26.6666660308838
72.5699996948242	33.3333320617676
72.5800018310547	33.3333320617676
72.5899963378906	26.6666660308838
72.5999984741211	60
72.6100006103516	26.6666660308838
72.620002746582	40
72.629997253418	53.3333320617676
72.6399993896484	53.3333320617676
72.6500015258789	60
72.6600036621094	40
72.6699981689453	33.3333320617676
72.6800003051758	46.6666679382324
72.6900024414063	46.6666679382324
72.6999969482422	66.6666641235352
72.7099990844727	40
72.7200012207031	60
72.7300033569336	33.3333320617676
72.7399978637695	40
72.75	26.6666660308838
72.7600021362305	13.3333330154419
72.7699966430664	26.6666660308838
72.7799987792969	60
72.7900009155273	53.3333320617676
72.8000030517578	53.3333320617676
72.8099975585938	73.3333358764648
72.8199996948242	40
72.8300018310547	33.3333320617676
72.8399963378906	46.6666679382324
72.8499984741211	46.6666679382324
72.8600006103516	33.3333320617676
72.870002746582	46.6666679382324
72.879997253418	66.6666641235352
72.8899993896484	20
72.9000015258789	26.6666660308838
72.9100036621094	26.6666660308838
72.9199981689453	66.6666641235352
72.9300003051758	20
72.9400024414063	73.3333358764648
72.9499969482422	40
72.9599990844727	66.6666641235352
72.9700012207031	40
72.9800033569336	26.6666660308838
72.9899978637695	20
73	13.3333330154419
73.0100021362305	40
73.0199966430664	20
73.0299987792969	40
73.0400009155273	33.3333320617676
73.0500030517578	40
73.0599975585938	33.3333320617676
73.0699996948242	46.6666679382324
73.0800018310547	40
73.0899963378906	93.3333358764648
73.0999984741211	93.3333358764648
73.1100006103516	40
73.120002746582	40
73.129997253418	60
73.1399993896484	33.3333320617676
73.1500015258789	40
73.1600036621094	26.6666660308838
73.1699981689453	46.6666679382324
73.1800003051758	46.6666679382324
73.1900024414063	26.6666660308838
73.1999969482422	6.66666650772095
73.2099990844727	33.3333320617676
73.2200012207031	33.3333320617676
73.2300033569336	13.3333330154419
73.2399978637695	33.3333320617676
73.25	26.6666660308838
73.2600021362305	60
73.2699966430664	40
73.2799987792969	86.6666641235352
73.2900009155273	53.3333320617676
73.3000030517578	6.66666650772095
73.3099975585938	26.6666660308838
73.3199996948242	40
73.3300018310547	33.3333320617676
73.3399963378906	60
73.3499984741211	33.3333320617676
73.3600006103516	66.6666641235352
73.370002746582	26.6666660308838
73.379997253418	33.3333320617676
73.3899993896484	40
73.4000015258789	33.3333320617676
73.4100036621094	26.6666660308838
73.4199981689453	20
73.4300003051758	26.6666660308838
73.4400024414063	13.3333330154419
73.4499969482422	26.6666660308838
73.4599990844727	33.3333320617676
73.4700012207031	40
73.4800033569336	46.6666679382324
73.4899978637695	60
73.5	33.3333320617676
73.5100021362305	40
73.5199966430664	26.6666660308838
73.5299987792969	60
73.5400009155273	40
73.5500030517578	40
73.5599975585938	40
73.5699996948242	20
73.5800018310547	33.3333320617676
73.5899963378906	46.6666679382324
73.5999984741211	40
73.6100006103516	33.3333320617676
73.620002746582	20
73.629997253418	33.3333320617676
73.6399993896484	6.66666650772095
73.6500015258789	53.3333320617676
73.6600036621094	53.3333320617676
73.6699981689453	60
73.6800003051758	33.3333320617676
73.6900024414063	40
73.6999969482422	26.6666660308838
73.7099990844727	46.6666679382324
73.7200012207031	53.3333320617676
73.7300033569336	40
73.7399978637695	26.6666660308838
73.75	40
73.7600021362305	40
73.7699966430664	73.3333358764648
73.7799987792969	60
73.7900009155273	26.6666660308838
73.8000030517578	33.3333320617676
73.8099975585938	66.6666641235352
73.8199996948242	73.3333358764648
73.8300018310547	40
73.8399963378906	60
73.8499984741211	46.6666679382324
73.8600006103516	53.3333320617676
73.870002746582	20
73.879997253418	53.3333320617676
73.8899993896484	33.3333320617676
73.9000015258789	46.6666679382324
73.9100036621094	33.3333320617676
73.9199981689453	53.3333320617676
73.9300003051758	26.6666660308838
73.9400024414063	26.6666660308838
73.9499969482422	60
73.9599990844727	46.6666679382324
73.9700012207031	33.3333320617676
73.9800033569336	46.6666679382324
73.9899978637695	80
74	53.3333320617676
74.0100021362305	33.3333320617676
74.0199966430664	40
74.0299987792969	26.6666660308838
74.0400009155273	33.3333320617676
74.0500030517578	46.6666679382324
74.0599975585938	60
74.0699996948242	73.3333358764648
74.0800018310547	33.3333320617676
74.0899963378906	53.3333320617676
74.0999984741211	40
74.1100006103516	53.3333320617676
74.120002746582	60
74.129997253418	46.6666679382324
74.1399993896484	33.3333320617676
74.1500015258789	46.6666679382324
74.1600036621094	66.6666641235352
74.1699981689453	53.3333320617676
74.1800003051758	20
74.1900024414063	46.6666679382324
74.1999969482422	33.3333320617676
74.2099990844727	26.6666660308838
74.2200012207031	60
74.2300033569336	40
74.2399978637695	66.6666641235352
74.25	46.6666679382324
74.2600021362305	20
74.2699966430664	66.6666641235352
74.2799987792969	53.3333320617676
74.2900009155273	33.3333320617676
74.3000030517578	33.3333320617676
74.3099975585938	40
74.3199996948242	40
74.3300018310547	40
74.3399963378906	33.3333320617676
74.3499984741211	40
74.3600006103516	66.6666641235352
74.370002746582	26.6666660308838
74.379997253418	66.6666641235352
74.3899993896484	33.3333320617676
74.4000015258789	26.6666660308838
74.4100036621094	33.3333320617676
74.4199981689453	33.3333320617676
74.4300003051758	46.6666679382324
74.4400024414063	46.6666679382324
74.4499969482422	60
74.4599990844727	73.3333358764648
74.4700012207031	26.6666660308838
74.4800033569336	40
74.4899978637695	53.3333320617676
74.5	60
74.5100021362305	33.3333320617676
74.5199966430664	60
74.5299987792969	40
74.5400009155273	33.3333320617676
74.5500030517578	40
74.5599975585938	60
74.5699996948242	40
74.5800018310547	60
74.5899963378906	46.6666679382324
74.5999984741211	66.6666641235352
74.6100006103516	33.3333320617676
74.620002746582	33.3333320617676
74.629997253418	60
74.6399993896484	40
74.6500015258789	26.6666660308838
74.6600036621094	66.6666641235352
74.6699981689453	53.3333320617676
74.6800003051758	46.6666679382324
74.6900024414063	46.6666679382324
74.6999969482422	60
74.7099990844727	40
74.7200012207031	40
74.7300033569336	46.6666679382324
74.7399978637695	6.66666650772095
74.75	20
74.7600021362305	66.6666641235352
74.7699966430664	40
74.7799987792969	40
74.7900009155273	20
74.8000030517578	40
74.8099975585938	66.6666641235352
74.8199996948242	40
74.8300018310547	40
74.8399963378906	60
74.8499984741211	26.6666660308838
74.8600006103516	53.3333320617676
74.870002746582	26.6666660308838
74.879997253418	60
74.8899993896484	26.6666660308838
74.9000015258789	86.6666641235352
74.9100036621094	40
74.9199981689453	46.6666679382324
74.9300003051758	80
74.9400024414063	60
74.9499969482422	60
74.9599990844727	26.6666660308838
74.9700012207031	33.3333320617676
74.9800033569336	46.6666679382324
74.9899978637695	60
75	53.3333320617676
75.0100021362305	46.6666679382324
75.0199966430664	73.3333358764648
75.0299987792969	46.6666679382324
75.0400009155273	73.3333358764648
75.0500030517578	73.3333358764648
75.0599975585938	40
75.0699996948242	13.3333330154419
75.0800018310547	66.6666641235352
75.0899963378906	33.3333320617676
75.0999984741211	46.6666679382324
75.1100006103516	46.6666679382324
75.120002746582	93.3333358764648
75.129997253418	46.6666679382324
75.1399993896484	53.3333320617676
75.1500015258789	26.6666660308838
75.1600036621094	20
75.1699981689453	66.6666641235352
75.1800003051758	46.6666679382324
75.1900024414063	60
75.1999969482422	46.6666679382324
75.2099990844727	53.3333320617676
75.2200012207031	33.3333320617676
75.2300033569336	46.6666679382324
75.2399978637695	60
75.25	60
75.2600021362305	53.3333320617676
75.2699966430664	66.6666641235352
75.2799987792969	53.3333320617676
75.2900009155273	66.6666641235352
75.3000030517578	80
75.3099975585938	53.3333320617676
75.3199996948242	60
75.3300018310547	53.3333320617676
75.3399963378906	40
75.3499984741211	33.3333320617676
75.3600006103516	60
75.370002746582	60
75.379997253418	33.3333320617676
75.3899993896484	40
75.4000015258789	66.6666641235352
75.4100036621094	60
75.4199981689453	60
75.4300003051758	60
75.4400024414063	66.6666641235352
75.4499969482422	53.3333320617676
75.4599990844727	33.3333320617676
75.4700012207031	40
75.4800033569336	60
75.4899978637695	53.3333320617676
75.5	40
75.5100021362305	33.3333320617676
75.5199966430664	66.6666641235352
75.5299987792969	60
75.5400009155273	53.3333320617676
75.5500030517578	20
75.5599975585938	53.3333320617676
75.5699996948242	33.3333320617676
75.5800018310547	53.3333320617676
75.5899963378906	33.3333320617676
75.5999984741211	66.6666641235352
75.6100006103516	46.6666679382324
75.620002746582	53.3333320617676
75.629997253418	66.6666641235352
75.6399993896484	33.3333320617676
75.6500015258789	20
75.6600036621094	66.6666641235352
75.6699981689453	46.6666679382324
75.6800003051758	60
75.6900024414063	60
75.6999969482422	100
75.7099990844727	46.6666679382324
75.7200012207031	66.6666641235352
75.7300033569336	93.3333358764648
75.7399978637695	93.3333358764648
75.75	100
75.7600021362305	80
75.7699966430664	33.3333320617676
75.7799987792969	60
75.7900009155273	86.6666641235352
75.8000030517578	93.3333358764648
75.8099975585938	60
75.8199996948242	73.3333358764648
75.8300018310547	60
75.8399963378906	113.333335876465
75.8499984741211	113.333335876465
75.8600006103516	153.33332824707
75.870002746582	120
75.879997253418	93.3333358764648
75.8899993896484	73.3333358764648
75.9000015258789	93.3333358764648
75.9100036621094	113.333335876465
75.9199981689453	113.333335876465
75.9300003051758	126.666664123535
75.9400024414063	126.666664123535
75.9499969482422	120
75.9599990844727	140
75.9700012207031	193.33332824707
75.9800033569336	186.66667175293
75.9899978637695	180
76	200
76.0100021362305	253.33332824707
76.0199966430664	220
76.0299987792969	186.66667175293
76.0400009155273	313.333343505859
76.0500030517578	286.666656494141
76.0599975585938	326.666656494141
76.0699996948242	340
76.0800018310547	413.333343505859
76.0899963378906	400
76.0999984741211	413.333343505859
76.1100006103516	440
76.120002746582	566.666687011719
76.129997253418	520
76.1399993896484	533.333312988281
76.1500015258789	593.333312988281
76.1600036621094	706.666687011719
76.1699981689453	593.333312988281
76.1800003051758	553.333312988281
76.1900024414063	666.666687011719
76.1999969482422	566.666687011719
76.2099990844727	573.333312988281
76.2200012207031	433.333343505859
76.2300033569336	493.333343505859
76.2399978637695	400
76.25	413.333343505859
76.2600021362305	466.666656494141
76.2699966430664	486.666656494141
76.2799987792969	353.333343505859
76.2900009155273	413.333343505859
76.3000030517578	353.333343505859
76.3099975585938	353.333343505859
76.3199996948242	420
76.3300018310547	453.333343505859
76.3399963378906	406.666656494141
76.3499984741211	386.666656494141
76.3600006103516	406.666656494141
76.370002746582	333.333343505859
76.379997253418	413.333343505859
76.3899993896484	373.333343505859
76.4000015258789	353.333343505859
76.4100036621094	406.666656494141
76.4199981689453	373.333343505859
76.4300003051758	320
76.4400024414063	266.666656494141
76.4499969482422	373.333343505859
76.4599990844727	200
76.4700012207031	246.66667175293
76.4800033569336	280
76.4899978637695	213.33332824707
76.5	200
76.5100021362305	193.33332824707
76.5199966430664	140
76.5299987792969	146.66667175293
76.5400009155273	100
76.5500030517578	140
76.5599975585938	126.666664123535
76.5699996948242	126.666664123535
76.5800018310547	133.33332824707
76.5899963378906	100
76.5999984741211	86.6666641235352
76.6100006103516	106.666664123535
76.620002746582	133.33332824707
76.629997253418	66.6666641235352
76.6399993896484	106.666664123535
76.6500015258789	113.333335876465
76.6600036621094	120
76.6699981689453	146.66667175293
76.6800003051758	140
76.6900024414063	100
76.6999969482422	113.333335876465
76.7099990844727	93.3333358764648
76.7200012207031	133.33332824707
76.7300033569336	73.3333358764648
76.7399978637695	73.3333358764648
76.75	80
76.7600021362305	53.3333320617676
76.7699966430664	86.6666641235352
76.7799987792969	73.3333358764648
76.7900009155273	80
76.8000030517578	86.6666641235352
76.8099975585938	66.6666641235352
76.8199996948242	73.3333358764648
76.8300018310547	46.6666679382324
76.8399963378906	93.3333358764648
76.8499984741211	66.6666641235352
76.8600006103516	53.3333320617676
76.870002746582	53.3333320617676
76.879997253418	46.6666679382324
76.8899993896484	80
76.9000015258789	33.3333320617676
76.9100036621094	33.3333320617676
76.9199981689453	40
76.9300003051758	46.6666679382324
76.9400024414063	53.3333320617676
76.9499969482422	86.6666641235352
76.9599990844727	20
76.9700012207031	46.6666679382324
76.9800033569336	66.6666641235352
76.9899978637695	40
77	66.6666641235352
77.0100021362305	53.3333320617676
77.0199966430664	46.6666679382324
77.0299987792969	80
77.0400009155273	66.6666641235352
77.0500030517578	60
77.0599975585938	53.3333320617676
77.0699996948242	120
77.0800018310547	33.3333320617676
77.0899963378906	46.6666679382324
77.0999984741211	73.3333358764648
77.1100006103516	106.666664123535
77.120002746582	73.3333358764648
77.129997253418	86.6666641235352
77.1399993896484	100
77.1500015258789	86.6666641235352
77.1600036621094	86.6666641235352
77.1699981689453	93.3333358764648
77.1800003051758	86.6666641235352
77.1900024414063	80
77.1999969482422	100
77.2099990844727	140
77.2200012207031	126.666664123535
77.2300033569336	146.66667175293
77.2399978637695	146.66667175293
77.25	106.666664123535
77.2600021362305	166.66667175293
77.2699966430664	140
77.2799987792969	93.3333358764648
77.2900009155273	173.33332824707
77.3000030517578	193.33332824707
77.3099975585938	213.33332824707
77.3199996948242	166.66667175293
77.3300018310547	220
77.3399963378906	166.66667175293
77.3499984741211	146.66667175293
77.3600006103516	153.33332824707
77.370002746582	193.33332824707
77.379997253418	193.33332824707
77.3899993896484	166.66667175293
77.4000015258789	140
77.4100036621094	166.66667175293
77.4199981689453	146.66667175293
77.4300003051758	120
77.4400024414063	133.33332824707
77.4499969482422	100
77.4599990844727	113.333335876465
77.4700012207031	133.33332824707
77.4800033569336	100
77.4899978637695	126.666664123535
77.5	93.3333358764648
77.5100021362305	140
77.5199966430664	153.33332824707
77.5299987792969	160
77.5400009155273	140
77.5500030517578	53.3333320617676
77.5599975585938	80
77.5699996948242	120
77.5800018310547	93.3333358764648
77.5899963378906	73.3333358764648
77.5999984741211	153.33332824707
77.6100006103516	100
77.620002746582	100
77.629997253418	86.6666641235352
77.6399993896484	66.6666641235352
77.6500015258789	60
77.6600036621094	73.3333358764648
77.6699981689453	80
77.6800003051758	60
77.6900024414063	46.6666679382324
77.6999969482422	60
77.7099990844727	86.6666641235352
77.7200012207031	53.3333320617676
77.7300033569336	73.3333358764648
77.7399978637695	33.3333320617676
77.75	40
77.7600021362305	60
77.7699966430664	53.3333320617676
77.7799987792969	86.6666641235352
77.7900009155273	40
77.8000030517578	53.3333320617676
77.8099975585938	33.3333320617676
77.8199996948242	33.3333320617676
77.8300018310547	33.3333320617676
77.8399963378906	46.6666679382324
77.8499984741211	46.6666679382324
77.8600006103516	26.6666660308838
77.870002746582	53.3333320617676
77.879997253418	53.3333320617676
77.8899993896484	20
77.9000015258789	20
77.9100036621094	46.6666679382324
77.9199981689453	46.6666679382324
77.9300003051758	40
77.9400024414063	26.6666660308838
77.9499969482422	33.3333320617676
77.9599990844727	33.3333320617676
77.9700012207031	26.6666660308838
77.9800033569336	40
77.9899978637695	46.6666679382324
78	33.3333320617676
78.0100021362305	46.6666679382324
78.0199966430664	46.6666679382324
78.0299987792969	13.3333330154419
78.0400009155273	20
78.0500030517578	40
78.0599975585938	26.6666660308838
78.0699996948242	26.6666660308838
78.0800018310547	33.3333320617676
78.0899963378906	26.6666660308838
78.0999984741211	46.6666679382324
78.1100006103516	33.3333320617676
78.120002746582	26.6666660308838
78.129997253418	53.3333320617676
78.1399993896484	46.6666679382324
78.1500015258789	20
78.1600036621094	6.66666650772095
78.1699981689453	20
78.1800003051758	46.6666679382324
78.1900024414063	40
78.1999969482422	53.3333320617676
78.2099990844727	33.3333320617676
78.2200012207031	46.6666679382324
78.2300033569336	40
78.2399978637695	66.6666641235352
78.25	86.6666641235352
78.2600021362305	20
78.2699966430664	26.6666660308838
78.2799987792969	40
78.2900009155273	20
78.3000030517578	20
78.3099975585938	40
78.3199996948242	60
78.3300018310547	33.3333320617676
78.3399963378906	46.6666679382324
78.3499984741211	20
78.3600006103516	40
78.370002746582	26.6666660308838
78.379997253418	33.3333320617676
78.3899993896484	66.6666641235352
78.4000015258789	53.3333320617676
78.4100036621094	13.3333330154419
78.4199981689453	26.6666660308838
78.4300003051758	26.6666660308838
78.4400024414063	40
78.4499969482422	20
78.4599990844727	33.3333320617676
78.4700012207031	20
78.4800033569336	26.6666660308838
78.4899978637695	33.3333320617676
78.5	33.3333320617676
78.5100021362305	53.3333320617676
78.5199966430664	6.66666650772095
78.5299987792969	33.3333320617676
78.5400009155273	33.3333320617676
78.5500030517578	6.66666650772095
78.5599975585938	6.66666650772095
78.5699996948242	33.3333320617676
78.5800018310547	46.6666679382324
78.5899963378906	20
78.5999984741211	26.6666660308838
78.6100006103516	33.3333320617676
78.620002746582	33.3333320617676
78.629997253418	46.6666679382324
78.6399993896484	13.3333330154419
78.6500015258789	6.66666650772095
78.6600036621094	13.3333330154419
78.6699981689453	66.6666641235352
78.6800003051758	33.3333320617676
78.6900024414063	26.6666660308838
78.6999969482422	26.6666660308838
78.7099990844727	33.3333320617676
78.7200012207031	20
78.7300033569336	6.66666650772095
78.7399978637695	20
78.75	33.3333320617676
78.7600021362305	33.3333320617676
78.7699966430664	40
78.7799987792969	40
78.7900009155273	33.3333320617676
78.8000030517578	20
78.8099975585938	20
78.8199996948242	20
78.8300018310547	20
78.8399963378906	26.6666660308838
78.8499984741211	40
78.8600006103516	40
78.870002746582	33.3333320617676
78.879997253418	26.6666660308838
78.8899993896484	26.6666660308838
78.9000015258789	26.6666660308838
78.9100036621094	13.3333330154419
78.9199981689453	20
78.9300003051758	13.3333330154419
78.9400024414063	20
78.9499969482422	26.6666660308838
78.9599990844727	20
78.9700012207031	26.6666660308838
78.9800033569336	33.3333320617676
78.9899978637695	40
79	6.66666650772095
79.0100021362305	6.66666650772095
79.0199966430664	13.3333330154419
79.0299987792969	40
79.0400009155273	26.6666660308838
79.0500030517578	40
79.0599975585938	26.6666660308838
79.0699996948242	13.3333330154419
79.0800018310547	26.6666660308838
79.0899963378906	20
79.0999984741211	33.3333320617676
79.1100006103516	53.3333320617676
79.120002746582	26.6666660308838
79.129997253418	13.3333330154419
79.1399993896484	53.3333320617676
79.1500015258789	26.6666660308838
79.1600036621094	53.3333320617676
79.1699981689453	20
79.1800003051758	6.66666650772095
79.1900024414063	40
79.1999969482422	26.6666660308838
79.2099990844727	46.6666679382324
79.2200012207031	33.3333320617676
79.2300033569336	26.6666660308838
79.2399978637695	26.6666660308838
79.25	33.3333320617676
79.2600021362305	20
79.2699966430664	20
79.2799987792969	20
79.2900009155273	33.3333320617676
79.3000030517578	40
79.3099975585938	40
79.3199996948242	13.3333330154419
79.3300018310547	33.3333320617676
79.3399963378906	6.66666650772095
79.3499984741211	40
79.3600006103516	26.6666660308838
79.370002746582	53.3333320617676
79.379997253418	6.66666650772095
79.3899993896484	40
79.4000015258789	33.3333320617676
79.4100036621094	20
79.4199981689453	20
79.4300003051758	40
79.4400024414063	20
79.4499969482422	6.66666650772095
79.4599990844727	33.3333320617676
79.4700012207031	40
79.4800033569336	26.6666660308838
79.4899978637695	46.6666679382324
79.5	46.6666679382324
79.5100021362305	26.6666660308838
79.5199966430664	26.6666660308838
79.5299987792969	26.6666660308838
79.5400009155273	33.3333320617676
79.5500030517578	26.6666660308838
79.5599975585938	13.3333330154419
79.5699996948242	13.3333330154419
79.5800018310547	46.6666679382324
79.5899963378906	6.66666650772095
79.5999984741211	33.3333320617676
79.6100006103516	53.3333320617676
79.620002746582	53.3333320617676
79.629997253418	53.3333320617676
79.6399993896484	20
79.6500015258789	26.6666660308838
79.6600036621094	13.3333330154419
79.6699981689453	33.3333320617676
79.6800003051758	53.3333320617676
79.6900024414063	53.3333320617676
79.6999969482422	26.6666660308838
79.7099990844727	40
79.7200012207031	26.6666660308838
79.7300033569336	26.6666660308838
79.7399978637695	53.3333320617676
79.75	66.6666641235352
79.7600021362305	46.6666679382324
79.7699966430664	40
79.7799987792969	46.6666679382324
79.7900009155273	40
79.8000030517578	20
79.8099975585938	46.6666679382324
79.8199996948242	26.6666660308838
79.8300018310547	40
79.8399963378906	40
79.8499984741211	33.3333320617676
79.8600006103516	20
79.870002746582	33.3333320617676
79.879997253418	33.3333320617676
79.8899993896484	26.6666660308838
79.9000015258789	20
79.9100036621094	26.6666660308838
79.9199981689453	53.3333320617676
79.9300003051758	33.3333320617676
79.9400024414063	40
79.9499969482422	26.6666660308838
79.9599990844727	33.3333320617676
79.9700012207031	20
79.9800033569336	33.3333320617676
79.9899978637695	46.6666679382324
80	20
80.0100021362305	33.3333320617676
80.0199966430664	20
80.0299987792969	26.6666660308838
80.0400009155273	26.6666660308838
80.0500030517578	20
80.0599975585938	6.66666650772095
80.0699996948242	6.66666650772095
80.0800018310547	26.6666660308838
80.0899963378906	6.66666650772095
80.0999984741211	0
80.1100006103516	40
80.120002746582	33.3333320617676
80.129997253418	33.3333320617676
80.1399993896484	40
80.1500015258789	20
80.1600036621094	26.6666660308838
80.1699981689453	40
80.1800003051758	46.6666679382324
80.1900024414063	53.3333320617676
80.1999969482422	46.6666679382324
80.2099990844727	46.6666679382324
80.2200012207031	46.6666679382324
80.2300033569336	13.3333330154419
80.2399978637695	40
80.25	33.3333320617676
80.2600021362305	40
80.2699966430664	20
80.2799987792969	46.6666679382324
80.2900009155273	40
80.3000030517578	33.3333320617676
80.3099975585938	40
80.3199996948242	53.3333320617676
80.3300018310547	46.6666679382324
80.3399963378906	66.6666641235352
80.3499984741211	20
80.3600006103516	53.3333320617676
80.370002746582	53.3333320617676
80.379997253418	33.3333320617676
80.3899993896484	60
80.4000015258789	46.6666679382324
80.4100036621094	46.6666679382324
80.4199981689453	46.6666679382324
80.4300003051758	40
80.4400024414063	26.6666660308838
80.4499969482422	20
80.4599990844727	40
80.4700012207031	40
80.4800033569336	53.3333320617676
80.4899978637695	26.6666660308838
80.5	40
80.5100021362305	33.3333320617676
80.5199966430664	20
80.5299987792969	33.3333320617676
80.5400009155273	20
80.5500030517578	60
80.5599975585938	33.3333320617676
80.5699996948242	46.6666679382324
80.5800018310547	33.3333320617676
80.5899963378906	20
80.5999984741211	40
80.6100006103516	53.3333320617676
80.620002746582	33.3333320617676
80.629997253418	46.6666679382324
80.6399993896484	13.3333330154419
80.6500015258789	20
80.6600036621094	40
80.6699981689453	33.3333320617676
80.6800003051758	40
80.6900024414063	26.6666660308838
80.6999969482422	20
80.7099990844727	13.3333330154419
80.7200012207031	33.3333320617676
80.7300033569336	33.3333320617676
80.7399978637695	13.3333330154419
80.75	26.6666660308838
80.7600021362305	33.3333320617676
80.7699966430664	33.3333320617676
80.7799987792969	26.6666660308838
80.7900009155273	26.6666660308838
80.8000030517578	33.3333320617676
80.8099975585938	40
80.8199996948242	33.3333320617676
80.8300018310547	46.6666679382324
80.8399963378906	13.3333330154419
80.8499984741211	13.3333330154419
80.8600006103516	26.6666660308838
80.870002746582	33.3333320617676
80.879997253418	33.3333320617676
80.8899993896484	33.3333320617676
80.9000015258789	40
80.9100036621094	13.3333330154419
80.9199981689453	20
80.9300003051758	53.3333320617676
80.9400024414063	40
80.9499969482422	6.66666650772095
80.9599990844727	6.66666650772095
80.9700012207031	33.3333320617676
80.9800033569336	53.3333320617676
80.9899978637695	6.66666650772095
81	26.6666660308838
81.0100021362305	33.3333320617676
81.0199966430664	26.6666660308838
81.0299987792969	26.6666660308838
81.0400009155273	33.3333320617676
81.0500030517578	46.6666679382324
81.0599975585938	33.3333320617676
81.0699996948242	46.6666679382324
81.0800018310547	46.6666679382324
81.0899963378906	40
81.0999984741211	40
81.1100006103516	33.3333320617676
81.120002746582	33.3333320617676
81.129997253418	26.6666660308838
81.1399993896484	20
81.1500015258789	20
81.1600036621094	33.3333320617676
81.1699981689453	13.3333330154419
81.1800003051758	6.66666650772095
81.1900024414063	33.3333320617676
81.1999969482422	26.6666660308838
81.2099990844727	26.6666660308838
81.2200012207031	20
81.2300033569336	46.6666679382324
81.2399978637695	40
81.25	26.6666660308838
81.2600021362305	6.66666650772095
81.2699966430664	46.6666679382324
81.2799987792969	40
81.2900009155273	13.3333330154419
81.3000030517578	20
81.3099975585938	26.6666660308838
81.3199996948242	33.3333320617676
81.3300018310547	46.6666679382324
81.3399963378906	33.3333320617676
81.3499984741211	73.3333358764648
81.3600006103516	33.3333320617676
81.370002746582	33.3333320617676
81.379997253418	40
81.3899993896484	46.6666679382324
81.4000015258789	40
81.4100036621094	66.6666641235352
81.4199981689453	26.6666660308838
81.4300003051758	26.6666660308838
81.4400024414063	26.6666660308838
81.4499969482422	13.3333330154419
81.4599990844727	40
81.4700012207031	33.3333320617676
81.4800033569336	46.6666679382324
81.4899978637695	26.6666660308838
81.5	33.3333320617676
81.5100021362305	20
81.5199966430664	33.3333320617676
81.5299987792969	46.6666679382324
81.5400009155273	13.3333330154419
81.5500030517578	33.3333320617676
81.5599975585938	20
81.5699996948242	26.6666660308838
81.5800018310547	33.3333320617676
81.5899963378906	66.6666641235352
81.5999984741211	46.6666679382324
81.6100006103516	60
81.620002746582	60
81.629997253418	53.3333320617676
81.6399993896484	46.6666679382324
81.6500015258789	40
81.6600036621094	26.6666660308838
81.6699981689453	46.6666679382324
81.6800003051758	40
81.6900024414063	20
81.6999969482422	33.3333320617676
81.7099990844727	40
81.7200012207031	60
81.7300033569336	33.3333320617676
81.7399978637695	33.3333320617676
81.75	26.6666660308838
81.7600021362305	40
81.7699966430664	26.6666660308838
81.7799987792969	20
81.7900009155273	33.3333320617676
81.8000030517578	33.3333320617676
81.8099975585938	13.3333330154419
81.8199996948242	20
81.8300018310547	0
81.8399963378906	6.66666650772095
81.8499984741211	20
81.8600006103516	6.66666650772095
81.870002746582	40
81.879997253418	33.3333320617676
81.8899993896484	20
81.9000015258789	33.3333320617676
81.9100036621094	26.6666660308838
81.9199981689453	40
81.9300003051758	13.3333330154419
81.9400024414063	13.3333330154419
81.9499969482422	33.3333320617676
81.9599990844727	20
81.9700012207031	40
81.9800033569336	40
81.9899978637695	26.6666660308838
82	40
82.0100021362305	33.3333320617676
82.0199966430664	46.6666679382324
82.0299987792969	53.3333320617676
82.0400009155273	26.6666660308838
82.0500030517578	60
82.0599975585938	33.3333320617676
82.0699996948242	13.3333330154419
82.0800018310547	33.3333320617676
82.0899963378906	60
82.0999984741211	40
82.1100006103516	46.6666679382324
82.120002746582	40
82.129997253418	40
82.1399993896484	46.6666679382324
82.1500015258789	20
82.1600036621094	53.3333320617676
82.1699981689453	46.6666679382324
82.1800003051758	40
82.1900024414063	40
82.1999969482422	60
82.2099990844727	53.3333320617676
82.2200012207031	60
82.2300033569336	100
82.2399978637695	40
82.25	73.3333358764648
82.2600021362305	66.6666641235352
82.2699966430664	66.6666641235352
82.2799987792969	80
82.2900009155273	53.3333320617676
82.3000030517578	20
82.3099975585938	80
82.3199996948242	46.6666679382324
82.3300018310547	66.6666641235352
82.3399963378906	46.6666679382324
82.3499984741211	40
82.3600006103516	73.3333358764648
82.370002746582	33.3333320617676
82.379997253418	26.6666660308838
82.3899993896484	26.6666660308838
82.4000015258789	33.3333320617676
82.4100036621094	40
82.4199981689453	33.3333320617676
82.4300003051758	66.6666641235352
82.4400024414063	46.6666679382324
82.4499969482422	60
82.4599990844727	40
82.4700012207031	86.6666641235352
82.4800033569336	73.3333358764648
82.4899978637695	60
82.5	46.6666679382324
82.5100021362305	73.3333358764648
82.5199966430664	40
82.5299987792969	6.66666650772095
82.5400009155273	26.6666660308838
82.5500030517578	33.3333320617676
82.5599975585938	46.6666679382324
82.5699996948242	40
82.5800018310547	33.3333320617676
82.5899963378906	26.6666660308838
82.5999984741211	40
82.6100006103516	73.3333358764648
82.620002746582	73.3333358764648
82.629997253418	60
82.6399993896484	33.3333320617676
82.6500015258789	40
82.6600036621094	53.3333320617676
82.6699981689453	60
82.6800003051758	33.3333320617676
82.6900024414063	46.6666679382324
82.6999969482422	46.6666679382324
82.7099990844727	60
82.7200012207031	26.6666660308838
82.7300033569336	53.3333320617676
82.7399978637695	13.3333330154419
82.75	46.6666679382324
82.7600021362305	46.6666679382324
82.7699966430664	26.6666660308838
82.7799987792969	40
82.7900009155273	33.3333320617676
82.8000030517578	20
82.8099975585938	40
82.8199996948242	66.6666641235352
82.8300018310547	73.3333358764648
82.8399963378906	53.3333320617676
82.8499984741211	33.3333320617676
82.8600006103516	13.3333330154419
82.870002746582	46.6666679382324
82.879997253418	53.3333320617676
82.8899993896484	6.66666650772095
82.9000015258789	40
82.9100036621094	20
82.9199981689453	26.6666660308838
82.9300003051758	26.6666660308838
82.9400024414063	20
82.9499969482422	33.3333320617676
82.9599990844727	26.6666660308838
82.9700012207031	40
82.9800033569336	33.3333320617676
82.9899978637695	46.6666679382324
83	33.3333320617676
83.0100021362305	26.6666660308838
83.0199966430664	40
83.0299987792969	33.3333320617676
83.0400009155273	33.3333320617676
83.0500030517578	26.6666660308838
83.0599975585938	33.3333320617676
83.0699996948242	40
83.0800018310547	40
83.0899963378906	20
83.0999984741211	46.6666679382324
83.1100006103516	60
83.120002746582	26.6666660308838
83.129997253418	40
83.1399993896484	40
83.1500015258789	33.3333320617676
83.1600036621094	33.3333320617676
83.1699981689453	46.6666679382324
83.1800003051758	33.3333320617676
83.1900024414063	26.6666660308838
83.1999969482422	73.3333358764648
83.2099990844727	40
83.2200012207031	13.3333330154419
83.2300033569336	20
83.2399978637695	33.3333320617676
83.25	33.3333320617676
83.2600021362305	13.3333330154419
83.2699966430664	26.6666660308838
83.2799987792969	46.6666679382324
83.2900009155273	26.6666660308838
83.3000030517578	46.6666679382324
83.3099975585938	26.6666660308838
83.3199996948242	40
83.3300018310547	26.6666660308838
83.3399963378906	33.3333320617676
83.3499984741211	26.6666660308838
83.3600006103516	13.3333330154419
83.370002746582	66.6666641235352
83.379997253418	73.3333358764648
83.3899993896484	33.3333320617676
83.4000015258789	6.66666650772095
83.4100036621094	13.3333330154419
83.4199981689453	26.6666660308838
83.4300003051758	33.3333320617676
83.4400024414063	13.3333330154419
83.4499969482422	40
83.4599990844727	26.6666660308838
83.4700012207031	46.6666679382324
83.4800033569336	26.6666660308838
83.4899978637695	20
83.5	40
83.5100021362305	53.3333320617676
83.5199966430664	13.3333330154419
83.5299987792969	20
83.5400009155273	33.3333320617676
83.5500030517578	33.3333320617676
83.5599975585938	13.3333330154419
83.5699996948242	40
83.5800018310547	26.6666660308838
83.5899963378906	53.3333320617676
83.5999984741211	26.6666660308838
83.6100006103516	33.3333320617676
83.620002746582	6.66666650772095
83.629997253418	33.3333320617676
83.6399993896484	20
83.6500015258789	26.6666660308838
83.6600036621094	6.66666650772095
83.6699981689453	33.3333320617676
83.6800003051758	40
83.6900024414063	40
83.6999969482422	26.6666660308838
83.7099990844727	20
83.7200012207031	66.6666641235352
83.7300033569336	26.6666660308838
83.7399978637695	40
83.75	40
83.7600021362305	26.6666660308838
83.7699966430664	46.6666679382324
83.7799987792969	40
83.7900009155273	26.6666660308838
83.8000030517578	26.6666660308838
83.8099975585938	26.6666660308838
83.8199996948242	13.3333330154419
83.8300018310547	46.6666679382324
83.8399963378906	33.3333320617676
83.8499984741211	20
83.8600006103516	26.6666660308838
83.870002746582	46.6666679382324
83.879997253418	20
83.8899993896484	60
83.9000015258789	26.6666660308838
83.9100036621094	33.3333320617676
83.9199981689453	20
83.9300003051758	26.6666660308838
83.9400024414063	46.6666679382324
83.9499969482422	40
83.9599990844727	26.6666660308838
83.9700012207031	26.6666660308838
83.9800033569336	40
83.9899978637695	66.6666641235352
84	46.6666679382324
84.0100021362305	60
84.0199966430664	26.6666660308838
84.0299987792969	66.6666641235352
84.0400009155273	26.6666660308838
84.0500030517578	33.3333320617676
84.0599975585938	33.3333320617676
84.0699996948242	60
84.0800018310547	33.3333320617676
84.0899963378906	13.3333330154419
84.0999984741211	60
84.1100006103516	33.3333320617676
84.120002746582	33.3333320617676
84.129997253418	26.6666660308838
84.1399993896484	33.3333320617676
84.1500015258789	26.6666660308838
84.1600036621094	26.6666660308838
84.1699981689453	20
84.1800003051758	13.3333330154419
84.1900024414063	20
84.1999969482422	53.3333320617676
84.2099990844727	40
84.2200012207031	20
84.2300033569336	13.3333330154419
84.2399978637695	40
84.25	26.6666660308838
84.2600021362305	13.3333330154419
84.2699966430664	26.6666660308838
84.2799987792969	13.3333330154419
84.2900009155273	26.6666660308838
84.3000030517578	33.3333320617676
84.3099975585938	33.3333320617676
84.3199996948242	13.3333330154419
84.3300018310547	33.3333320617676
84.3399963378906	26.6666660308838
84.3499984741211	40
84.3600006103516	33.3333320617676
84.370002746582	33.3333320617676
84.379997253418	53.3333320617676
84.3899993896484	20
84.4000015258789	26.6666660308838
84.4100036621094	6.66666650772095
84.4199981689453	6.66666650772095
84.4300003051758	20
84.4400024414063	26.6666660308838
84.4499969482422	33.3333320617676
84.4599990844727	60
84.4700012207031	53.3333320617676
84.4800033569336	26.6666660308838
84.4899978637695	46.6666679382324
84.5	40
84.5100021362305	46.6666679382324
84.5199966430664	26.6666660308838
84.5299987792969	26.6666660308838
84.5400009155273	13.3333330154419
84.5500030517578	13.3333330154419
84.5599975585938	6.66666650772095
84.5699996948242	33.3333320617676
84.5800018310547	46.6666679382324
84.5899963378906	6.66666650772095
84.5999984741211	26.6666660308838
84.6100006103516	26.6666660308838
84.620002746582	33.3333320617676
84.629997253418	46.6666679382324
84.6399993896484	33.3333320617676
84.6500015258789	26.6666660308838
84.6600036621094	13.3333330154419
84.6699981689453	26.6666660308838
84.6800003051758	40
84.6900024414063	20
84.6999969482422	13.3333330154419
84.7099990844727	6.66666650772095
84.7200012207031	0
84.7300033569336	13.3333330154419
84.7399978637695	13.3333330154419
84.75	26.6666660308838
84.7600021362305	20
84.7699966430664	46.6666679382324
84.7799987792969	20
84.7900009155273	20
84.8000030517578	20
84.8099975585938	6.66666650772095
84.8199996948242	26.6666660308838
84.8300018310547	33.3333320617676
84.8399963378906	6.66666650772095
84.8499984741211	26.6666660308838
84.8600006103516	33.3333320617676
84.870002746582	26.6666660308838
84.879997253418	20
84.8899993896484	26.6666660308838
84.9000015258789	20
84.9100036621094	13.3333330154419
84.9199981689453	33.3333320617676
84.9300003051758	20
84.9400024414063	13.3333330154419
84.9499969482422	20
84.9599990844727	26.6666660308838
84.9700012207031	26.6666660308838
84.9800033569336	20
84.9899978637695	53.3333320617676
85	6.66666650772095
85.0100021362305	13.3333330154419
85.0199966430664	26.6666660308838
85.0299987792969	26.6666660308838
85.0400009155273	6.66666650772095
85.0500030517578	33.3333320617676
85.0599975585938	33.3333320617676
85.0699996948242	20
85.0800018310547	20
85.0899963378906	26.6666660308838
85.0999984741211	13.3333330154419
85.1100006103516	20
85.120002746582	33.3333320617676
85.129997253418	13.3333330154419
85.1399993896484	33.3333320617676
85.1500015258789	26.6666660308838
85.1600036621094	0
85.1699981689453	0
85.1800003051758	53.3333320617676
85.1900024414063	26.6666660308838
85.1999969482422	20
85.2099990844727	13.3333330154419
85.2200012207031	40
85.2300033569336	13.3333330154419
85.2399978637695	13.3333330154419
85.25	20
85.2600021362305	33.3333320617676
85.2699966430664	20
85.2799987792969	33.3333320617676
85.2900009155273	40
85.3000030517578	40
85.3099975585938	13.3333330154419
85.3199996948242	20
85.3300018310547	6.66666650772095
85.3399963378906	53.3333320617676
85.3499984741211	26.6666660308838
85.3600006103516	20
85.370002746582	40
85.379997253418	13.3333330154419
85.3899993896484	20
85.4000015258789	20
85.4100036621094	26.6666660308838
85.4199981689453	13.3333330154419
85.4300003051758	13.3333330154419
85.4400024414063	6.66666650772095
85.4499969482422	13.3333330154419
85.4599990844727	33.3333320617676
85.4700012207031	26.6666660308838
85.4800033569336	13.3333330154419
85.4899978637695	20
85.5	33.3333320617676
85.5100021362305	6.66666650772095
85.5199966430664	20
85.5299987792969	26.6666660308838
85.5400009155273	26.6666660308838
85.5500030517578	53.3333320617676
85.5599975585938	33.3333320617676
85.5699996948242	33.3333320617676
85.5800018310547	20
85.5899963378906	26.6666660308838
85.5999984741211	13.3333330154419
85.6100006103516	33.3333320617676
85.620002746582	40
85.629997253418	13.3333330154419
85.6399993896484	6.66666650772095
85.6500015258789	40
85.6600036621094	13.3333330154419
85.6699981689453	13.3333330154419
85.6800003051758	33.3333320617676
85.6900024414063	20
85.6999969482422	20
85.7099990844727	20
85.7200012207031	0
85.7300033569336	6.66666650772095
85.7399978637695	6.66666650772095
85.75	33.3333320617676
85.7600021362305	46.6666679382324
85.7699966430664	0
85.7799987792969	20
85.7900009155273	26.6666660308838
85.8000030517578	20
85.8099975585938	6.66666650772095
85.8199996948242	26.6666660308838
85.8300018310547	33.3333320617676
85.8399963378906	6.66666650772095
85.8499984741211	13.3333330154419
85.8600006103516	33.3333320617676
85.870002746582	33.3333320617676
85.879997253418	40
85.8899993896484	33.3333320617676
85.9000015258789	33.3333320617676
85.9100036621094	20
85.9199981689453	6.66666650772095
85.9300003051758	20
85.9400024414063	20
85.9499969482422	0
85.9599990844727	20
85.9700012207031	26.6666660308838
85.9800033569336	20
85.9899978637695	20
86	20
86.0100021362305	26.6666660308838
86.0199966430664	26.6666660308838
86.0299987792969	53.3333320617676
86.0400009155273	46.6666679382324
86.0500030517578	33.3333320617676
86.0599975585938	20
86.0699996948242	13.3333330154419
86.0800018310547	6.66666650772095
86.0899963378906	40
86.0999984741211	26.6666660308838
86.1100006103516	33.3333320617676
86.120002746582	33.3333320617676
86.129997253418	6.66666650772095
86.1399993896484	26.6666660308838
86.1500015258789	13.3333330154419
86.1600036621094	13.3333330154419
86.1699981689453	13.3333330154419
86.1800003051758	20
86.1900024414063	33.3333320617676
86.1999969482422	26.6666660308838
86.2099990844727	20
86.2200012207031	40
86.2300033569336	46.6666679382324
86.2399978637695	46.6666679382324
86.25	33.3333320617676
86.2600021362305	40
86.2699966430664	33.3333320617676
86.2799987792969	26.6666660308838
86.2900009155273	26.6666660308838
86.3000030517578	20
86.3099975585938	26.6666660308838
86.3199996948242	33.3333320617676
86.3300018310547	33.3333320617676
86.3399963378906	26.6666660308838
86.3499984741211	33.3333320617676
86.3600006103516	33.3333320617676
86.370002746582	60
86.379997253418	80
86.3899993896484	20
86.4000015258789	6.66666650772095
86.4100036621094	33.3333320617676
86.4199981689453	46.6666679382324
86.4300003051758	26.6666660308838
86.4400024414063	46.6666679382324
86.4499969482422	40
86.4599990844727	60
86.4700012207031	46.6666679382324
86.4800033569336	53.3333320617676
86.4899978637695	26.6666660308838
86.5	40
86.5100021362305	66.6666641235352
86.5199966430664	60
86.5299987792969	40
86.5400009155273	53.3333320617676
86.5500030517578	53.3333320617676
86.5599975585938	53.3333320617676
86.5699996948242	73.3333358764648
86.5800018310547	33.3333320617676
86.5899963378906	66.6666641235352
86.5999984741211	86.6666641235352
86.6100006103516	86.6666641235352
86.620002746582	33.3333320617676
86.629997253418	66.6666641235352
86.6399993896484	86.6666641235352
86.6500015258789	106.666664123535
86.6600036621094	120
86.6699981689453	106.666664123535
86.6800003051758	106.666664123535
86.6900024414063	113.333335876465
86.6999969482422	113.333335876465
86.7099990844727	93.3333358764648
86.7200012207031	66.6666641235352
86.7300033569336	73.3333358764648
86.7399978637695	106.666664123535
86.75	53.3333320617676
86.7600021362305	93.3333358764648
86.7699966430664	66.6666641235352
86.7799987792969	80
86.7900009155273	86.6666641235352
86.8000030517578	60
86.8099975585938	73.3333358764648
86.8199996948242	60
86.8300018310547	53.3333320617676
86.8399963378906	86.6666641235352
86.8499984741211	53.3333320617676
86.8600006103516	60
86.870002746582	60
86.879997253418	66.6666641235352
86.8899993896484	66.6666641235352
86.9000015258789	73.3333358764648
86.9100036621094	40
86.9199981689453	60
86.9300003051758	66.6666641235352
86.9400024414063	53.3333320617676
86.9499969482422	73.3333358764648
86.9599990844727	46.6666679382324
86.9700012207031	53.3333320617676
86.9800033569336	33.3333320617676
86.9899978637695	86.6666641235352
87	60
87.0100021362305	66.6666641235352
87.0199966430664	60
87.0299987792969	53.3333320617676
87.0400009155273	53.3333320617676
87.0500030517578	33.3333320617676
87.0599975585938	20
87.0699996948242	40
87.0800018310547	40
87.0899963378906	46.6666679382324
87.0999984741211	40
87.1100006103516	33.3333320617676
87.120002746582	60
87.129997253418	26.6666660308838
87.1399993896484	60
87.1500015258789	26.6666660308838
87.1600036621094	26.6666660308838
87.1699981689453	40
87.1800003051758	26.6666660308838
87.1900024414063	46.6666679382324
87.1999969482422	13.3333330154419
87.2099990844727	13.3333330154419
87.2200012207031	0
87.2300033569336	13.3333330154419
87.2399978637695	26.6666660308838
87.25	20
87.2600021362305	33.3333320617676
87.2699966430664	53.3333320617676
87.2799987792969	53.3333320617676
87.2900009155273	40
87.3000030517578	40
87.3099975585938	40
87.3199996948242	13.3333330154419
87.3300018310547	26.6666660308838
87.3399963378906	26.6666660308838
87.3499984741211	33.3333320617676
87.3600006103516	26.6666660308838
87.370002746582	26.6666660308838
87.379997253418	13.3333330154419
87.3899993896484	20
87.4000015258789	13.3333330154419
87.4100036621094	20
87.4199981689453	13.3333330154419
87.4300003051758	20
87.4400024414063	20
87.4499969482422	33.3333320617676
87.4599990844727	46.6666679382324
87.4700012207031	13.3333330154419
87.4800033569336	0
87.4899978637695	0
87.5	6.66666650772095
87.5100021362305	6.66666650772095
87.5199966430664	20
87.5299987792969	40
87.5400009155273	26.6666660308838
87.5500030517578	20
87.5599975585938	20
87.5699996948242	33.3333320617676
87.5800018310547	33.3333320617676
87.5899963378906	26.6666660308838
87.5999984741211	20
87.6100006103516	33.3333320617676
87.620002746582	20
87.629997253418	6.66666650772095
87.6399993896484	20
87.6500015258789	13.3333330154419
87.6600036621094	26.6666660308838
87.6699981689453	20
87.6800003051758	26.6666660308838
87.6900024414063	13.3333330154419
87.6999969482422	20
87.7099990844727	20
87.7200012207031	26.6666660308838
87.7300033569336	33.3333320617676
87.7399978637695	40
87.75	13.3333330154419
87.7600021362305	26.6666660308838
87.7699966430664	33.3333320617676
87.7799987792969	13.3333330154419
87.7900009155273	20
87.8000030517578	26.6666660308838
87.8099975585938	6.66666650772095
87.8199996948242	20
87.8300018310547	40
87.8399963378906	33.3333320617676
87.8499984741211	13.3333330154419
87.8600006103516	13.3333330154419
87.870002746582	26.6666660308838
87.879997253418	33.3333320617676
87.8899993896484	20
87.9000015258789	13.3333330154419
87.9100036621094	6.66666650772095
87.9199981689453	6.66666650772095
87.9300003051758	6.66666650772095
87.9400024414063	20
87.9499969482422	20
87.9599990844727	26.6666660308838
87.9700012207031	6.66666650772095
87.9800033569336	13.3333330154419
87.9899978637695	20
88	26.6666660308838
88.0100021362305	46.6666679382324
88.0199966430664	13.3333330154419
88.0299987792969	13.3333330154419
88.0400009155273	26.6666660308838
88.0500030517578	60
88.0599975585938	40
88.0699996948242	6.66666650772095
88.0800018310547	46.6666679382324
88.0899963378906	46.6666679382324
88.0999984741211	6.66666650772095
88.1100006103516	13.3333330154419
88.120002746582	33.3333320617676
88.129997253418	20
88.1399993896484	40
88.1500015258789	26.6666660308838
88.1600036621094	33.3333320617676
88.1699981689453	26.6666660308838
88.1800003051758	26.6666660308838
88.1900024414063	40
88.1999969482422	26.6666660308838
88.2099990844727	20
88.2200012207031	40
88.2300033569336	20
88.2399978637695	26.6666660308838
88.25	40
88.2600021362305	46.6666679382324
88.2699966430664	33.3333320617676
88.2799987792969	33.3333320617676
88.2900009155273	46.6666679382324
88.3000030517578	20
88.3099975585938	33.3333320617676
88.3199996948242	33.3333320617676
88.3300018310547	20
88.3399963378906	40
88.3499984741211	40
88.3600006103516	13.3333330154419
88.370002746582	6.66666650772095
88.379997253418	26.6666660308838
88.3899993896484	26.6666660308838
88.4000015258789	40
88.4100036621094	13.3333330154419
88.4199981689453	6.66666650772095
88.4300003051758	33.3333320617676
88.4400024414063	13.3333330154419
88.4499969482422	40
88.4599990844727	53.3333320617676
88.4700012207031	40
88.4800033569336	13.3333330154419
88.4899978637695	33.3333320617676
88.5	33.3333320617676
88.5100021362305	13.3333330154419
88.5199966430664	26.6666660308838
88.5299987792969	20
88.5400009155273	20
88.5500030517578	53.3333320617676
88.5599975585938	26.6666660308838
88.5699996948242	26.6666660308838
88.5800018310547	20
88.5899963378906	26.6666660308838
88.5999984741211	26.6666660308838
88.6100006103516	20
88.620002746582	40
88.629997253418	46.6666679382324
88.6399993896484	33.3333320617676
88.6500015258789	33.3333320617676
88.6600036621094	40
88.6699981689453	33.3333320617676
88.6800003051758	40
88.6900024414063	33.3333320617676
88.6999969482422	13.3333330154419
88.7099990844727	6.66666650772095
88.7200012207031	26.6666660308838
88.7300033569336	53.3333320617676
88.7399978637695	20
88.75	33.3333320617676
88.7600021362305	33.3333320617676
88.7699966430664	0
88.7799987792969	20
88.7900009155273	33.3333320617676
88.8000030517578	40
88.8099975585938	20
88.8199996948242	26.6666660308838
88.8300018310547	13.3333330154419
88.8399963378906	20
88.8499984741211	33.3333320617676
88.8600006103516	26.6666660308838
88.870002746582	6.66666650772095
88.879997253418	6.66666650772095
88.8899993896484	33.3333320617676
88.9000015258789	20
88.9100036621094	33.3333320617676
88.9199981689453	13.3333330154419
88.9300003051758	46.6666679382324
88.9400024414063	13.3333330154419
88.9499969482422	20
88.9599990844727	20
88.9700012207031	60
88.9800033569336	33.3333320617676
88.9899978637695	40
89	40
89.0100021362305	33.3333320617676
89.0199966430664	26.6666660308838
89.0299987792969	20
89.0400009155273	40
89.0500030517578	20
89.0599975585938	13.3333330154419
89.0699996948242	26.6666660308838
89.0800018310547	40
89.0899963378906	20
89.0999984741211	26.6666660308838
89.1100006103516	46.6666679382324
89.120002746582	20
89.129997253418	40
89.1399993896484	20
89.1500015258789	40
89.1600036621094	26.6666660308838
89.1699981689453	26.6666660308838
89.1800003051758	20
89.1900024414063	20
89.1999969482422	26.6666660308838
89.2099990844727	20
89.2200012207031	6.66666650772095
89.2300033569336	26.6666660308838
89.2399978637695	26.6666660308838
89.25	46.6666679382324
89.2600021362305	13.3333330154419
89.2699966430664	20
89.2799987792969	46.6666679382324
89.2900009155273	20
89.3000030517578	20
89.3099975585938	46.6666679382324
89.3199996948242	26.6666660308838
89.3300018310547	26.6666660308838
89.3399963378906	26.6666660308838
89.3499984741211	46.6666679382324
89.3600006103516	26.6666660308838
89.370002746582	40
89.379997253418	53.3333320617676
89.3899993896484	13.3333330154419
89.4000015258789	13.3333330154419
89.4100036621094	26.6666660308838
89.4199981689453	26.6666660308838
89.4300003051758	20
89.4400024414063	26.6666660308838
89.4499969482422	26.6666660308838
89.4599990844727	26.6666660308838
89.4700012207031	46.6666679382324
89.4800033569336	40
89.4899978637695	33.3333320617676
89.5	20
89.5100021362305	33.3333320617676
89.5199966430664	33.3333320617676
89.5299987792969	20
89.5400009155273	33.3333320617676
89.5500030517578	33.3333320617676
89.5599975585938	13.3333330154419
89.5699996948242	13.3333330154419
89.5800018310547	20
89.5899963378906	20
89.5999984741211	20
89.6100006103516	20
89.620002746582	13.3333330154419
89.629997253418	33.3333320617676
89.6399993896484	40
89.6500015258789	26.6666660308838
89.6600036621094	20
89.6699981689453	26.6666660308838
89.6800003051758	33.3333320617676
89.6900024414063	13.3333330154419
89.6999969482422	26.6666660308838
89.7099990844727	33.3333320617676
89.7200012207031	33.3333320617676
89.7300033569336	40
89.7399978637695	26.6666660308838
89.75	6.66666650772095
89.7600021362305	26.6666660308838
89.7699966430664	20
89.7799987792969	60
89.7900009155273	20
89.8000030517578	40
89.8099975585938	46.6666679382324
89.8199996948242	46.6666679382324
89.8300018310547	40
89.8399963378906	26.6666660308838
89.8499984741211	33.3333320617676
89.8600006103516	6.66666650772095
89.870002746582	33.3333320617676
89.879997253418	26.6666660308838
89.8899993896484	20
89.9000015258789	13.3333330154419
89.9100036621094	6.66666650772095
89.9199981689453	13.3333330154419
89.9300003051758	6.66666650772095
89.9400024414063	13.3333330154419
89.9499969482422	33.3333320617676
89.9599990844727	40
89.9700012207031	33.3333320617676
89.9800033569336	26.6666660308838
89.9899978637695	40
90	46.6666679382324
